contract_version,is_synthetic,source,ingested_at,borehole_id,from_depth_m,to_depth_m,mn_pct,fe_pct,sio2_pct,p_pct,al2o3_pct,recovery_pct,assay_method
1.0.0,True,nakshatra-synthetic-v1,2026-09-25T11:28:20.401235,MOIL-BAL-01-BH-001,0.0,4.28,2.56,7.42,49.82,0.135,,92.8,XRF (synthetic)
1.0.0,True,nakshatra-synthetic-v1,2026-09-25T11:28:20.401259,MOIL-BAL-01-BH-001,4.28,8.72,0.86,5.92,38.21,0.111,,87.5,XRF (synthetic)
1.0.0,True,nakshatra-synthetic-v1,2026-09-25T11:28:20.401275,MOIL-BAL-01-BH-001,8.72,10.53,3.28,7.35,40.77,0.18,,100.0,XRF (synthetic)
1.0.0,True,nakshatra-synthetic-v1,2026-09-25T11:28:20.401289,MOIL-BAL-01-BH-001,10.53,16.53,1.42,8.4,45.43,0.086,,87.6,XRF (synthetic)
1.0.0,True,nakshatra-synthetic-v1,2026-09-25T11:28:20.401303,MOIL-BAL-01-BH-001,16.53,21.43,1.48,1.55,48.03,0.137,,88.4,XRF (synthetic)
1.0.0,True,nakshatra-synthetic-v1,2026-09-25T11:28:20.401316,MOIL-BAL-01-BH-001,21.43,25.17,6.46,3.9,55.31,0.19,,91.2,XRF (synthetic)
1.0.0,True,nakshatra-synthetic-v1,2026-09-25T11:28:20.401329,MOIL-BAL-01-BH-001,25.17,31.17,2.19,4.17,38.37,0.088,,90.3,XRF (synthetic)
1.0.0,True,nakshatra-synthetic-v1,2026-09-25T11:28:20.401342,MOIL-BAL-01-BH-001,31.17,36.84,2.65,2.04,55.42,0.066,,100.0,XRF (synthetic)
1.0.0,True,nakshatra-synthetic-v1,2026-09-25T11:28:20.401356,MOIL-BAL-01-BH-001,36.84,38.72,1.73,4.53,45.32,0.16,,94.0,XRF (synthetic)
1.0.0,True,nakshatra-synthetic-v1,2026-09-25T11:28:20.401369,MOIL-BAL-01-BH-001,38.72,42.63,1.18,7.55,54.5,0.183,,94.5,XRF (synthetic)
1.0.0,True,nakshatra-synthetic-v1,2026-09-25T11:28:20.401382,MOIL-BAL-01-BH-001,42.63,48.63,3.0,6.38,48.33,0.08,,97.8,XRF (synthetic)
1.0.0,True,nakshatra-synthetic-v1,2026-09-25T11:28:20.401395,MOIL-BAL-01-BH-001,48.63,54.63,0.91,4.73,46.1,0.102,,98.3,XRF (synthetic)
1.0.0,True,nakshatra-synthetic-v1,2026-09-25T11:28:20.401408,MOIL-BAL-01-BH-001,54.63,56.1,3.97,5.18,40.45,0.115,,89.4,XRF (synthetic)
1.0.0,True,nakshatra-synthetic-v1,2026-09-25T11:28:20.401421,MOIL-BAL-01-BH-001,56.1,57.5,0.46,7.94,48.94,0.107,,97.4,XRF (synthetic)
1.0.0,True,nakshatra-synthetic-v1,2026-09-25T11:28:20.401435,MOIL-BAL-01-BH-001,57.5,63.5,0.23,2.26,55.48,0.029,,92.9,XRF (synthetic)
1.0.0,True,nakshatra-synthetic-v1,2026-09-25T11:28:20.401448,MOIL-BAL-01-BH-001,63.5,65.34,0.71,8.41,26.33,0.127,,93.5,XRF (synthetic)
1.0.0,True,nakshatra-synthetic-v1,2026-09-25T11:28:20.401461,MOIL-BAL-01-BH-001,65.34,69.3,0.38,6.92,42.55,0.189,,91.1,XRF (synthetic)
1.0.0,True,nakshatra-synthetic-v1,2026-09-25T11:28:20.401474,MOIL-BAL-01-BH-001,69.3,75.07,51.77,8.57,14.98,0.108,,100.0,XRF (synthetic)
1.0.0,True,nakshatra-synthetic-v1,2026-09-25T11:28:20.401488,MOIL-BAL-01-BH-001,75.07,76.11,1.99,10.58,47.04,0.157,,87.6,XRF (synthetic)
1.0.0,True,nakshatra-synthetic-v1,2026-09-25T11:28:20.401501,MOIL-BAL-01-BH-001,76.11,78.69,3.04,5.43,48.89,0.122,,90.2,XRF (synthetic)
1.0.0,True,nakshatra-synthetic-v1,2026-09-25T11:28:20.401514,MOIL-BAL-01-BH-001,78.69,79.19,1.36,5.48,45.03,0.078,,97.3,XRF (synthetic)
1.0.0,True,nakshatra-synthetic-v1,2026-09-25T11:28:20.401527,MOIL-BAL-01-BH-001,79.19,82.67,4.36,8.82,44.04,0.056,,89.4,XRF (synthetic)
1.0.0,True,nakshatra-synthetic-v1,2026-09-25T11:28:20.401540,MOIL-BAL-01-BH-001,82.67,88.45,3.27,4.19,42.82,0.134,,95.0,XRF (synthetic)
1.0.0,True,nakshatra-synthetic-v1,2026-09-25T11:28:20.401554,MOIL-BAL-01-BH-001,88.45,93.43,0.91,2.78,37.41,0.061,,90.4,XRF (synthetic)
1.0.0,True,nakshatra-synthetic-v1,2026-09-25T11:28:20.401567,MOIL-BAL-01-BH-001,93.43,95.2,1.01,2.62,50.55,0.228,,85.8,XRF (synthetic)
1.0.0,True,nakshatra-synthetic-v1,2026-09-25T11:28:20.401580,MOIL-BAL-01-BH-001,95.2,97.14,1.21,5.45,47.58,0.214,,95.3,XRF (synthetic)
1.0.0,True,nakshatra-synthetic-v1,2026-09-25T11:28:20.401593,MOIL-BAL-01-BH-001,97.14,99.0,1.06,6.98,45.53,0.104,,86.6,XRF (synthetic)
1.0.0,True,nakshatra-synthetic-v1,2026-09-25T11:28:20.401606,MOIL-BAL-01-BH-001,99.0,105.0,3.31,6.92,41.82,0.118,,83.4,XRF (synthetic)
1.0.0,True,nakshatra-synthetic-v1,2026-09-25T11:28:20.401619,MOIL-BAL-01-BH-001,105.0,107.43,1.54,2.86,42.96,0.132,,88.9,XRF (synthetic)
1.0.0,True,nakshatra-synthetic-v1,2026-09-25T11:28:20.401632,MOIL-BAL-01-BH-001,107.43,113.19,0.54,8.17,39.77,0.137,,91.5,XRF (synthetic)
1.0.0,True,nakshatra-synthetic-v1,2026-09-25T11:28:20.401645,MOIL-BAL-01-BH-001,113.19,115.2,1.57,0.11,34.05,0.07,,91.1,XRF (synthetic)
1.0.0,True,nakshatra-synthetic-v1,2026-09-25T11:28:20.401658,MOIL-BAL-01-BH-001,115.2,115.7,2.04,5.94,44.18,0.146,,87.7,XRF (synthetic)
1.0.0,True,nakshatra-synthetic-v1,2026-09-25T11:28:20.401671,MOIL-BAL-01-BH-001,115.7,118.4,0.75,6.38,48.31,0.169,,89.8,XRF (synthetic)
1.0.0,True,nakshatra-synthetic-v1,2026-09-25T11:28:20.401688,MOIL-BAL-01-BH-002,0.0,6.0,5.64,3.92,60.81,0.105,,89.7,XRF (synthetic)
1.0.0,True,nakshatra-synthetic-v1,2026-09-25T11:28:20.401701,MOIL-BAL-01-BH-002,6.0,7.28,2.94,5.22,34.04,0.094,,87.3,XRF (synthetic)
1.0.0,True,nakshatra-synthetic-v1,2026-09-25T11:28:20.401714,MOIL-BAL-01-BH-002,7.28,12.36,0.07,0.66,44.83,0.052,,100.0,XRF (synthetic)
1.0.0,True,nakshatra-synthetic-v1,2026-09-25T11:28:20.401727,MOIL-BAL-01-BH-002,12.36,14.73,4.82,5.22,49.71,0.087,,94.1,XRF (synthetic)
1.0.0,True,nakshatra-synthetic-v1,2026-09-25T11:28:20.401740,MOIL-BAL-01-BH-002,14.73,19.02,4.08,7.52,45.77,0.156,,90.0,XRF (synthetic)
1.0.0,True,nakshatra-synthetic-v1,2026-09-25T11:28:20.401753,MOIL-BAL-01-BH-002,19.02,22.88,1.95,4.53,46.99,0.125,,89.3,XRF (synthetic)
1.0.0,True,nakshatra-synthetic-v1,2026-09-25T11:28:20.401766,MOIL-BAL-01-BH-002,22.88,23.93,0.59,6.29,48.66,0.107,,88.6,XRF (synthetic)
1.0.0,True,nakshatra-synthetic-v1,2026-09-25T11:28:20.401779,MOIL-BAL-01-BH-002,23.93,28.59,3.52,5.27,42.66,0.121,,96.6,XRF (synthetic)
1.0.0,True,nakshatra-synthetic-v1,2026-09-25T11:28:20.401792,MOIL-BAL-01-BH-002,28.59,29.09,0.14,4.38,44.15,0.167,,99.0,XRF (synthetic)
1.0.0,True,nakshatra-synthetic-v1,2026-09-25T11:28:20.401805,MOIL-BAL-01-BH-002,29.09,35.09,0.72,5.62,52.03,0.106,,82.8,XRF (synthetic)
1.0.0,True,nakshatra-synthetic-v1,2026-09-25T11:28:20.401818,MOIL-BAL-01-BH-002,35.09,41.09,0.81,7.16,42.69,0.078,,90.1,XRF (synthetic)
1.0.0,True,nakshatra-synthetic-v1,2026-09-25T11:28:20.401831,MOIL-BAL-01-BH-002,41.09,44.32,40.72,10.33,12.67,0.074,,99.0,XRF (synthetic)
1.0.0,True,nakshatra-synthetic-v1,2026-09-25T11:28:20.401845,MOIL-BAL-01-BH-002,44.32,50.32,0.27,2.79,49.91,0.122,,96.8,XRF (synthetic)
1.0.0,True,nakshatra-synthetic-v1,2026-09-25T11:28:20.401858,MOIL-BAL-01-BH-002,50.32,53.04,0.49,3.98,48.3,0.141,,92.2,XRF (synthetic)
1.0.0,True,nakshatra-synthetic-v1,2026-09-25T11:28:20.401870,MOIL-BAL-01-BH-002,53.04,56.52,3.59,0.1,41.27,0.12,,92.9,XRF (synthetic)
1.0.0,True,nakshatra-synthetic-v1,2026-09-25T11:28:20.401883,MOIL-BAL-01-BH-002,56.52,60.54,0.9,5.32,41.27,0.164,,94.3,XRF (synthetic)
1.0.0,True,nakshatra-synthetic-v1,2026-09-25T11:28:20.401896,MOIL-BAL-01-BH-002,60.54,61.97,2.05,3.33,48.86,0.159,,100.0,XRF (synthetic)
1.0.0,True,nakshatra-synthetic-v1,2026-09-25T11:28:20.401909,MOIL-BAL-01-BH-002,61.97,67.97,2.13,2.62,45.79,0.123,,92.7,XRF (synthetic)
1.0.0,True,nakshatra-synthetic-v1,2026-09-25T11:28:20.401923,MOIL-BAL-01-BH-002,67.97,70.27,6.28,6.85,39.94,0.157,,91.1,XRF (synthetic)
1.0.0,True,nakshatra-synthetic-v1,2026-09-25T11:28:20.401936,MOIL-BAL-01-BH-002,70.27,75.6,1.26,1.9,50.82,0.118,,85.6,XRF (synthetic)
1.0.0,True,nakshatra-synthetic-v1,2026-09-25T11:28:20.401949,MOIL-BAL-01-BH-002,75.6,81.6,5.11,5.6,42.82,0.13,,96.7,XRF (synthetic)
1.0.0,True,nakshatra-synthetic-v1,2026-09-25T11:28:20.401962,MOIL-BAL-01-BH-002,81.6,84.23,1.13,4.22,43.08,0.07,,95.8,XRF (synthetic)
1.0.0,True,nakshatra-synthetic-v1,2026-09-25T11:28:20.401975,MOIL-BAL-01-BH-002,84.23,86.97,1.75,4.67,50.91,0.168,,96.4,XRF (synthetic)
1.0.0,True,nakshatra-synthetic-v1,2026-09-25T11:28:20.401988,MOIL-BAL-01-BH-002,86.97,89.24,0.68,6.69,41.8,0.135,,94.3,XRF (synthetic)
1.0.0,True,nakshatra-synthetic-v1,2026-09-25T11:28:20.402001,MOIL-BAL-01-BH-002,89.24,90.07,1.99,7.39,47.41,0.086,,83.8,XRF (synthetic)
1.0.0,True,nakshatra-synthetic-v1,2026-09-25T11:28:20.402014,MOIL-BAL-01-BH-002,90.07,92.72,2.47,1.92,49.17,0.048,,87.6,XRF (synthetic)
1.0.0,True,nakshatra-synthetic-v1,2026-09-25T11:28:20.402027,MOIL-BAL-01-BH-002,92.72,98.72,1.42,6.35,40.8,0.043,,88.8,XRF (synthetic)
1.0.0,True,nakshatra-synthetic-v1,2026-09-25T11:28:20.402040,MOIL-BAL-01-BH-002,98.72,102.36,1.08,7.6,44.67,0.103,,87.2,XRF (synthetic)
1.0.0,True,nakshatra-synthetic-v1,2026-09-25T11:28:20.402053,MOIL-BAL-01-BH-002,102.36,104.98,3.99,6.6,51.89,0.15,,89.5,XRF (synthetic)
1.0.0,True,nakshatra-synthetic-v1,2026-09-25T11:28:20.402066,MOIL-BAL-01-BH-002,104.98,107.0,0.45,8.94,46.6,0.073,,97.5,XRF (synthetic)
1.0.0,True,nakshatra-synthetic-v1,2026-09-25T11:28:20.402079,MOIL-BAL-01-BH-002,107.0,109.78,3.53,4.83,32.14,0.102,,87.7,XRF (synthetic)
1.0.0,True,nakshatra-synthetic-v1,2026-09-25T11:28:20.402092,MOIL-BAL-01-BH-002,109.78,112.26,0.45,1.86,38.44,0.119,,90.6,XRF (synthetic)
1.0.0,True,nakshatra-synthetic-v1,2026-09-25T11:28:20.402105,MOIL-BAL-01-BH-002,112.26,114.02,0.91,7.06,46.21,0.013,,98.4,XRF (synthetic)
1.0.0,True,nakshatra-synthetic-v1,2026-09-25T11:28:20.402118,MOIL-BAL-01-BH-002,114.02,114.78,2.13,6.2,49.25,0.108,,88.0,XRF (synthetic)
1.0.0,True,nakshatra-synthetic-v1,2026-09-25T11:28:20.402131,MOIL-BAL-01-BH-002,114.78,115.84,0.8,4.95,41.19,0.18,,90.2,XRF (synthetic)
1.0.0,True,nakshatra-synthetic-v1,2026-09-25T11:28:20.402144,MOIL-BAL-01-BH-002,115.84,117.3,0.59,6.64,38.8,0.184,,94.8,XRF (synthetic)
1.0.0,True,nakshatra-synthetic-v1,2026-09-25T11:28:20.402157,MOIL-BAL-01-BH-002,117.3,119.42,0.81,10.53,46.54,0.143,,99.7,XRF (synthetic)
1.0.0,True,nakshatra-synthetic-v1,2026-09-25T11:28:20.402170,MOIL-BAL-01-BH-002,119.42,120.1,0.21,5.59,48.37,0.058,,85.0,XRF (synthetic)
1.0.0,True,nakshatra-synthetic-v1,2026-09-25T11:28:20.402183,MOIL-BAL-01-BH-002,120.1,121.53,2.42,5.27,48.78,0.192,,98.3,XRF (synthetic)
1.0.0,True,nakshatra-synthetic-v1,2026-09-25T11:28:20.402196,MOIL-BAL-01-BH-002,121.53,123.52,0.58,4.69,37.85,0.103,,86.2,XRF (synthetic)
1.0.0,True,nakshatra-synthetic-v1,2026-09-25T11:28:20.402209,MOIL-BAL-01-BH-002,123.52,124.61,2.24,4.0,44.71,0.089,,100.0,XRF (synthetic)
1.0.0,True,nakshatra-synthetic-v1,2026-09-25T11:28:20.402222,MOIL-BAL-01-BH-002,124.61,127.18,2.42,5.01,46.88,0.137,,88.8,XRF (synthetic)
1.0.0,True,nakshatra-synthetic-v1,2026-09-25T11:28:20.402235,MOIL-BAL-01-BH-002,127.18,128.8,1.72,3.18,48.09,0.158,,96.9,XRF (synthetic)
1.0.0,True,nakshatra-synthetic-v1,2026-09-25T11:28:20.402249,MOIL-BAL-01-BH-002,128.8,132.69,6.1,1.63,43.05,0.164,,95.2,XRF (synthetic)
1.0.0,True,nakshatra-synthetic-v1,2026-09-25T11:28:20.402262,MOIL-BAL-01-BH-002,132.69,133.1,4.11,4.39,53.94,0.155,,84.0,XRF (synthetic)
1.0.0,True,nakshatra-synthetic-v1,2026-09-25T11:28:20.402278,MOIL-BAL-01-BH-003,0.0,1.32,3.41,6.34,48.04,0.114,,97.2,XRF (synthetic)
1.0.0,True,nakshatra-synthetic-v1,2026-09-25T11:28:20.402291,MOIL-BAL-01-BH-003,1.32,3.22,3.65,7.5,44.26,0.102,,96.1,XRF (synthetic)
1.0.0,True,nakshatra-synthetic-v1,2026-09-25T11:28:20.402303,MOIL-BAL-01-BH-003,3.22,5.82,0.13,6.46,42.23,0.167,,100.0,XRF (synthetic)
1.0.0,True,nakshatra-synthetic-v1,2026-09-25T11:28:20.402316,MOIL-BAL-01-BH-003,5.82,8.07,0.19,3.91,50.9,0.182,,100.0,XRF (synthetic)
1.0.0,True,nakshatra-synthetic-v1,2026-09-25T11:28:20.402329,MOIL-BAL-01-BH-003,8.07,10.12,0.13,7.4,51.32,0.144,,94.0,XRF (synthetic)
1.0.0,True,nakshatra-synthetic-v1,2026-09-25T11:28:20.402342,MOIL-BAL-01-BH-003,10.12,11.19,2.32,7.18,45.48,0.12,,89.1,XRF (synthetic)
1.0.0,True,nakshatra-synthetic-v1,2026-09-25T11:28:20.402355,MOIL-BAL-01-BH-003,11.19,14.04,1.42,1.17,52.61,0.092,,97.4,XRF (synthetic)
1.0.0,True,nakshatra-synthetic-v1,2026-09-25T11:28:20.402368,MOIL-BAL-01-BH-003,14.04,16.81,1.69,2.14,39.27,0.119,,91.1,XRF (synthetic)
1.0.0,True,nakshatra-synthetic-v1,2026-09-25T11:28:20.402381,MOIL-BAL-01-BH-003,16.81,22.81,3.86,4.16,48.1,0.171,,98.6,XRF (synthetic)
1.0.0,True,nakshatra-synthetic-v1,2026-09-25T11:28:20.402394,MOIL-BAL-01-BH-003,22.81,24.12,2.3,2.56,41.95,0.11,,94.4,XRF (synthetic)
1.0.0,True,nakshatra-synthetic-v1,2026-09-25T11:28:20.402407,MOIL-BAL-01-BH-003,24.12,25.86,0.84,2.19,32.33,0.101,,100.0,XRF (synthetic)
1.0.0,True,nakshatra-synthetic-v1,2026-09-25T11:28:20.402420,MOIL-BAL-01-BH-003,25.86,31.86,0.48,3.07,45.04,0.097,,94.6,XRF (synthetic)
1.0.0,True,nakshatra-synthetic-v1,2026-09-25T11:28:20.402433,MOIL-BAL-01-BH-003,31.86,32.8,3.47,1.9,48.03,0.073,,93.7,XRF (synthetic)
1.0.0,True,nakshatra-synthetic-v1,2026-09-25T11:28:20.402446,MOIL-BAL-01-BH-003,32.8,38.8,6.41,9.1,53.9,0.186,,86.1,XRF (synthetic)
1.0.0,True,nakshatra-synthetic-v1,2026-09-25T11:28:20.402459,MOIL-BAL-01-BH-003,38.8,40.47,3.12,4.63,48.39,0.1,,89.9,XRF (synthetic)
1.0.0,True,nakshatra-synthetic-v1,2026-09-25T11:28:20.402472,MOIL-BAL-01-BH-003,40.47,43.93,0.98,1.78,49.59,0.116,,93.1,XRF (synthetic)
1.0.0,True,nakshatra-synthetic-v1,2026-09-25T11:28:20.402485,MOIL-BAL-01-BH-003,43.93,44.43,4.05,4.36,48.14,0.049,,82.6,XRF (synthetic)
1.0.0,True,nakshatra-synthetic-v1,2026-09-25T11:28:20.402498,MOIL-BAL-01-BH-003,44.43,50.43,1.98,5.04,38.86,0.101,,85.7,XRF (synthetic)
1.0.0,True,nakshatra-synthetic-v1,2026-09-25T11:28:20.402511,MOIL-BAL-01-BH-003,50.43,55.13,0.71,4.46,49.87,0.139,,92.0,XRF (synthetic)
1.0.0,True,nakshatra-synthetic-v1,2026-09-25T11:28:20.402524,MOIL-BAL-01-BH-003,55.13,59.49,3.04,2.48,48.36,0.162,,92.1,XRF (synthetic)
1.0.0,True,nakshatra-synthetic-v1,2026-09-25T11:28:20.402537,MOIL-BAL-01-BH-003,59.49,60.32,1.84,7.0,40.94,0.123,,100.0,XRF (synthetic)
1.0.0,True,nakshatra-synthetic-v1,2026-09-25T11:28:20.402550,MOIL-BAL-01-BH-003,60.32,66.32,1.1,4.85,56.88,0.128,,96.7,XRF (synthetic)
1.0.0,True,nakshatra-synthetic-v1,2026-09-25T11:28:20.402563,MOIL-BAL-01-BH-003,66.32,68.21,4.62,4.34,54.63,0.128,,94.7,XRF (synthetic)
1.0.0,True,nakshatra-synthetic-v1,2026-09-25T11:28:20.402576,MOIL-BAL-01-BH-003,68.21,74.21,2.51,5.98,47.5,0.044,,85.0,XRF (synthetic)
1.0.0,True,nakshatra-synthetic-v1,2026-09-25T11:28:20.402589,MOIL-BAL-01-BH-003,74.21,75.25,33.98,9.15,8.78,0.123,,92.4,XRF (synthetic)
1.0.0,True,nakshatra-synthetic-v1,2026-09-25T11:28:20.402602,MOIL-BAL-01-BH-003,75.25,81.25,38.32,9.48,12.46,0.137,,99.1,XRF (synthetic)
1.0.0,True,nakshatra-synthetic-v1,2026-09-25T11:28:20.402614,MOIL-BAL-01-BH-003,81.25,82.14,3.7,8.17,30.29,0.072,,100.0,XRF (synthetic)
1.0.0,True,nakshatra-synthetic-v1,2026-09-25T11:28:20.402627,MOIL-BAL-01-BH-003,82.14,87.48,6.55,3.37,37.3,0.197,,85.9,XRF (synthetic)
1.0.0,True,nakshatra-synthetic-v1,2026-09-25T11:28:20.402640,MOIL-BAL-01-BH-003,87.48,91.35,4.91,1.61,46.63,0.127,,92.8,XRF (synthetic)
1.0.0,True,nakshatra-synthetic-v1,2026-09-25T11:28:20.402653,MOIL-BAL-01-BH-003,91.35,97.35,5.18,2.56,40.06,0.02,,95.7,XRF (synthetic)
1.0.0,True,nakshatra-synthetic-v1,2026-09-25T11:28:20.402666,MOIL-BAL-01-BH-003,97.35,102.36,0.65,8.31,49.06,0.055,,97.3,XRF (synthetic)
1.0.0,True,nakshatra-synthetic-v1,2026-09-25T11:28:20.402679,MOIL-BAL-01-BH-003,102.36,103.9,10.69,5.81,39.08,0.14,,94.0,XRF (synthetic)
1.0.0,True,nakshatra-synthetic-v1,2026-09-25T11:28:20.402692,MOIL-BAL-01-BH-003,103.9,105.29,1.43,5.35,52.82,0.122,,90.4,XRF (synthetic)
1.0.0,True,nakshatra-synthetic-v1,2026-09-25T11:28:20.402705,MOIL-BAL-01-BH-003,105.29,111.29,0.18,6.75,41.09,0.138,,90.3,XRF (synthetic)
1.0.0,True,nakshatra-synthetic-v1,2026-09-25T11:28:20.402718,MOIL-BAL-01-BH-003,111.29,113.51,1.0,2.69,38.69,0.215,,96.0,XRF (synthetic)
1.0.0,True,nakshatra-synthetic-v1,2026-09-25T11:28:20.402731,MOIL-BAL-01-BH-003,113.51,115.42,0.61,8.82,51.11,0.122,,91.3,XRF (synthetic)
1.0.0,True,nakshatra-synthetic-v1,2026-09-25T11:28:20.402744,MOIL-BAL-01-BH-003,115.42,118.51,0.67,5.05,48.05,0.085,,88.5,XRF (synthetic)
1.0.0,True,nakshatra-synthetic-v1,2026-09-25T11:28:20.402757,MOIL-BAL-01-BH-003,118.51,121.6,0.55,3.54,42.61,0.18,,89.1,XRF (synthetic)
1.0.0,True,nakshatra-synthetic-v1,2026-09-25T11:28:20.402770,MOIL-BAL-01-BH-003,121.6,122.74,0.65,8.09,34.24,0.147,,85.9,XRF (synthetic)
1.0.0,True,nakshatra-synthetic-v1,2026-09-25T11:28:20.402783,MOIL-BAL-01-BH-003,122.74,128.74,3.07,6.02,39.12,0.147,,98.0,XRF (synthetic)
1.0.0,True,nakshatra-synthetic-v1,2026-09-25T11:28:20.402796,MOIL-BAL-01-BH-003,128.74,131.54,2.35,4.82,34.62,0.101,,94.8,XRF (synthetic)
1.0.0,True,nakshatra-synthetic-v1,2026-09-25T11:28:20.402809,MOIL-BAL-01-BH-003,131.54,134.68,2.43,2.46,42.97,0.117,,91.6,XRF (synthetic)
1.0.0,True,nakshatra-synthetic-v1,2026-09-25T11:28:20.402822,MOIL-BAL-01-BH-003,134.68,137.29,1.31,0.53,41.13,0.185,,96.8,XRF (synthetic)
1.0.0,True,nakshatra-synthetic-v1,2026-09-25T11:28:20.402835,MOIL-BAL-01-BH-003,137.29,137.9,2.47,4.94,51.47,0.153,,92.7,XRF (synthetic)
1.0.0,True,nakshatra-synthetic-v1,2026-09-25T11:28:20.402848,MOIL-BAL-01-BH-003,137.9,142.09,0.44,8.06,47.14,0.183,,100.0,XRF (synthetic)
1.0.0,True,nakshatra-synthetic-v1,2026-09-25T11:28:20.402861,MOIL-BAL-01-BH-003,142.09,143.67,1.56,5.41,40.35,0.17,,88.8,XRF (synthetic)
1.0.0,True,nakshatra-synthetic-v1,2026-09-25T11:28:20.402874,MOIL-BAL-01-BH-003,143.67,149.67,0.59,4.91,28.05,0.119,,100.0,XRF (synthetic)
1.0.0,True,nakshatra-synthetic-v1,2026-09-25T11:28:20.402887,MOIL-BAL-01-BH-003,149.67,150.18,0.57,7.06,50.09,0.17,,95.9,XRF (synthetic)
1.0.0,True,nakshatra-synthetic-v1,2026-09-25T11:28:20.402900,MOIL-BAL-01-BH-003,150.18,156.18,1.33,1.77,45.07,0.07,,97.0,XRF (synthetic)
1.0.0,True,nakshatra-synthetic-v1,2026-09-25T11:28:20.402913,MOIL-BAL-01-BH-003,156.18,162.18,3.74,1.31,36.62,0.176,,97.6,XRF (synthetic)
1.0.0,True,nakshatra-synthetic-v1,2026-09-25T11:28:20.402927,MOIL-BAL-01-BH-003,162.18,165.84,1.86,6.71,50.17,0.108,,98.6,XRF (synthetic)
1.0.0,True,nakshatra-synthetic-v1,2026-09-25T11:28:20.402942,MOIL-BAL-01-BH-003,165.84,171.84,3.46,7.31,46.21,0.064,,97.6,XRF (synthetic)
1.0.0,True,nakshatra-synthetic-v1,2026-09-25T11:28:20.402955,MOIL-BAL-01-BH-003,171.84,173.87,4.9,4.45,47.47,0.102,,94.1,XRF (synthetic)
1.0.0,True,nakshatra-synthetic-v1,2026-09-25T11:28:20.402968,MOIL-BAL-01-BH-003,173.87,179.87,1.39,4.23,36.46,0.11,,100.0,XRF (synthetic)
1.0.0,True,nakshatra-synthetic-v1,2026-09-25T11:28:20.402981,MOIL-BAL-01-BH-003,179.87,184.09,1.54,6.48,53.87,0.192,,93.7,XRF (synthetic)
1.0.0,True,nakshatra-synthetic-v1,2026-09-25T11:28:20.402994,MOIL-BAL-01-BH-003,184.09,184.8,2.79,3.33,42.65,0.066,,94.7,XRF (synthetic)
1.0.0,True,nakshatra-synthetic-v1,2026-09-25T11:28:20.403007,MOIL-BAL-01-BH-003,184.8,186.46,1.29,3.43,43.22,0.189,,100.0,XRF (synthetic)
1.0.0,True,nakshatra-synthetic-v1,2026-09-25T11:28:20.403020,MOIL-BAL-01-BH-003,186.46,192.46,0.6,2.47,43.96,0.138,,91.2,XRF (synthetic)
1.0.0,True,nakshatra-synthetic-v1,2026-09-25T11:28:20.403033,MOIL-BAL-01-BH-003,192.46,197.14,0.85,2.01,29.4,0.166,,97.0,XRF (synthetic)
1.0.0,True,nakshatra-synthetic-v1,2026-09-25T11:28:20.403046,MOIL-BAL-01-BH-003,197.14,201.37,1.0,1.68,44.06,0.176,,89.2,XRF (synthetic)
1.0.0,True,nakshatra-synthetic-v1,2026-09-25T11:28:20.403059,MOIL-BAL-01-BH-003,201.37,205.54,1.14,4.83,49.22,0.082,,88.7,XRF (synthetic)
1.0.0,True,nakshatra-synthetic-v1,2026-09-25T11:28:20.403072,MOIL-BAL-01-BH-003,205.54,207.61,3.97,5.97,38.08,0.176,,94.8,XRF (synthetic)
1.0.0,True,nakshatra-synthetic-v1,2026-09-25T11:28:20.403085,MOIL-BAL-01-BH-003,207.61,212.79,0.73,6.38,41.64,0.111,,99.9,XRF (synthetic)
1.0.0,True,nakshatra-synthetic-v1,2026-09-25T11:28:20.403098,MOIL-BAL-01-BH-003,212.79,215.6,1.81,5.63,45.26,0.111,,100.0,XRF (synthetic)
1.0.0,True,nakshatra-synthetic-v1,2026-09-25T11:28:20.403114,MOIL-BAL-01-BH-004,0.0,2.68,2.18,6.86,51.09,0.089,,100.0,XRF (synthetic)
1.0.0,True,nakshatra-synthetic-v1,2026-09-25T11:28:20.403127,MOIL-BAL-01-BH-004,2.68,7.35,2.8,7.94,44.42,0.102,,96.0,XRF (synthetic)
1.0.0,True,nakshatra-synthetic-v1,2026-09-25T11:28:20.403140,MOIL-BAL-01-BH-004,7.35,12.57,0.07,6.59,36.7,0.175,,84.7,XRF (synthetic)
1.0.0,True,nakshatra-synthetic-v1,2026-09-25T11:28:20.403153,MOIL-BAL-01-BH-004,12.57,18.11,4.29,5.47,57.69,0.142,,96.0,XRF (synthetic)
1.0.0,True,nakshatra-synthetic-v1,2026-09-25T11:28:20.403166,MOIL-BAL-01-BH-004,18.11,19.75,1.04,0.1,36.76,0.186,,99.2,XRF (synthetic)
1.0.0,True,nakshatra-synthetic-v1,2026-09-25T11:28:20.403179,MOIL-BAL-01-BH-004,19.75,21.89,0.37,3.72,57.38,0.209,,91.4,XRF (synthetic)
1.0.0,True,nakshatra-synthetic-v1,2026-09-25T11:28:20.403192,MOIL-BAL-01-BH-004,21.89,25.74,0.4,4.56,54.18,0.111,,88.1,XRF (synthetic)
1.0.0,True,nakshatra-synthetic-v1,2026-09-25T11:28:20.403208,MOIL-BAL-01-BH-004,25.74,26.24,6.16,3.88,37.92,0.113,,95.2,XRF (synthetic)
1.0.0,True,nakshatra-synthetic-v1,2026-09-25T11:28:20.403221,MOIL-BAL-01-BH-004,26.24,30.94,1.16,5.31,33.99,0.21,,94.4,XRF (synthetic)
1.0.0,True,nakshatra-synthetic-v1,2026-09-25T11:28:20.403234,MOIL-BAL-01-BH-004,30.94,34.46,1.23,3.99,51.32,0.105,,96.2,XRF (synthetic)
1.0.0,True,nakshatra-synthetic-v1,2026-09-25T11:28:20.403247,MOIL-BAL-01-BH-004,34.46,40.46,4.45,6.72,36.35,0.144,,99.9,XRF (synthetic)
1.0.0,True,nakshatra-synthetic-v1,2026-09-25T11:28:20.403260,MOIL-BAL-01-BH-004,40.46,45.61,2.22,2.56,55.77,0.035,,87.4,XRF (synthetic)
1.0.0,True,nakshatra-synthetic-v1,2026-09-25T11:28:20.403273,MOIL-BAL-01-BH-004,45.61,51.61,2.92,8.82,49.12,0.186,,85.3,XRF (synthetic)
1.0.0,True,nakshatra-synthetic-v1,2026-09-25T11:28:20.403286,MOIL-BAL-01-BH-004,51.61,53.65,0.12,3.33,43.83,0.106,,91.8,XRF (synthetic)
1.0.0,True,nakshatra-synthetic-v1,2026-09-25T11:28:20.403299,MOIL-BAL-01-BH-004,53.65,59.65,2.42,4.37,50.56,0.131,,94.6,XRF (synthetic)
1.0.0,True,nakshatra-synthetic-v1,2026-09-25T11:28:20.403312,MOIL-BAL-01-BH-004,59.65,64.71,2.13,5.78,52.85,0.136,,83.1,XRF (synthetic)
1.0.0,True,nakshatra-synthetic-v1,2026-09-25T11:28:20.403324,MOIL-BAL-01-BH-004,64.71,66.69,37.02,9.79,21.26,0.174,,98.3,XRF (synthetic)
1.0.0,True,nakshatra-synthetic-v1,2026-09-25T11:28:20.403337,MOIL-BAL-01-BH-004,66.69,68.46,41.26,7.68,3.74,0.022,,100.0,XRF (synthetic)
1.0.0,True,nakshatra-synthetic-v1,2026-09-25T11:28:20.403350,MOIL-BAL-01-BH-004,68.46,69.89,38.7,3.15,8.17,0.094,,92.2,XRF (synthetic)
1.0.0,True,nakshatra-synthetic-v1,2026-09-25T11:28:20.403363,MOIL-BAL-01-BH-004,69.89,75.89,0.38,3.31,41.51,0.16,,91.3,XRF (synthetic)
1.0.0,True,nakshatra-synthetic-v1,2026-09-25T11:28:20.403376,MOIL-BAL-01-BH-004,75.89,76.42,1.01,3.4,44.25,0.068,,95.6,XRF (synthetic)
1.0.0,True,nakshatra-synthetic-v1,2026-09-25T11:28:20.403389,MOIL-BAL-01-BH-004,76.42,78.14,0.2,6.14,48.62,0.171,,96.2,XRF (synthetic)
1.0.0,True,nakshatra-synthetic-v1,2026-09-25T11:28:20.403401,MOIL-BAL-01-BH-004,78.14,79.08,2.42,3.96,49.8,0.145,,96.6,XRF (synthetic)
1.0.0,True,nakshatra-synthetic-v1,2026-09-25T11:28:20.403414,MOIL-BAL-01-BH-004,79.08,80.0,6.15,4.23,50.56,0.114,,100.0,XRF (synthetic)
1.0.0,True,nakshatra-synthetic-v1,2026-09-25T11:28:20.403427,MOIL-BAL-01-BH-004,80.0,80.5,6.41,2.35,43.53,0.078,,96.0,XRF (synthetic)
1.0.0,True,nakshatra-synthetic-v1,2026-09-25T11:28:20.403440,MOIL-BAL-01-BH-004,80.5,82.12,0.33,8.0,51.21,0.18,,97.7,XRF (synthetic)
1.0.0,True,nakshatra-synthetic-v1,2026-09-25T11:28:20.403453,MOIL-BAL-01-BH-004,82.12,83.71,1.72,3.73,40.18,0.13,,87.1,XRF (synthetic)
1.0.0,True,nakshatra-synthetic-v1,2026-09-25T11:28:20.403466,MOIL-BAL-01-BH-004,83.71,84.51,5.21,4.18,49.42,0.156,,92.4,XRF (synthetic)
1.0.0,True,nakshatra-synthetic-v1,2026-09-25T11:28:20.403479,MOIL-BAL-01-BH-004,84.51,85.97,1.43,7.95,55.24,0.051,,90.1,XRF (synthetic)
1.0.0,True,nakshatra-synthetic-v1,2026-09-25T11:28:20.403492,MOIL-BAL-01-BH-004,85.97,87.45,1.57,3.17,39.51,0.118,,92.8,XRF (synthetic)
1.0.0,True,nakshatra-synthetic-v1,2026-09-25T11:28:20.403505,MOIL-BAL-01-BH-004,87.45,93.45,0.72,4.95,43.36,0.099,,90.9,XRF (synthetic)
1.0.0,True,nakshatra-synthetic-v1,2026-09-25T11:28:20.403518,MOIL-BAL-01-BH-004,93.45,94.96,1.5,6.49,48.16,0.107,,100.0,XRF (synthetic)
1.0.0,True,nakshatra-synthetic-v1,2026-09-25T11:28:20.403531,MOIL-BAL-01-BH-004,94.96,96.49,0.18,6.76,38.31,0.092,,92.3,XRF (synthetic)
1.0.0,True,nakshatra-synthetic-v1,2026-09-25T11:28:20.403545,MOIL-BAL-01-BH-004,96.49,99.82,2.78,3.61,47.99,0.093,,95.4,XRF (synthetic)
1.0.0,True,nakshatra-synthetic-v1,2026-09-25T11:28:20.403558,MOIL-BAL-01-BH-004,99.82,105.82,0.74,9.82,33.39,0.08,,80.6,XRF (synthetic)
1.0.0,True,nakshatra-synthetic-v1,2026-09-25T11:28:20.403572,MOIL-BAL-01-BH-004,105.82,107.06,1.64,6.58,53.9,0.09,,94.4,XRF (synthetic)
1.0.0,True,nakshatra-synthetic-v1,2026-09-25T11:28:20.403585,MOIL-BAL-01-BH-004,107.06,111.26,1.88,4.73,57.36,0.147,,100.0,XRF (synthetic)
1.0.0,True,nakshatra-synthetic-v1,2026-09-25T11:28:20.403598,MOIL-BAL-01-BH-004,111.26,115.91,0.82,4.82,47.24,0.141,,89.1,XRF (synthetic)
1.0.0,True,nakshatra-synthetic-v1,2026-09-25T11:28:20.403610,MOIL-BAL-01-BH-004,115.91,121.66,0.37,9.4,46.44,0.09,,97.5,XRF (synthetic)
1.0.0,True,nakshatra-synthetic-v1,2026-09-25T11:28:20.403624,MOIL-BAL-01-BH-004,121.66,123.79,1.94,1.2,47.14,0.16,,97.0,XRF (synthetic)
1.0.0,True,nakshatra-synthetic-v1,2026-09-25T11:28:20.403637,MOIL-BAL-01-BH-004,123.79,125.74,0.94,4.16,49.0,0.131,,83.2,XRF (synthetic)
1.0.0,True,nakshatra-synthetic-v1,2026-09-25T11:28:20.403650,MOIL-BAL-01-BH-004,125.74,127.09,0.5,0.56,49.68,0.129,,99.3,XRF (synthetic)
1.0.0,True,nakshatra-synthetic-v1,2026-09-25T11:28:20.403663,MOIL-BAL-01-BH-004,127.09,128.17,2.76,1.23,49.92,0.157,,87.4,XRF (synthetic)
1.0.0,True,nakshatra-synthetic-v1,2026-09-25T11:28:20.403676,MOIL-BAL-01-BH-004,128.17,132.14,2.99,2.38,45.89,0.15,,90.8,XRF (synthetic)
1.0.0,True,nakshatra-synthetic-v1,2026-09-25T11:28:20.403689,MOIL-BAL-01-BH-004,132.14,133.51,0.41,6.16,43.69,0.095,,93.4,XRF (synthetic)
1.0.0,True,nakshatra-synthetic-v1,2026-09-25T11:28:20.403702,MOIL-BAL-01-BH-004,133.51,136.35,2.5,2.88,43.85,0.121,,91.6,XRF (synthetic)
1.0.0,True,nakshatra-synthetic-v1,2026-09-25T11:28:20.403715,MOIL-BAL-01-BH-004,136.35,138.85,0.16,0.1,50.1,0.04,,87.4,XRF (synthetic)
1.0.0,True,nakshatra-synthetic-v1,2026-09-25T11:28:20.403728,MOIL-BAL-01-BH-004,138.85,140.61,3.82,8.69,43.31,0.042,,92.3,XRF (synthetic)
1.0.0,True,nakshatra-synthetic-v1,2026-09-25T11:28:20.403741,MOIL-BAL-01-BH-004,140.61,146.61,5.09,7.74,46.04,0.063,,88.8,XRF (synthetic)
1.0.0,True,nakshatra-synthetic-v1,2026-09-25T11:28:20.403754,MOIL-BAL-01-BH-004,146.61,149.13,2.99,4.58,44.42,0.141,,94.6,XRF (synthetic)
1.0.0,True,nakshatra-synthetic-v1,2026-09-25T11:28:20.403767,MOIL-BAL-01-BH-004,149.13,150.7,3.12,5.43,38.34,0.121,,91.6,XRF (synthetic)
1.0.0,True,nakshatra-synthetic-v1,2026-09-25T11:28:20.403780,MOIL-BAL-01-BH-004,150.7,151.37,2.72,6.94,40.39,0.084,,96.9,XRF (synthetic)
1.0.0,True,nakshatra-synthetic-v1,2026-09-25T11:28:20.403792,MOIL-BAL-01-BH-004,151.37,154.13,2.87,2.14,37.56,0.161,,89.6,XRF (synthetic)
1.0.0,True,nakshatra-synthetic-v1,2026-09-25T11:28:20.403805,MOIL-BAL-01-BH-004,154.13,156.46,2.83,2.75,45.39,0.115,,100.0,XRF (synthetic)
1.0.0,True,nakshatra-synthetic-v1,2026-09-25T11:28:20.403818,MOIL-BAL-01-BH-004,156.46,157.95,0.73,1.59,43.56,0.083,,92.9,XRF (synthetic)
1.0.0,True,nakshatra-synthetic-v1,2026-09-25T11:28:20.403831,MOIL-BAL-01-BH-004,157.95,161.03,1.09,1.09,44.66,0.118,,87.5,XRF (synthetic)
1.0.0,True,nakshatra-synthetic-v1,2026-09-25T11:28:20.403844,MOIL-BAL-01-BH-004,161.03,164.01,0.34,0.52,45.39,0.213,,84.1,XRF (synthetic)
1.0.0,True,nakshatra-synthetic-v1,2026-09-25T11:28:20.403857,MOIL-BAL-01-BH-004,164.01,165.83,2.59,1.35,41.63,0.116,,92.4,XRF (synthetic)
1.0.0,True,nakshatra-synthetic-v1,2026-09-25T11:28:20.403870,MOIL-BAL-01-BH-004,165.83,167.31,3.79,10.91,50.07,0.069,,99.4,XRF (synthetic)
1.0.0,True,nakshatra-synthetic-v1,2026-09-25T11:28:20.403884,MOIL-BAL-01-BH-004,167.31,170.77,1.05,9.08,57.65,0.089,,100.0,XRF (synthetic)
1.0.0,True,nakshatra-synthetic-v1,2026-09-25T11:28:20.403896,MOIL-BAL-01-BH-004,170.77,176.59,0.37,5.85,54.56,0.085,,94.2,XRF (synthetic)
1.0.0,True,nakshatra-synthetic-v1,2026-09-25T11:28:20.403909,MOIL-BAL-01-BH-004,176.59,177.52,3.69,3.67,52.75,0.042,,93.1,XRF (synthetic)
1.0.0,True,nakshatra-synthetic-v1,2026-09-25T11:28:20.403922,MOIL-BAL-01-BH-004,177.52,178.12,2.4,5.25,52.26,0.162,,95.5,XRF (synthetic)
1.0.0,True,nakshatra-synthetic-v1,2026-09-25T11:28:20.403935,MOIL-BAL-01-BH-004,178.12,181.79,1.9,6.81,42.26,0.161,,90.0,XRF (synthetic)
1.0.0,True,nakshatra-synthetic-v1,2026-09-25T11:28:20.403948,MOIL-BAL-01-BH-004,181.79,182.29,0.55,2.91,41.38,0.134,,94.4,XRF (synthetic)
1.0.0,True,nakshatra-synthetic-v1,2026-09-25T11:28:20.403961,MOIL-BAL-01-BH-004,182.29,184.06,1.92,4.71,43.19,0.119,,99.9,XRF (synthetic)
1.0.0,True,nakshatra-synthetic-v1,2026-09-25T11:28:20.403974,MOIL-BAL-01-BH-004,184.06,185.15,0.47,3.34,45.22,0.108,,84.8,XRF (synthetic)
1.0.0,True,nakshatra-synthetic-v1,2026-09-25T11:28:20.403986,MOIL-BAL-01-BH-004,185.15,185.65,1.92,6.43,40.38,0.145,,100.0,XRF (synthetic)
1.0.0,True,nakshatra-synthetic-v1,2026-09-25T11:28:20.403999,MOIL-BAL-01-BH-004,185.65,188.01,3.07,8.7,39.77,0.114,,94.5,XRF (synthetic)
1.0.0,True,nakshatra-synthetic-v1,2026-09-25T11:28:20.404012,MOIL-BAL-01-BH-004,188.01,192.77,0.67,4.1,44.87,0.123,,93.9,XRF (synthetic)
1.0.0,True,nakshatra-synthetic-v1,2026-09-25T11:28:20.404025,MOIL-BAL-01-BH-004,192.77,197.87,2.71,1.74,40.39,0.126,,88.9,XRF (synthetic)
1.0.0,True,nakshatra-synthetic-v1,2026-09-25T11:28:20.404038,MOIL-BAL-01-BH-004,197.87,200.74,1.24,3.81,56.04,0.098,,87.0,XRF (synthetic)
1.0.0,True,nakshatra-synthetic-v1,2026-09-25T11:28:20.404050,MOIL-BAL-01-BH-004,200.74,206.2,2.36,10.59,41.21,0.216,,89.9,XRF (synthetic)
1.0.0,True,nakshatra-synthetic-v1,2026-09-25T11:28:20.404066,MOIL-BAL-01-BH-005,0.0,5.62,2.11,7.08,43.45,0.118,,89.9,XRF (synthetic)
1.0.0,True,nakshatra-synthetic-v1,2026-09-25T11:28:20.404079,MOIL-BAL-01-BH-005,5.62,9.96,3.92,3.94,50.56,0.098,,95.4,XRF (synthetic)
1.0.0,True,nakshatra-synthetic-v1,2026-09-25T11:28:20.404092,MOIL-BAL-01-BH-005,9.96,15.96,1.92,3.2,39.22,0.073,,100.0,XRF (synthetic)
1.0.0,True,nakshatra-synthetic-v1,2026-09-25T11:28:20.404104,MOIL-BAL-01-BH-005,15.96,17.86,4.54,5.01,38.55,0.133,,93.0,XRF (synthetic)
1.0.0,True,nakshatra-synthetic-v1,2026-09-25T11:28:20.404117,MOIL-BAL-01-BH-005,17.86,18.55,1.55,9.83,49.22,0.079,,94.9,XRF (synthetic)
1.0.0,True,nakshatra-synthetic-v1,2026-09-25T11:28:20.404130,MOIL-BAL-01-BH-005,18.55,19.65,2.24,10.46,38.94,0.15,,90.4,XRF (synthetic)
1.0.0,True,nakshatra-synthetic-v1,2026-09-25T11:28:20.404143,MOIL-BAL-01-BH-005,19.65,25.56,2.11,8.29,38.96,0.128,,94.2,XRF (synthetic)
1.0.0,True,nakshatra-synthetic-v1,2026-09-25T11:28:20.404156,MOIL-BAL-01-BH-005,25.56,31.56,1.1,4.01,48.77,0.086,,98.6,XRF (synthetic)
1.0.0,True,nakshatra-synthetic-v1,2026-09-25T11:28:20.404169,MOIL-BAL-01-BH-005,31.56,37.56,2.91,3.58,46.25,0.064,,92.3,XRF (synthetic)
1.0.0,True,nakshatra-synthetic-v1,2026-09-25T11:28:20.404182,MOIL-BAL-01-BH-005,37.56,43.1,5.43,10.59,44.0,0.107,,91.4,XRF (synthetic)
1.0.0,True,nakshatra-synthetic-v1,2026-09-25T11:28:20.404195,MOIL-BAL-01-BH-005,43.1,49.1,3.34,8.97,47.42,0.134,,88.7,XRF (synthetic)
1.0.0,True,nakshatra-synthetic-v1,2026-09-25T11:28:20.404208,MOIL-BAL-01-BH-005,49.1,51.22,1.69,4.77,39.73,0.06,,93.3,XRF (synthetic)
1.0.0,True,nakshatra-synthetic-v1,2026-09-25T11:28:20.404220,MOIL-BAL-01-BH-005,51.22,52.95,4.02,6.38,52.88,0.135,,93.8,XRF (synthetic)
1.0.0,True,nakshatra-synthetic-v1,2026-09-25T11:28:20.404233,MOIL-BAL-01-BH-005,52.95,54.98,5.13,4.41,46.86,0.103,,94.6,XRF (synthetic)
1.0.0,True,nakshatra-synthetic-v1,2026-09-25T11:28:20.404246,MOIL-BAL-01-BH-005,54.98,57.32,4.83,4.44,48.35,0.127,,95.1,XRF (synthetic)
1.0.0,True,nakshatra-synthetic-v1,2026-09-25T11:28:20.404259,MOIL-BAL-01-BH-005,57.32,60.13,1.04,3.58,39.5,0.129,,92.2,XRF (synthetic)
1.0.0,True,nakshatra-synthetic-v1,2026-09-25T11:28:20.404271,MOIL-BAL-01-BH-005,60.13,62.58,5.19,4.11,46.15,0.109,,95.0,XRF (synthetic)
1.0.0,True,nakshatra-synthetic-v1,2026-09-25T11:28:20.404284,MOIL-BAL-01-BH-005,62.58,65.56,50.15,12.18,9.92,0.045,,96.2,XRF (synthetic)
1.0.0,True,nakshatra-synthetic-v1,2026-09-25T11:28:20.404299,MOIL-BAL-01-BH-005,65.56,68.67,0.17,8.17,32.83,0.123,,85.4,XRF (synthetic)
1.0.0,True,nakshatra-synthetic-v1,2026-09-25T11:28:20.404312,MOIL-BAL-01-BH-005,68.67,71.59,2.41,9.03,42.2,0.099,,91.9,XRF (synthetic)
1.0.0,True,nakshatra-synthetic-v1,2026-09-25T11:28:20.404325,MOIL-BAL-01-BH-005,71.59,74.28,0.23,7.07,46.83,0.115,,88.8,XRF (synthetic)
1.0.0,True,nakshatra-synthetic-v1,2026-09-25T11:28:20.404337,MOIL-BAL-01-BH-005,74.28,78.59,0.39,5.36,47.6,0.13,,92.3,XRF (synthetic)
1.0.0,True,nakshatra-synthetic-v1,2026-09-25T11:28:20.404350,MOIL-BAL-01-BH-005,78.59,82.22,0.94,9.31,38.66,0.178,,90.1,XRF (synthetic)
1.0.0,True,nakshatra-synthetic-v1,2026-09-25T11:28:20.404363,MOIL-BAL-01-BH-005,82.22,84.4,2.34,7.86,50.62,0.178,,90.9,XRF (synthetic)
1.0.0,True,nakshatra-synthetic-v1,2026-09-25T11:28:20.404376,MOIL-BAL-01-BH-005,84.4,87.17,3.62,4.01,43.83,0.035,,87.7,XRF (synthetic)
1.0.0,True,nakshatra-synthetic-v1,2026-09-25T11:28:20.404389,MOIL-BAL-01-BH-005,87.17,87.6,0.33,7.33,41.11,0.01,,88.9,XRF (synthetic)
1.0.0,True,nakshatra-synthetic-v1,2026-09-25T11:28:20.404404,MOIL-BAL-01-BH-006,0.0,0.54,0.54,4.39,45.46,0.162,,89.0,XRF (synthetic)
1.0.0,True,nakshatra-synthetic-v1,2026-09-25T11:28:20.404417,MOIL-BAL-01-BH-006,0.54,3.21,1.07,5.37,37.09,0.097,,91.3,XRF (synthetic)
1.0.0,True,nakshatra-synthetic-v1,2026-09-25T11:28:20.404430,MOIL-BAL-01-BH-006,3.21,5.09,1.52,0.1,39.63,0.108,,94.9,XRF (synthetic)
1.0.0,True,nakshatra-synthetic-v1,2026-09-25T11:28:20.404443,MOIL-BAL-01-BH-006,5.09,6.17,1.22,4.49,55.63,0.084,,98.2,XRF (synthetic)
1.0.0,True,nakshatra-synthetic-v1,2026-09-25T11:28:20.404456,MOIL-BAL-01-BH-006,6.17,12.17,2.53,2.32,46.03,0.193,,92.5,XRF (synthetic)
1.0.0,True,nakshatra-synthetic-v1,2026-09-25T11:28:20.404468,MOIL-BAL-01-BH-006,12.17,13.13,1.95,5.54,45.1,0.122,,91.6,XRF (synthetic)
1.0.0,True,nakshatra-synthetic-v1,2026-09-25T11:28:20.404481,MOIL-BAL-01-BH-006,13.13,18.4,0.66,5.05,43.11,0.17,,85.4,XRF (synthetic)
1.0.0,True,nakshatra-synthetic-v1,2026-09-25T11:28:20.404494,MOIL-BAL-01-BH-006,18.4,21.25,3.82,2.58,46.43,0.13,,93.9,XRF (synthetic)
1.0.0,True,nakshatra-synthetic-v1,2026-09-25T11:28:20.404507,MOIL-BAL-01-BH-006,21.25,23.66,1.41,5.74,42.53,0.157,,90.7,XRF (synthetic)
1.0.0,True,nakshatra-synthetic-v1,2026-09-25T11:28:20.404520,MOIL-BAL-01-BH-006,23.66,24.16,3.3,5.48,42.15,0.227,,95.8,XRF (synthetic)
1.0.0,True,nakshatra-synthetic-v1,2026-09-25T11:28:20.404532,MOIL-BAL-01-BH-006,24.16,26.93,3.03,7.48,49.69,0.125,,97.6,XRF (synthetic)
1.0.0,True,nakshatra-synthetic-v1,2026-09-25T11:28:20.404545,MOIL-BAL-01-BH-006,26.93,30.27,0.31,6.22,51.9,0.089,,100.0,XRF (synthetic)
1.0.0,True,nakshatra-synthetic-v1,2026-09-25T11:28:20.404558,MOIL-BAL-01-BH-006,30.27,33.89,0.69,2.58,55.27,0.155,,93.3,XRF (synthetic)
1.0.0,True,nakshatra-synthetic-v1,2026-09-25T11:28:20.404571,MOIL-BAL-01-BH-006,33.89,35.12,1.3,8.06,44.38,0.118,,93.3,XRF (synthetic)
1.0.0,True,nakshatra-synthetic-v1,2026-09-25T11:28:20.404583,MOIL-BAL-01-BH-006,35.12,36.3,0.89,2.09,49.77,0.132,,88.0,XRF (synthetic)
1.0.0,True,nakshatra-synthetic-v1,2026-09-25T11:28:20.404596,MOIL-BAL-01-BH-006,36.3,38.04,4.61,7.82,50.08,0.085,,90.3,XRF (synthetic)
1.0.0,True,nakshatra-synthetic-v1,2026-09-25T11:28:20.404609,MOIL-BAL-01-BH-006,38.04,40.31,3.47,8.58,48.44,0.128,,91.7,XRF (synthetic)
1.0.0,True,nakshatra-synthetic-v1,2026-09-25T11:28:20.404622,MOIL-BAL-01-BH-006,40.31,43.93,5.13,7.32,50.3,0.173,,95.0,XRF (synthetic)
1.0.0,True,nakshatra-synthetic-v1,2026-09-25T11:28:20.404635,MOIL-BAL-01-BH-006,43.93,45.45,2.22,1.63,34.03,0.095,,94.9,XRF (synthetic)
1.0.0,True,nakshatra-synthetic-v1,2026-09-25T11:28:20.404648,MOIL-BAL-01-BH-006,45.45,46.05,0.45,5.7,38.03,0.087,,89.1,XRF (synthetic)
1.0.0,True,nakshatra-synthetic-v1,2026-09-25T11:28:20.404660,MOIL-BAL-01-BH-006,46.05,47.59,3.13,2.31,47.86,0.085,,84.8,XRF (synthetic)
1.0.0,True,nakshatra-synthetic-v1,2026-09-25T11:28:20.404673,MOIL-BAL-01-BH-006,47.59,48.95,2.63,5.33,46.84,0.098,,88.1,XRF (synthetic)
1.0.0,True,nakshatra-synthetic-v1,2026-09-25T11:28:20.404686,MOIL-BAL-01-BH-006,48.95,53.97,1.31,3.44,53.66,0.183,,88.8,XRF (synthetic)
1.0.0,True,nakshatra-synthetic-v1,2026-09-25T11:28:20.404699,MOIL-BAL-01-BH-006,53.97,55.71,0.97,2.83,46.89,0.069,,100.0,XRF (synthetic)
1.0.0,True,nakshatra-synthetic-v1,2026-09-25T11:28:20.404712,MOIL-BAL-01-BH-006,55.71,59.96,2.07,5.84,55.72,0.164,,98.8,XRF (synthetic)
1.0.0,True,nakshatra-synthetic-v1,2026-09-25T11:28:20.404725,MOIL-BAL-01-BH-006,59.96,61.04,0.31,4.18,39.13,0.111,,94.3,XRF (synthetic)
1.0.0,True,nakshatra-synthetic-v1,2026-09-25T11:28:20.404737,MOIL-BAL-01-BH-006,61.04,65.77,0.73,7.69,40.56,0.196,,100.0,XRF (synthetic)
1.0.0,True,nakshatra-synthetic-v1,2026-09-25T11:28:20.404750,MOIL-BAL-01-BH-006,65.77,66.74,2.11,9.1,42.62,0.133,,93.3,XRF (synthetic)
1.0.0,True,nakshatra-synthetic-v1,2026-09-25T11:28:20.404763,MOIL-BAL-01-BH-006,66.74,68.0,0.25,2.74,50.69,0.133,,91.1,XRF (synthetic)
1.0.0,True,nakshatra-synthetic-v1,2026-09-25T11:28:20.404776,MOIL-BAL-01-BH-006,68.0,72.57,1.44,0.1,51.54,0.167,,90.8,XRF (synthetic)
1.0.0,True,nakshatra-synthetic-v1,2026-09-25T11:28:20.404789,MOIL-BAL-01-BH-006,72.57,78.57,29.59,8.71,9.49,0.172,,90.7,XRF (synthetic)
1.0.0,True,nakshatra-synthetic-v1,2026-09-25T11:28:20.404802,MOIL-BAL-01-BH-006,78.57,80.97,0.81,6.86,50.99,0.108,,94.8,XRF (synthetic)
1.0.0,True,nakshatra-synthetic-v1,2026-09-25T11:28:20.404815,MOIL-BAL-01-BH-006,80.97,86.94,4.89,3.59,45.77,0.147,,97.6,XRF (synthetic)
1.0.0,True,nakshatra-synthetic-v1,2026-09-25T11:28:20.404828,MOIL-BAL-01-BH-006,86.94,89.04,2.94,4.21,42.7,0.097,,98.0,XRF (synthetic)
1.0.0,True,nakshatra-synthetic-v1,2026-09-25T11:28:20.404840,MOIL-BAL-01-BH-006,89.04,91.31,3.05,7.25,38.66,0.057,,88.1,XRF (synthetic)
1.0.0,True,nakshatra-synthetic-v1,2026-09-25T11:28:20.404853,MOIL-BAL-01-BH-006,91.31,93.38,1.43,4.18,43.87,0.171,,98.9,XRF (synthetic)
1.0.0,True,nakshatra-synthetic-v1,2026-09-25T11:28:20.404866,MOIL-BAL-01-BH-006,93.38,94.81,2.5,4.48,41.92,0.06,,95.7,XRF (synthetic)
1.0.0,True,nakshatra-synthetic-v1,2026-09-25T11:28:20.404879,MOIL-BAL-01-BH-006,94.81,98.02,1.31,6.97,46.66,0.129,,94.6,XRF (synthetic)
1.0.0,True,nakshatra-synthetic-v1,2026-09-25T11:28:20.404892,MOIL-BAL-01-BH-006,98.02,101.2,6.15,3.88,59.79,0.159,,94.7,XRF (synthetic)
1.0.0,True,nakshatra-synthetic-v1,2026-09-25T11:28:20.404908,MOIL-BAL-01-BH-007,0.0,1.61,3.8,0.51,42.06,0.106,,97.0,XRF (synthetic)
1.0.0,True,nakshatra-synthetic-v1,2026-09-25T11:28:20.404920,MOIL-BAL-01-BH-007,1.61,2.93,1.56,5.95,51.48,0.084,,97.3,XRF (synthetic)
1.0.0,True,nakshatra-synthetic-v1,2026-09-25T11:28:20.404934,MOIL-BAL-01-BH-007,2.93,5.15,0.41,1.72,57.93,0.045,,93.8,XRF (synthetic)
1.0.0,True,nakshatra-synthetic-v1,2026-09-25T11:28:20.404946,MOIL-BAL-01-BH-007,5.15,9.98,1.67,9.61,52.55,0.088,,91.8,XRF (synthetic)
1.0.0,True,nakshatra-synthetic-v1,2026-09-25T11:28:20.404959,MOIL-BAL-01-BH-007,9.98,12.96,2.51,7.47,31.74,0.111,,84.2,XRF (synthetic)
1.0.0,True,nakshatra-synthetic-v1,2026-09-25T11:28:20.404972,MOIL-BAL-01-BH-007,12.96,15.22,1.54,4.56,30.95,0.108,,96.1,XRF (synthetic)
1.0.0,True,nakshatra-synthetic-v1,2026-09-25T11:28:20.404985,MOIL-BAL-01-BH-007,15.22,19.32,0.76,8.26,43.4,0.163,,86.6,XRF (synthetic)
1.0.0,True,nakshatra-synthetic-v1,2026-09-25T11:28:20.404998,MOIL-BAL-01-BH-007,19.32,22.9,0.9,6.86,43.29,0.173,,90.5,XRF (synthetic)
1.0.0,True,nakshatra-synthetic-v1,2026-09-25T11:28:20.405011,MOIL-BAL-01-BH-007,22.9,25.11,1.25,6.36,45.49,0.131,,96.6,XRF (synthetic)
1.0.0,True,nakshatra-synthetic-v1,2026-09-25T11:28:20.405024,MOIL-BAL-01-BH-007,25.11,27.64,0.1,8.44,44.12,0.162,,93.4,XRF (synthetic)
1.0.0,True,nakshatra-synthetic-v1,2026-09-25T11:28:20.405037,MOIL-BAL-01-BH-007,27.64,31.82,2.73,3.94,38.26,0.148,,93.3,XRF (synthetic)
1.0.0,True,nakshatra-synthetic-v1,2026-09-25T11:28:20.405050,MOIL-BAL-01-BH-007,31.82,35.25,2.88,3.8,53.31,0.128,,95.4,XRF (synthetic)
1.0.0,True,nakshatra-synthetic-v1,2026-09-25T11:28:20.405062,MOIL-BAL-01-BH-007,35.25,37.68,1.52,7.56,37.23,0.096,,97.8,XRF (synthetic)
1.0.0,True,nakshatra-synthetic-v1,2026-09-25T11:28:20.405075,MOIL-BAL-01-BH-007,37.68,41.15,0.09,6.37,43.14,0.126,,93.4,XRF (synthetic)
1.0.0,True,nakshatra-synthetic-v1,2026-09-25T11:28:20.405088,MOIL-BAL-01-BH-007,41.15,43.25,1.84,10.12,43.61,0.098,,100.0,XRF (synthetic)
1.0.0,True,nakshatra-synthetic-v1,2026-09-25T11:28:20.405101,MOIL-BAL-01-BH-007,43.25,45.69,1.94,10.9,45.14,0.117,,94.7,XRF (synthetic)
1.0.0,True,nakshatra-synthetic-v1,2026-09-25T11:28:20.405114,MOIL-BAL-01-BH-007,45.69,46.28,4.11,3.79,46.79,0.118,,98.7,XRF (synthetic)
1.0.0,True,nakshatra-synthetic-v1,2026-09-25T11:28:20.405127,MOIL-BAL-01-BH-007,46.28,47.34,1.78,8.66,41.25,0.068,,92.0,XRF (synthetic)
1.0.0,True,nakshatra-synthetic-v1,2026-09-25T11:28:20.405139,MOIL-BAL-01-BH-007,47.34,50.47,0.98,5.85,48.45,0.134,,96.0,XRF (synthetic)
1.0.0,True,nakshatra-synthetic-v1,2026-09-25T11:28:20.405152,MOIL-BAL-01-BH-007,50.47,54.88,1.35,7.47,46.73,0.115,,88.5,XRF (synthetic)
1.0.0,True,nakshatra-synthetic-v1,2026-09-25T11:28:20.405165,MOIL-BAL-01-BH-007,54.88,57.82,2.09,0.92,46.59,0.067,,100.0,XRF (synthetic)
1.0.0,True,nakshatra-synthetic-v1,2026-09-25T11:28:20.405179,MOIL-BAL-01-BH-007,57.82,63.82,0.32,3.18,57.07,0.126,,80.4,XRF (synthetic)
1.0.0,True,nakshatra-synthetic-v1,2026-09-25T11:28:20.405192,MOIL-BAL-01-BH-007,63.82,65.34,1.04,2.72,38.83,0.127,,93.4,XRF (synthetic)
1.0.0,True,nakshatra-synthetic-v1,2026-09-25T11:28:20.405205,MOIL-BAL-01-BH-007,65.34,65.84,8.6,0.88,35.22,0.119,,95.6,XRF (synthetic)
1.0.0,True,nakshatra-synthetic-v1,2026-09-25T11:28:20.405218,MOIL-BAL-01-BH-007,65.84,70.03,2.72,3.42,53.86,0.095,,94.9,XRF (synthetic)
1.0.0,True,nakshatra-synthetic-v1,2026-09-25T11:28:20.405230,MOIL-BAL-01-BH-007,70.03,72.51,0.73,5.52,41.2,0.132,,95.2,XRF (synthetic)
1.0.0,True,nakshatra-synthetic-v1,2026-09-25T11:28:20.405243,MOIL-BAL-01-BH-007,72.51,73.01,5.21,2.22,53.11,0.158,,98.3,XRF (synthetic)
1.0.0,True,nakshatra-synthetic-v1,2026-09-25T11:28:20.405256,MOIL-BAL-01-BH-007,73.01,74.66,2.7,7.26,42.09,0.113,,100.0,XRF (synthetic)
1.0.0,True,nakshatra-synthetic-v1,2026-09-25T11:28:20.405269,MOIL-BAL-01-BH-007,74.66,77.83,0.9,4.71,42.22,0.037,,99.0,XRF (synthetic)
1.0.0,True,nakshatra-synthetic-v1,2026-09-25T11:28:20.405282,MOIL-BAL-01-BH-007,77.83,82.81,2.01,0.1,38.68,0.218,,94.1,XRF (synthetic)
1.0.0,True,nakshatra-synthetic-v1,2026-09-25T11:28:20.405295,MOIL-BAL-01-BH-007,82.81,88.81,0.43,1.98,52.83,0.108,,94.7,XRF (synthetic)
1.0.0,True,nakshatra-synthetic-v1,2026-09-25T11:28:20.405308,MOIL-BAL-01-BH-007,88.81,90.59,3.75,9.12,33.65,0.081,,91.2,XRF (synthetic)
1.0.0,True,nakshatra-synthetic-v1,2026-09-25T11:28:20.405321,MOIL-BAL-01-BH-007,90.59,96.04,4.81,7.57,45.91,0.076,,92.0,XRF (synthetic)
1.0.0,True,nakshatra-synthetic-v1,2026-09-25T11:28:20.405334,MOIL-BAL-01-BH-007,96.04,98.61,39.24,8.31,7.89,0.177,,97.4,XRF (synthetic)
1.0.0,True,nakshatra-synthetic-v1,2026-09-25T11:28:20.405347,MOIL-BAL-01-BH-007,98.61,103.99,40.37,10.09,8.47,0.064,,94.8,XRF (synthetic)
1.0.0,True,nakshatra-synthetic-v1,2026-09-25T11:28:20.405361,MOIL-BAL-01-BH-007,103.99,108.78,1.87,1.68,49.69,0.039,,89.5,XRF (synthetic)
1.0.0,True,nakshatra-synthetic-v1,2026-09-25T11:28:20.405374,MOIL-BAL-01-BH-007,108.78,113.22,2.36,3.56,46.83,0.114,,92.5,XRF (synthetic)
1.0.0,True,nakshatra-synthetic-v1,2026-09-25T11:28:20.405386,MOIL-BAL-01-BH-007,113.22,114.92,5.77,5.69,48.9,0.113,,85.9,XRF (synthetic)
1.0.0,True,nakshatra-synthetic-v1,2026-09-25T11:28:20.405399,MOIL-BAL-01-BH-007,114.92,116.4,0.69,2.55,48.19,0.12,,99.4,XRF (synthetic)
1.0.0,True,nakshatra-synthetic-v1,2026-09-25T11:28:20.405412,MOIL-BAL-01-BH-007,116.4,117.99,2.57,2.33,42.96,0.154,,95.1,XRF (synthetic)
1.0.0,True,nakshatra-synthetic-v1,2026-09-25T11:28:20.405425,MOIL-BAL-01-BH-007,117.99,119.02,2.93,5.92,44.36,0.173,,89.7,XRF (synthetic)
1.0.0,True,nakshatra-synthetic-v1,2026-09-25T11:28:20.405438,MOIL-BAL-01-BH-007,119.02,119.52,2.38,2.9,49.04,0.154,,100.0,XRF (synthetic)
1.0.0,True,nakshatra-synthetic-v1,2026-09-25T11:28:20.405451,MOIL-BAL-01-BH-007,119.52,125.43,1.36,6.18,47.29,0.177,,100.0,XRF (synthetic)
1.0.0,True,nakshatra-synthetic-v1,2026-09-25T11:28:20.405464,MOIL-BAL-01-BH-007,125.43,126.64,5.83,5.8,51.6,0.156,,98.5,XRF (synthetic)
1.0.0,True,nakshatra-synthetic-v1,2026-09-25T11:28:20.405477,MOIL-BAL-01-BH-007,126.64,129.83,4.22,7.7,49.64,0.168,,100.0,XRF (synthetic)
1.0.0,True,nakshatra-synthetic-v1,2026-09-25T11:28:20.405490,MOIL-BAL-01-BH-007,129.83,134.9,0.3,2.11,36.93,0.093,,97.8,XRF (synthetic)
1.0.0,True,nakshatra-synthetic-v1,2026-09-25T11:28:20.405503,MOIL-BAL-01-BH-007,134.9,135.9,0.74,7.26,46.13,0.137,,100.0,XRF (synthetic)
1.0.0,True,nakshatra-synthetic-v1,2026-09-25T11:28:20.405516,MOIL-BAL-01-BH-007,135.9,138.21,0.76,8.25,51.44,0.244,,93.9,XRF (synthetic)
1.0.0,True,nakshatra-synthetic-v1,2026-09-25T11:28:20.405530,MOIL-BAL-01-BH-007,138.21,142.61,0.05,7.02,41.9,0.076,,92.1,XRF (synthetic)
1.0.0,True,nakshatra-synthetic-v1,2026-09-25T11:28:20.405543,MOIL-BAL-01-BH-007,142.61,143.92,1.79,6.25,39.38,0.123,,97.9,XRF (synthetic)
1.0.0,True,nakshatra-synthetic-v1,2026-09-25T11:28:20.405556,MOIL-BAL-01-BH-007,143.92,146.57,1.28,3.73,54.0,0.066,,93.4,XRF (synthetic)
1.0.0,True,nakshatra-synthetic-v1,2026-09-25T11:28:20.405569,MOIL-BAL-01-BH-007,146.57,150.83,3.29,4.19,43.37,0.101,,88.5,XRF (synthetic)
1.0.0,True,nakshatra-synthetic-v1,2026-09-25T11:28:20.405582,MOIL-BAL-01-BH-007,150.83,151.89,0.62,9.23,47.71,0.039,,97.2,XRF (synthetic)
1.0.0,True,nakshatra-synthetic-v1,2026-09-25T11:28:20.405595,MOIL-BAL-01-BH-007,151.89,154.85,0.66,9.59,46.83,0.113,,94.2,XRF (synthetic)
1.0.0,True,nakshatra-synthetic-v1,2026-09-25T11:28:20.405608,MOIL-BAL-01-BH-007,154.85,157.29,0.62,3.63,51.82,0.033,,96.5,XRF (synthetic)
1.0.0,True,nakshatra-synthetic-v1,2026-09-25T11:28:20.405621,MOIL-BAL-01-BH-007,157.29,158.78,8.41,2.61,39.1,0.091,,89.5,XRF (synthetic)
1.0.0,True,nakshatra-synthetic-v1,2026-09-25T11:28:20.405634,MOIL-BAL-01-BH-007,158.78,164.78,4.05,5.38,42.51,0.102,,98.1,XRF (synthetic)
1.0.0,True,nakshatra-synthetic-v1,2026-09-25T11:28:20.405647,MOIL-BAL-01-BH-007,164.78,166.16,1.65,6.61,48.84,0.228,,100.0,XRF (synthetic)
1.0.0,True,nakshatra-synthetic-v1,2026-09-25T11:28:20.405660,MOIL-BAL-01-BH-007,166.16,166.66,2.31,4.73,49.12,0.122,,96.6,XRF (synthetic)
1.0.0,True,nakshatra-synthetic-v1,2026-09-25T11:28:20.405673,MOIL-BAL-01-BH-007,166.66,171.37,4.99,7.52,51.71,0.092,,81.1,XRF (synthetic)
1.0.0,True,nakshatra-synthetic-v1,2026-09-25T11:28:20.405686,MOIL-BAL-01-BH-007,171.37,173.13,0.54,7.95,51.55,0.047,,100.0,XRF (synthetic)
1.0.0,True,nakshatra-synthetic-v1,2026-09-25T11:28:20.405699,MOIL-BAL-01-BH-007,173.13,174.52,0.82,7.53,44.82,0.098,,81.0,XRF (synthetic)
1.0.0,True,nakshatra-synthetic-v1,2026-09-25T11:28:20.405712,MOIL-BAL-01-BH-007,174.52,178.37,0.24,0.88,52.4,0.108,,86.9,XRF (synthetic)
1.0.0,True,nakshatra-synthetic-v1,2026-09-25T11:28:20.405725,MOIL-BAL-01-BH-007,178.37,184.37,12.79,3.62,46.57,0.126,,86.4,XRF (synthetic)
1.0.0,True,nakshatra-synthetic-v1,2026-09-25T11:28:20.405738,MOIL-BAL-01-BH-007,184.37,186.86,0.45,4.38,40.62,0.156,,94.3,XRF (synthetic)
1.0.0,True,nakshatra-synthetic-v1,2026-09-25T11:28:20.405751,MOIL-BAL-01-BH-007,186.86,187.99,1.3,6.34,51.45,0.068,,94.3,XRF (synthetic)
1.0.0,True,nakshatra-synthetic-v1,2026-09-25T11:28:20.405764,MOIL-BAL-01-BH-007,187.99,192.53,7.24,5.03,43.99,0.136,,89.8,XRF (synthetic)
1.0.0,True,nakshatra-synthetic-v1,2026-09-25T11:28:20.405777,MOIL-BAL-01-BH-007,192.53,195.84,5.17,0.24,37.71,0.112,,86.7,XRF (synthetic)
1.0.0,True,nakshatra-synthetic-v1,2026-09-25T11:28:20.405790,MOIL-BAL-01-BH-007,195.84,197.92,3.03,5.53,45.54,0.158,,88.2,XRF (synthetic)
1.0.0,True,nakshatra-synthetic-v1,2026-09-25T11:28:20.405803,MOIL-BAL-01-BH-007,197.92,199.1,0.71,6.05,44.17,0.107,,95.0,XRF (synthetic)
1.0.0,True,nakshatra-synthetic-v1,2026-09-25T11:28:20.405816,MOIL-BAL-01-BH-007,199.1,200.54,2.28,6.85,42.43,0.139,,99.8,XRF (synthetic)
1.0.0,True,nakshatra-synthetic-v1,2026-09-25T11:28:20.405829,MOIL-BAL-01-BH-007,200.54,201.54,1.56,6.61,42.08,0.076,,87.5,XRF (synthetic)
1.0.0,True,nakshatra-synthetic-v1,2026-09-25T11:28:20.405841,MOIL-BAL-01-BH-007,201.54,204.86,0.92,3.84,41.72,0.084,,97.0,XRF (synthetic)
1.0.0,True,nakshatra-synthetic-v1,2026-09-25T11:28:20.405855,MOIL-BAL-01-BH-007,204.86,206.8,0.85,3.02,50.65,0.143,,98.7,XRF (synthetic)
1.0.0,True,nakshatra-synthetic-v1,2026-09-25T11:28:20.405868,MOIL-BAL-01-BH-007,206.8,210.44,5.8,5.82,44.87,0.117,,97.1,XRF (synthetic)
1.0.0,True,nakshatra-synthetic-v1,2026-09-25T11:28:20.405881,MOIL-BAL-01-BH-007,210.44,214.62,3.27,9.04,44.46,0.111,,90.6,XRF (synthetic)
1.0.0,True,nakshatra-synthetic-v1,2026-09-25T11:28:20.405894,MOIL-BAL-01-BH-007,214.62,218.93,3.17,4.25,45.69,0.21,,86.2,XRF (synthetic)
1.0.0,True,nakshatra-synthetic-v1,2026-09-25T11:28:20.405907,MOIL-BAL-01-BH-007,218.93,223.93,1.82,7.66,42.87,0.131,,94.1,XRF (synthetic)
1.0.0,True,nakshatra-synthetic-v1,2026-09-25T11:28:20.405920,MOIL-BAL-01-BH-007,223.93,226.31,1.4,3.38,50.91,0.12,,99.6,XRF (synthetic)
1.0.0,True,nakshatra-synthetic-v1,2026-09-25T11:28:20.405932,MOIL-BAL-01-BH-007,226.31,229.56,1.3,5.9,49.74,0.162,,90.2,XRF (synthetic)
1.0.0,True,nakshatra-synthetic-v1,2026-09-25T11:28:20.405945,MOIL-BAL-01-BH-007,229.56,230.08,0.42,5.24,41.22,0.111,,95.9,XRF (synthetic)
1.0.0,True,nakshatra-synthetic-v1,2026-09-25T11:28:20.405958,MOIL-BAL-01-BH-007,230.08,233.06,0.57,3.38,42.73,0.094,,89.0,XRF (synthetic)
1.0.0,True,nakshatra-synthetic-v1,2026-09-25T11:28:20.405971,MOIL-BAL-01-BH-007,233.06,233.93,0.18,0.29,52.66,0.132,,93.8,XRF (synthetic)
1.0.0,True,nakshatra-synthetic-v1,2026-09-25T11:28:20.405984,MOIL-BAL-01-BH-007,233.93,239.93,1.73,1.23,41.33,0.182,,98.7,XRF (synthetic)
1.0.0,True,nakshatra-synthetic-v1,2026-09-25T11:28:20.405997,MOIL-BAL-01-BH-007,239.93,241.53,1.06,3.09,43.76,0.111,,100.0,XRF (synthetic)
1.0.0,True,nakshatra-synthetic-v1,2026-09-25T11:28:20.406010,MOIL-BAL-01-BH-007,241.53,244.19,1.9,8.1,45.26,0.092,,92.1,XRF (synthetic)
1.0.0,True,nakshatra-synthetic-v1,2026-09-25T11:28:20.406023,MOIL-BAL-01-BH-007,244.19,249.58,1.86,6.62,40.95,0.112,,97.4,XRF (synthetic)
1.0.0,True,nakshatra-synthetic-v1,2026-09-25T11:28:20.406035,MOIL-BAL-01-BH-007,249.58,254.99,5.65,4.63,48.14,0.102,,95.0,XRF (synthetic)
1.0.0,True,nakshatra-synthetic-v1,2026-09-25T11:28:20.406048,MOIL-BAL-01-BH-007,254.99,260.99,0.3,6.1,41.51,0.043,,96.5,XRF (synthetic)
1.0.0,True,nakshatra-synthetic-v1,2026-09-25T11:28:20.406061,MOIL-BAL-01-BH-007,260.99,264.6,11.37,5.37,44.41,0.107,,97.4,XRF (synthetic)
1.0.0,True,nakshatra-synthetic-v1,2026-09-25T11:28:20.406076,MOIL-BAL-01-BH-008,0.0,1.89,0.76,6.08,48.79,0.125,,98.6,XRF (synthetic)
1.0.0,True,nakshatra-synthetic-v1,2026-09-25T11:28:20.406089,MOIL-BAL-01-BH-008,1.89,6.96,3.67,3.24,41.77,0.152,,88.0,XRF (synthetic)
1.0.0,True,nakshatra-synthetic-v1,2026-09-25T11:28:20.406102,MOIL-BAL-01-BH-008,6.96,8.3,1.99,4.97,39.45,0.117,,88.9,XRF (synthetic)
1.0.0,True,nakshatra-synthetic-v1,2026-09-25T11:28:20.406115,MOIL-BAL-01-BH-008,8.3,8.8,4.6,2.4,45.31,0.085,,90.8,XRF (synthetic)
1.0.0,True,nakshatra-synthetic-v1,2026-09-25T11:28:20.406128,MOIL-BAL-01-BH-008,8.8,11.35,0.77,7.14,49.54,0.09,,95.5,XRF (synthetic)
1.0.0,True,nakshatra-synthetic-v1,2026-09-25T11:28:20.406141,MOIL-BAL-01-BH-008,11.35,14.56,1.73,3.98,46.09,0.156,,86.8,XRF (synthetic)
1.0.0,True,nakshatra-synthetic-v1,2026-09-25T11:28:20.406154,MOIL-BAL-01-BH-008,14.56,15.5,2.35,7.04,46.32,0.127,,91.2,XRF (synthetic)
1.0.0,True,nakshatra-synthetic-v1,2026-09-25T11:28:20.406167,MOIL-BAL-01-BH-008,15.5,21.5,5.51,5.42,40.06,0.074,,93.5,XRF (synthetic)
1.0.0,True,nakshatra-synthetic-v1,2026-09-25T11:28:20.406180,MOIL-BAL-01-BH-008,21.5,24.9,4.76,1.49,47.59,0.151,,90.4,XRF (synthetic)
1.0.0,True,nakshatra-synthetic-v1,2026-09-25T11:28:20.406193,MOIL-BAL-01-BH-008,24.9,25.4,0.78,2.32,47.94,0.066,,98.7,XRF (synthetic)
1.0.0,True,nakshatra-synthetic-v1,2026-09-25T11:28:20.406207,MOIL-BAL-01-BH-008,25.4,27.57,0.26,6.39,50.77,0.07,,97.7,XRF (synthetic)
1.0.0,True,nakshatra-synthetic-v1,2026-09-25T11:28:20.406220,MOIL-BAL-01-BH-008,27.57,30.82,1.68,7.53,46.78,0.167,,94.5,XRF (synthetic)
1.0.0,True,nakshatra-synthetic-v1,2026-09-25T11:28:20.406233,MOIL-BAL-01-BH-008,30.82,35.03,2.88,4.67,37.82,0.122,,89.3,XRF (synthetic)
1.0.0,True,nakshatra-synthetic-v1,2026-09-25T11:28:20.406246,MOIL-BAL-01-BH-008,35.03,39.48,1.83,5.66,47.71,0.109,,89.4,XRF (synthetic)
1.0.0,True,nakshatra-synthetic-v1,2026-09-25T11:28:20.406259,MOIL-BAL-01-BH-008,39.48,42.46,8.16,9.85,54.99,0.118,,81.2,XRF (synthetic)
1.0.0,True,nakshatra-synthetic-v1,2026-09-25T11:28:20.406272,MOIL-BAL-01-BH-008,42.46,45.02,1.08,5.19,57.58,0.122,,92.2,XRF (synthetic)
1.0.0,True,nakshatra-synthetic-v1,2026-09-25T11:28:20.406285,MOIL-BAL-01-BH-008,45.02,47.14,1.49,5.34,41.84,0.154,,84.5,XRF (synthetic)
1.0.0,True,nakshatra-synthetic-v1,2026-09-25T11:28:20.406298,MOIL-BAL-01-BH-008,47.14,53.14,0.38,5.11,50.23,0.073,,95.1,XRF (synthetic)
1.0.0,True,nakshatra-synthetic-v1,2026-09-25T11:28:20.406311,MOIL-BAL-01-BH-008,53.14,54.32,0.94,5.01,40.62,0.105,,94.2,XRF (synthetic)
1.0.0,True,nakshatra-synthetic-v1,2026-09-25T11:28:20.406324,MOIL-BAL-01-BH-008,54.32,55.56,3.16,7.21,39.98,0.147,,92.5,XRF (synthetic)
1.0.0,True,nakshatra-synthetic-v1,2026-09-25T11:28:20.406337,MOIL-BAL-01-BH-008,55.56,61.56,3.73,0.33,50.66,0.031,,93.5,XRF (synthetic)
1.0.0,True,nakshatra-synthetic-v1,2026-09-25T11:28:20.406350,MOIL-BAL-01-BH-008,61.56,65.15,1.81,5.02,41.82,0.173,,95.5,XRF (synthetic)
1.0.0,True,nakshatra-synthetic-v1,2026-09-25T11:28:20.406363,MOIL-BAL-01-BH-008,65.15,68.51,0.89,5.36,46.31,0.055,,86.2,XRF (synthetic)
1.0.0,True,nakshatra-synthetic-v1,2026-09-25T11:28:20.406376,MOIL-BAL-01-BH-008,68.51,71.27,4.31,3.94,44.36,0.127,,87.2,XRF (synthetic)
1.0.0,True,nakshatra-synthetic-v1,2026-09-25T11:28:20.406389,MOIL-BAL-01-BH-008,71.27,74.5,1.76,6.36,39.74,0.163,,91.0,XRF (synthetic)
1.0.0,True,nakshatra-synthetic-v1,2026-09-25T11:28:20.406402,MOIL-BAL-01-BH-008,74.5,80.5,2.43,3.86,48.67,0.09,,82.6,XRF (synthetic)
1.0.0,True,nakshatra-synthetic-v1,2026-09-25T11:28:20.406415,MOIL-BAL-01-BH-008,80.5,84.64,1.94,5.27,39.21,0.062,,89.6,XRF (synthetic)
1.0.0,True,nakshatra-synthetic-v1,2026-09-25T11:28:20.406428,MOIL-BAL-01-BH-008,84.64,86.78,1.85,6.55,46.12,0.048,,90.6,XRF (synthetic)
1.0.0,True,nakshatra-synthetic-v1,2026-09-25T11:28:20.406441,MOIL-BAL-01-BH-008,86.78,92.78,2.8,1.68,45.01,0.129,,90.3,XRF (synthetic)
1.0.0,True,nakshatra-synthetic-v1,2026-09-25T11:28:20.406454,MOIL-BAL-01-BH-008,92.78,95.13,0.76,6.18,50.68,0.105,,95.2,XRF (synthetic)
1.0.0,True,nakshatra-synthetic-v1,2026-09-25T11:28:20.406467,MOIL-BAL-01-BH-008,95.13,98.64,4.4,7.08,55.86,0.045,,89.0,XRF (synthetic)
1.0.0,True,nakshatra-synthetic-v1,2026-09-25T11:28:20.406482,MOIL-BAL-01-BH-008,98.64,103.6,2.2,5.21,49.49,0.073,,92.3,XRF (synthetic)
1.0.0,True,nakshatra-synthetic-v1,2026-09-25T11:28:20.406495,MOIL-BAL-01-BH-008,103.6,107.92,0.57,10.6,47.93,0.125,,93.3,XRF (synthetic)
1.0.0,True,nakshatra-synthetic-v1,2026-09-25T11:28:20.406509,MOIL-BAL-01-BH-008,107.92,110.7,0.77,6.0,50.64,0.163,,90.0,XRF (synthetic)
1.0.0,True,nakshatra-synthetic-v1,2026-09-25T11:28:20.406522,MOIL-BAL-01-BH-008,110.7,116.7,3.68,7.34,37.6,0.11,,94.9,XRF (synthetic)
1.0.0,True,nakshatra-synthetic-v1,2026-09-25T11:28:20.406535,MOIL-BAL-01-BH-008,116.7,117.2,27.87,9.05,6.03,0.148,,96.9,XRF (synthetic)
1.0.0,True,nakshatra-synthetic-v1,2026-09-25T11:28:20.406548,MOIL-BAL-01-BH-008,117.2,123.2,51.19,9.76,13.55,0.121,,100.0,XRF (synthetic)
1.0.0,True,nakshatra-synthetic-v1,2026-09-25T11:28:20.406561,MOIL-BAL-01-BH-008,123.2,126.86,0.34,3.08,47.6,0.145,,86.5,XRF (synthetic)
1.0.0,True,nakshatra-synthetic-v1,2026-09-25T11:28:20.406574,MOIL-BAL-01-BH-008,126.86,130.4,2.25,6.26,44.72,0.09,,93.3,XRF (synthetic)
1.0.0,True,nakshatra-synthetic-v1,2026-09-25T11:28:20.406587,MOIL-BAL-01-BH-008,130.4,131.62,5.68,5.88,47.94,0.152,,87.3,XRF (synthetic)
1.0.0,True,nakshatra-synthetic-v1,2026-09-25T11:28:20.406600,MOIL-BAL-01-BH-008,131.62,134.95,6.59,4.99,51.52,0.159,,90.6,XRF (synthetic)
1.0.0,True,nakshatra-synthetic-v1,2026-09-25T11:28:20.406613,MOIL-BAL-01-BH-008,134.95,136.9,1.64,9.84,39.45,0.114,,88.9,XRF (synthetic)
1.0.0,True,nakshatra-synthetic-v1,2026-09-25T11:28:20.406626,MOIL-BAL-01-BH-008,136.9,138.17,1.14,5.31,45.94,0.246,,96.2,XRF (synthetic)
1.0.0,True,nakshatra-synthetic-v1,2026-09-25T11:28:20.406639,MOIL-BAL-01-BH-008,138.17,141.19,1.86,4.73,44.07,0.124,,100.0,XRF (synthetic)
1.0.0,True,nakshatra-synthetic-v1,2026-09-25T11:28:20.406652,MOIL-BAL-01-BH-008,141.19,143.82,1.84,6.28,49.24,0.131,,83.1,XRF (synthetic)
1.0.0,True,nakshatra-synthetic-v1,2026-09-25T11:28:20.406665,MOIL-BAL-01-BH-008,143.82,147.41,2.7,1.39,43.61,0.112,,83.0,XRF (synthetic)
1.0.0,True,nakshatra-synthetic-v1,2026-09-25T11:28:20.406678,MOIL-BAL-01-BH-008,147.41,149.47,2.13,1.47,41.38,0.163,,90.7,XRF (synthetic)
1.0.0,True,nakshatra-synthetic-v1,2026-09-25T11:28:20.406691,MOIL-BAL-01-BH-008,149.47,152.68,3.22,0.42,57.77,0.14,,96.1,XRF (synthetic)
1.0.0,True,nakshatra-synthetic-v1,2026-09-25T11:28:20.406704,MOIL-BAL-01-BH-008,152.68,156.49,0.88,8.55,58.71,0.148,,82.6,XRF (synthetic)
1.0.0,True,nakshatra-synthetic-v1,2026-09-25T11:28:20.406717,MOIL-BAL-01-BH-008,156.49,157.52,0.49,10.12,53.27,0.077,,98.5,XRF (synthetic)
1.0.0,True,nakshatra-synthetic-v1,2026-09-25T11:28:20.406730,MOIL-BAL-01-BH-008,157.52,159.86,6.43,2.93,50.46,0.15,,93.5,XRF (synthetic)
1.0.0,True,nakshatra-synthetic-v1,2026-09-25T11:28:20.406743,MOIL-BAL-01-BH-008,159.86,165.16,7.66,6.55,35.68,0.133,,95.1,XRF (synthetic)
1.0.0,True,nakshatra-synthetic-v1,2026-09-25T11:28:20.406756,MOIL-BAL-01-BH-008,165.16,166.49,0.66,5.74,50.48,0.046,,90.8,XRF (synthetic)
1.0.0,True,nakshatra-synthetic-v1,2026-09-25T11:28:20.406769,MOIL-BAL-01-BH-008,166.49,171.48,0.22,7.19,52.46,0.113,,100.0,XRF (synthetic)
1.0.0,True,nakshatra-synthetic-v1,2026-09-25T11:28:20.406782,MOIL-BAL-01-BH-008,171.48,173.28,0.88,7.02,42.52,0.105,,91.8,XRF (synthetic)
1.0.0,True,nakshatra-synthetic-v1,2026-09-25T11:28:20.406794,MOIL-BAL-01-BH-008,173.28,173.78,3.3,5.62,39.97,0.104,,97.0,XRF (synthetic)
1.0.0,True,nakshatra-synthetic-v1,2026-09-25T11:28:20.406807,MOIL-BAL-01-BH-008,173.78,176.35,0.76,4.54,41.4,0.147,,90.8,XRF (synthetic)
1.0.0,True,nakshatra-synthetic-v1,2026-09-25T11:28:20.406820,MOIL-BAL-01-BH-008,176.35,176.85,5.51,5.74,43.57,0.159,,90.0,XRF (synthetic)
1.0.0,True,nakshatra-synthetic-v1,2026-09-25T11:28:20.406833,MOIL-BAL-01-BH-008,176.85,178.23,0.19,2.15,54.9,0.104,,94.0,XRF (synthetic)
1.0.0,True,nakshatra-synthetic-v1,2026-09-25T11:28:20.406846,MOIL-BAL-01-BH-008,178.23,180.0,1.73,0.76,41.69,0.115,,93.7,XRF (synthetic)
1.0.0,True,nakshatra-synthetic-v1,2026-09-25T11:28:20.406859,MOIL-BAL-01-BH-008,180.0,181.27,2.49,2.84,53.74,0.17,,90.3,XRF (synthetic)
1.0.0,True,nakshatra-synthetic-v1,2026-09-25T11:28:20.406872,MOIL-BAL-01-BH-008,181.27,182.93,1.07,2.9,50.84,0.107,,92.4,XRF (synthetic)
1.0.0,True,nakshatra-synthetic-v1,2026-09-25T11:28:20.406885,MOIL-BAL-01-BH-008,182.93,183.85,0.57,0.98,45.54,0.134,,91.1,XRF (synthetic)
1.0.0,True,nakshatra-synthetic-v1,2026-09-25T11:28:20.406898,MOIL-BAL-01-BH-008,183.85,185.49,0.13,0.66,41.19,0.115,,88.4,XRF (synthetic)
1.0.0,True,nakshatra-synthetic-v1,2026-09-25T11:28:20.406911,MOIL-BAL-01-BH-008,185.49,188.86,2.86,3.69,44.14,0.102,,89.6,XRF (synthetic)
1.0.0,True,nakshatra-synthetic-v1,2026-09-25T11:28:20.406924,MOIL-BAL-01-BH-008,188.86,192.33,6.75,8.3,46.93,0.158,,96.1,XRF (synthetic)
1.0.0,True,nakshatra-synthetic-v1,2026-09-25T11:28:20.406937,MOIL-BAL-01-BH-008,192.33,198.33,6.92,1.27,44.38,0.142,,96.4,XRF (synthetic)
1.0.0,True,nakshatra-synthetic-v1,2026-09-25T11:28:20.406950,MOIL-BAL-01-BH-008,198.33,202.7,1.53,8.4,35.82,0.129,,98.3,XRF (synthetic)
1.0.0,True,nakshatra-synthetic-v1,2026-09-25T11:28:20.406963,MOIL-BAL-01-BH-008,202.7,206.46,1.98,4.44,40.36,0.142,,98.1,XRF (synthetic)
1.0.0,True,nakshatra-synthetic-v1,2026-09-25T11:28:20.406976,MOIL-BAL-01-BH-008,206.46,212.46,1.3,4.68,41.14,0.102,,92.8,XRF (synthetic)
1.0.0,True,nakshatra-synthetic-v1,2026-09-25T11:28:20.406989,MOIL-BAL-01-BH-008,212.46,215.13,1.32,3.2,53.07,0.118,,89.6,XRF (synthetic)
1.0.0,True,nakshatra-synthetic-v1,2026-09-25T11:28:20.407001,MOIL-BAL-01-BH-008,215.13,217.62,0.91,8.18,58.6,0.14,,87.3,XRF (synthetic)
1.0.0,True,nakshatra-synthetic-v1,2026-09-25T11:28:20.407014,MOIL-BAL-01-BH-008,217.62,221.53,2.63,7.36,61.0,0.146,,92.6,XRF (synthetic)
1.0.0,True,nakshatra-synthetic-v1,2026-09-25T11:28:20.407027,MOIL-BAL-01-BH-008,221.53,223.49,3.06,6.95,48.32,0.11,,100.0,XRF (synthetic)
1.0.0,True,nakshatra-synthetic-v1,2026-09-25T11:28:20.407040,MOIL-BAL-01-BH-008,223.49,228.0,0.46,0.1,47.05,0.068,,94.7,XRF (synthetic)
1.0.0,True,nakshatra-synthetic-v1,2026-09-25T11:28:20.407053,MOIL-BAL-01-BH-008,228.0,228.5,2.91,5.92,49.27,0.1,,90.5,XRF (synthetic)
1.0.0,True,nakshatra-synthetic-v1,2026-09-25T11:28:20.407066,MOIL-BAL-01-BH-008,228.5,229.1,1.93,8.97,42.83,0.176,,92.7,XRF (synthetic)
1.0.0,True,nakshatra-synthetic-v1,2026-09-25T11:28:20.407082,MOIL-BAL-01-BH-009,0.0,6.0,3.46,7.53,56.58,0.169,,100.0,XRF (synthetic)
1.0.0,True,nakshatra-synthetic-v1,2026-09-25T11:28:20.407095,MOIL-BAL-01-BH-009,6.0,12.0,0.7,3.33,51.03,0.203,,94.1,XRF (synthetic)
1.0.0,True,nakshatra-synthetic-v1,2026-09-25T11:28:20.407108,MOIL-BAL-01-BH-009,12.0,12.5,0.6,3.79,63.39,0.152,,99.1,XRF (synthetic)
1.0.0,True,nakshatra-synthetic-v1,2026-09-25T11:28:20.407121,MOIL-BAL-01-BH-009,12.5,17.08,1.02,2.19,42.9,0.078,,95.1,XRF (synthetic)
1.0.0,True,nakshatra-synthetic-v1,2026-09-25T11:28:20.407134,MOIL-BAL-01-BH-009,17.08,18.82,2.09,3.65,49.04,0.112,,96.0,XRF (synthetic)
1.0.0,True,nakshatra-synthetic-v1,2026-09-25T11:28:20.407147,MOIL-BAL-01-BH-009,18.82,22.6,3.42,0.1,38.31,0.126,,92.6,XRF (synthetic)
1.0.0,True,nakshatra-synthetic-v1,2026-09-25T11:28:20.407160,MOIL-BAL-01-BH-009,22.6,23.17,2.21,2.2,43.49,0.129,,91.0,XRF (synthetic)
1.0.0,True,nakshatra-synthetic-v1,2026-09-25T11:28:20.407173,MOIL-BAL-01-BH-009,23.17,24.03,7.28,2.64,52.92,0.099,,92.1,XRF (synthetic)
1.0.0,True,nakshatra-synthetic-v1,2026-09-25T11:28:20.407186,MOIL-BAL-01-BH-009,24.03,28.16,5.88,7.4,45.74,0.157,,90.5,XRF (synthetic)
1.0.0,True,nakshatra-synthetic-v1,2026-09-25T11:28:20.407199,MOIL-BAL-01-BH-009,28.16,29.29,1.12,9.7,49.55,0.176,,93.9,XRF (synthetic)
1.0.0,True,nakshatra-synthetic-v1,2026-09-25T11:28:20.407214,MOIL-BAL-01-BH-009,29.29,31.53,2.72,4.63,44.78,0.105,,94.0,XRF (synthetic)
1.0.0,True,nakshatra-synthetic-v1,2026-09-25T11:28:20.407227,MOIL-BAL-01-BH-009,31.53,36.19,0.52,0.1,47.98,0.155,,85.7,XRF (synthetic)
1.0.0,True,nakshatra-synthetic-v1,2026-09-25T11:28:20.407240,MOIL-BAL-01-BH-009,36.19,39.28,5.44,8.63,42.67,0.05,,86.6,XRF (synthetic)
1.0.0,True,nakshatra-synthetic-v1,2026-09-25T11:28:20.407253,MOIL-BAL-01-BH-009,39.28,42.56,1.29,3.98,46.0,0.137,,83.1,XRF (synthetic)
1.0.0,True,nakshatra-synthetic-v1,2026-09-25T11:28:20.407266,MOIL-BAL-01-BH-009,42.56,48.56,2.39,7.57,45.92,0.145,,88.7,XRF (synthetic)
1.0.0,True,nakshatra-synthetic-v1,2026-09-25T11:28:20.407278,MOIL-BAL-01-BH-009,48.56,49.48,0.56,5.74,47.54,0.113,,93.7,XRF (synthetic)
1.0.0,True,nakshatra-synthetic-v1,2026-09-25T11:28:20.407291,MOIL-BAL-01-BH-009,49.48,55.48,0.99,5.55,42.82,0.121,,94.5,XRF (synthetic)
1.0.0,True,nakshatra-synthetic-v1,2026-09-25T11:28:20.407304,MOIL-BAL-01-BH-009,55.48,55.98,5.72,8.33,29.55,0.125,,90.2,XRF (synthetic)
1.0.0,True,nakshatra-synthetic-v1,2026-09-25T11:28:20.407316,MOIL-BAL-01-BH-009,55.98,57.19,1.11,6.92,49.7,0.144,,89.7,XRF (synthetic)
1.0.0,True,nakshatra-synthetic-v1,2026-09-25T11:28:20.407330,MOIL-BAL-01-BH-009,57.19,60.85,4.55,6.26,42.66,0.109,,93.1,XRF (synthetic)
1.0.0,True,nakshatra-synthetic-v1,2026-09-25T11:28:20.407342,MOIL-BAL-01-BH-009,60.85,63.79,1.74,3.84,47.77,0.103,,78.2,XRF (synthetic)
1.0.0,True,nakshatra-synthetic-v1,2026-09-25T11:28:20.407355,MOIL-BAL-01-BH-009,63.79,66.99,0.36,8.71,39.04,0.231,,81.3,XRF (synthetic)
1.0.0,True,nakshatra-synthetic-v1,2026-09-25T11:28:20.407368,MOIL-BAL-01-BH-009,66.99,67.62,0.57,6.07,50.28,0.118,,93.1,XRF (synthetic)
1.0.0,True,nakshatra-synthetic-v1,2026-09-25T11:28:20.407381,MOIL-BAL-01-BH-009,67.62,73.62,2.38,5.44,48.2,0.148,,93.4,XRF (synthetic)
1.0.0,True,nakshatra-synthetic-v1,2026-09-25T11:28:20.407394,MOIL-BAL-01-BH-009,73.62,74.58,2.05,1.08,35.99,0.126,,95.0,XRF (synthetic)
1.0.0,True,nakshatra-synthetic-v1,2026-09-25T11:28:20.407407,MOIL-BAL-01-BH-009,74.58,78.31,3.94,5.14,50.27,0.207,,91.3,XRF (synthetic)
1.0.0,True,nakshatra-synthetic-v1,2026-09-25T11:28:20.407420,MOIL-BAL-01-BH-009,78.31,84.31,1.88,4.67,52.06,0.05,,90.3,XRF (synthetic)
1.0.0,True,nakshatra-synthetic-v1,2026-09-25T11:28:20.407432,MOIL-BAL-01-BH-009,84.31,85.61,2.28,1.11,46.84,0.11,,88.4,XRF (synthetic)
1.0.0,True,nakshatra-synthetic-v1,2026-09-25T11:28:20.407445,MOIL-BAL-01-BH-009,85.61,89.98,0.84,3.33,62.0,0.13,,100.0,XRF (synthetic)
1.0.0,True,nakshatra-synthetic-v1,2026-09-25T11:28:20.407458,MOIL-BAL-01-BH-009,89.98,93.15,3.86,2.03,45.85,0.108,,85.0,XRF (synthetic)
1.0.0,True,nakshatra-synthetic-v1,2026-09-25T11:28:20.407471,MOIL-BAL-01-BH-009,93.15,94.02,2.0,6.26,41.51,0.101,,92.5,XRF (synthetic)
1.0.0,True,nakshatra-synthetic-v1,2026-09-25T11:28:20.407484,MOIL-BAL-01-BH-009,94.02,95.6,1.93,4.49,55.22,0.098,,96.6,XRF (synthetic)
1.0.0,True,nakshatra-synthetic-v1,2026-09-25T11:28:20.407497,MOIL-BAL-01-BH-009,95.6,97.6,1.85,6.49,47.91,0.081,,93.8,XRF (synthetic)
1.0.0,True,nakshatra-synthetic-v1,2026-09-25T11:28:20.407510,MOIL-BAL-01-BH-009,97.6,98.17,2.46,6.74,43.55,0.081,,92.7,XRF (synthetic)
1.0.0,True,nakshatra-synthetic-v1,2026-09-25T11:28:20.407523,MOIL-BAL-01-BH-009,98.17,100.49,1.06,8.27,39.06,0.103,,89.7,XRF (synthetic)
1.0.0,True,nakshatra-synthetic-v1,2026-09-25T11:28:20.407536,MOIL-BAL-01-BH-009,100.49,101.98,1.19,6.61,41.43,0.098,,98.2,XRF (synthetic)
1.0.0,True,nakshatra-synthetic-v1,2026-09-25T11:28:20.407549,MOIL-BAL-01-BH-009,101.98,103.28,3.31,7.71,40.71,0.058,,97.7,XRF (synthetic)
1.0.0,True,nakshatra-synthetic-v1,2026-09-25T11:28:20.407562,MOIL-BAL-01-BH-009,103.28,105.53,2.1,8.91,49.34,0.099,,97.3,XRF (synthetic)
1.0.0,True,nakshatra-synthetic-v1,2026-09-25T11:28:20.407576,MOIL-BAL-01-BH-009,105.53,108.52,1.3,3.54,54.7,0.134,,86.3,XRF (synthetic)
1.0.0,True,nakshatra-synthetic-v1,2026-09-25T11:28:20.407589,MOIL-BAL-01-BH-009,108.52,113.12,1.36,3.24,40.28,0.136,,88.3,XRF (synthetic)
1.0.0,True,nakshatra-synthetic-v1,2026-09-25T11:28:20.407602,MOIL-BAL-01-BH-009,113.12,116.58,3.22,3.44,46.83,0.085,,85.5,XRF (synthetic)
1.0.0,True,nakshatra-synthetic-v1,2026-09-25T11:28:20.407615,MOIL-BAL-01-BH-009,116.58,117.08,1.77,4.02,47.03,0.135,,93.2,XRF (synthetic)
1.0.0,True,nakshatra-synthetic-v1,2026-09-25T11:28:20.407628,MOIL-BAL-01-BH-009,117.08,119.06,0.61,6.32,50.66,0.085,,100.0,XRF (synthetic)
1.0.0,True,nakshatra-synthetic-v1,2026-09-25T11:28:20.407641,MOIL-BAL-01-BH-009,119.06,122.21,4.83,6.32,48.04,0.194,,100.0,XRF (synthetic)
1.0.0,True,nakshatra-synthetic-v1,2026-09-25T11:28:20.407654,MOIL-BAL-01-BH-009,122.21,124.4,1.07,6.65,51.79,0.116,,100.0,XRF (synthetic)
1.0.0,True,nakshatra-synthetic-v1,2026-09-25T11:28:20.407667,MOIL-BAL-01-BH-009,124.4,127.29,6.94,5.25,45.65,0.119,,86.4,XRF (synthetic)
1.0.0,True,nakshatra-synthetic-v1,2026-09-25T11:28:20.407679,MOIL-BAL-01-BH-009,127.29,131.39,0.85,7.79,37.48,0.16,,96.8,XRF (synthetic)
1.0.0,True,nakshatra-synthetic-v1,2026-09-25T11:28:20.407692,MOIL-BAL-01-BH-009,131.39,135.28,2.97,4.67,40.58,0.1,,89.7,XRF (synthetic)
1.0.0,True,nakshatra-synthetic-v1,2026-09-25T11:28:20.407705,MOIL-BAL-01-BH-009,135.28,135.85,0.67,5.89,40.3,0.121,,96.5,XRF (synthetic)
1.0.0,True,nakshatra-synthetic-v1,2026-09-25T11:28:20.407721,MOIL-BAL-01-BH-009,135.85,136.35,2.17,7.18,42.58,0.153,,90.8,XRF (synthetic)
1.0.0,True,nakshatra-synthetic-v1,2026-09-25T11:28:20.407734,MOIL-BAL-01-BH-009,136.35,139.8,7.54,5.68,49.43,0.125,,93.2,XRF (synthetic)
1.0.0,True,nakshatra-synthetic-v1,2026-09-25T11:28:20.407748,MOIL-BAL-01-BH-009,139.8,141.65,2.81,4.68,44.31,0.094,,97.4,XRF (synthetic)
1.0.0,True,nakshatra-synthetic-v1,2026-09-25T11:28:20.407761,MOIL-BAL-01-BH-009,141.65,142.78,1.88,7.2,43.73,0.132,,100.0,XRF (synthetic)
