contract_version,is_synthetic,source,ingested_at,mine_code,blast_id,planned_at,executed_at,delay_hours,bench_or_level,holes_charged,explosive_kg,tonnes_broken,mean_fragmentation_cm,outcome
1.0.0,True,nakshatra-synthetic-v1,2026-10-07T20:37:10.870465,MOIL-BAL-01,MOIL-BAL-01-BL-00001,2023-10-08T06:00:00,2023-10-08T06:00:00,0.0,L6,56,253.9,1015.7,17.9,success
1.0.0,True,nakshatra-synthetic-v1,2026-10-07T20:37:10.870479,MOIL-BAL-01,MOIL-BAL-01-BL-00002,2023-10-09T06:00:00,2023-10-09T11:27:46.773211,5.46,L3,74,358.2,910.2,9.3,success
1.0.0,True,nakshatra-synthetic-v1,2026-10-07T20:37:10.870487,MOIL-BAL-01,MOIL-BAL-01-BL-00003,2023-10-10T06:00:00,2023-10-10T10:42:59.670356,4.72,L7,71,328.6,866.0,24.0,success
1.0.0,True,nakshatra-synthetic-v1,2026-10-07T20:37:10.870495,MOIL-BAL-01,MOIL-BAL-01-BL-00004,2023-10-11T06:00:00,2023-10-11T06:00:00,0.0,L7,19,341.3,2907.7,11.9,success
1.0.0,True,nakshatra-synthetic-v1,2026-10-07T20:37:10.870502,MOIL-BAL-01,MOIL-BAL-01-BL-00005,2023-10-12T06:00:00,2023-10-12T06:00:00,0.0,L2,85,504.3,2116.7,4.5,success
1.0.0,True,nakshatra-synthetic-v1,2026-10-07T20:37:10.870509,MOIL-BAL-01,MOIL-BAL-01-BL-00006,2023-10-13T06:00:00,2023-10-13T06:00:00,0.0,L6,50,174.8,1360.1,12.6,success
1.0.0,True,nakshatra-synthetic-v1,2026-10-07T20:37:10.870515,MOIL-BAL-01,MOIL-BAL-01-BL-00007,2023-10-14T06:00:00,2023-10-14T06:00:00,0.0,L4,19,299.8,937.4,12.9,success
1.0.0,True,nakshatra-synthetic-v1,2026-10-07T20:37:10.870521,MOIL-BAL-01,MOIL-BAL-01-BL-00008,2023-10-15T06:00:00,2023-10-15T06:00:00,0.0,L6,51,241.0,2064.2,20.1,success
1.0.0,True,nakshatra-synthetic-v1,2026-10-07T20:37:10.870528,MOIL-BAL-01,MOIL-BAL-01-BL-00009,2023-10-16T06:00:00,2023-10-16T06:00:00,0.0,L7,21,293.0,1560.1,24.5,success
1.0.0,True,nakshatra-synthetic-v1,2026-10-07T20:37:10.870535,MOIL-BAL-01,MOIL-BAL-01-BL-00010,2023-10-17T06:00:00,2023-10-18T01:00:08.257048,19.0,L4,23,299.1,838.9,16.7,partial
1.0.0,True,nakshatra-synthetic-v1,2026-10-07T20:37:10.870541,MOIL-BAL-01,MOIL-BAL-01-BL-00011,2023-10-18T06:00:00,2023-10-18T06:00:00,0.0,L4,84,212.5,1388.6,12.1,success
1.0.0,True,nakshatra-synthetic-v1,2026-10-07T20:37:10.870547,MOIL-BAL-01,MOIL-BAL-01-BL-00012,2023-10-19T06:00:00,2023-10-19T06:00:00,0.0,L4,37,297.9,1926.1,21.8,success
1.0.0,True,nakshatra-synthetic-v1,2026-10-07T20:37:10.870555,MOIL-BAL-01,MOIL-BAL-01-BL-00013,2023-10-20T06:00:00,2023-10-20T06:00:00,0.0,L8,50,482.0,1058.9,10.8,success
1.0.0,True,nakshatra-synthetic-v1,2026-10-07T20:37:10.870617,MOIL-BAL-01,MOIL-BAL-01-BL-00014,2023-10-21T06:00:00,2023-10-21T06:00:00,0.0,L5,42,597.0,1030.5,18.2,success
1.0.0,True,nakshatra-synthetic-v1,2026-10-07T20:37:10.870623,MOIL-BAL-01,MOIL-BAL-01-BL-00015,2023-10-22T06:00:00,2023-10-22T06:00:00,0.0,L3,52,534.0,1461.6,19.3,success
1.0.0,True,nakshatra-synthetic-v1,2026-10-07T20:37:10.870629,MOIL-BAL-01,MOIL-BAL-01-BL-00016,2023-10-23T06:00:00,2023-10-23T06:00:00,0.0,L4,44,229.9,524.1,18.9,success
1.0.0,True,nakshatra-synthetic-v1,2026-10-07T20:37:10.870636,MOIL-BAL-01,MOIL-BAL-01-BL-00017,2023-10-24T06:00:00,2023-10-24T06:00:00,0.0,L1,79,221.2,1431.6,36.7,success
1.0.0,True,nakshatra-synthetic-v1,2026-10-07T20:37:10.870642,MOIL-BAL-01,MOIL-BAL-01-BL-00018,2023-10-25T06:00:00,2023-10-25T06:00:00,0.0,L3,39,338.0,555.8,32.5,success
1.0.0,True,nakshatra-synthetic-v1,2026-10-07T20:37:10.870648,MOIL-BAL-01,MOIL-BAL-01-BL-00019,2023-10-26T06:00:00,2023-10-26T06:00:00,0.0,L8,83,135.7,1082.9,21.1,success
1.0.0,True,nakshatra-synthetic-v1,2026-10-07T20:37:10.870654,MOIL-BAL-01,MOIL-BAL-01-BL-00020,2023-10-27T06:00:00,2023-10-27T06:00:00,0.0,L7,80,192.6,1697.5,19.2,success
1.0.0,True,nakshatra-synthetic-v1,2026-10-07T20:37:10.870660,MOIL-BAL-01,MOIL-BAL-01-BL-00021,2023-10-28T06:00:00,2023-10-28T06:00:00,0.0,L1,18,232.0,971.7,23.8,success
1.0.0,True,nakshatra-synthetic-v1,2026-10-07T20:37:10.870666,MOIL-BAL-01,MOIL-BAL-01-BL-00022,2023-10-29T06:00:00,2023-10-29T06:00:00,0.0,L3,51,402.9,1337.9,17.7,success
1.0.0,True,nakshatra-synthetic-v1,2026-10-07T20:37:10.870672,MOIL-BAL-01,MOIL-BAL-01-BL-00023,2023-10-30T06:00:00,2023-10-30T06:00:00,0.0,L3,66,254.3,2077.7,24.8,success
1.0.0,True,nakshatra-synthetic-v1,2026-10-07T20:37:10.870678,MOIL-BAL-01,MOIL-BAL-01-BL-00024,2023-10-31T06:00:00,2023-10-31T06:00:00,0.0,L3,41,220.1,2715.3,11.6,success
1.0.0,True,nakshatra-synthetic-v1,2026-10-07T20:37:10.870686,MOIL-BAL-01,MOIL-BAL-01-BL-00025,2023-11-01T06:00:00,2023-11-01T06:00:00,0.0,L8,53,471.6,1225.2,30.8,success
1.0.0,True,nakshatra-synthetic-v1,2026-10-07T20:37:10.870692,MOIL-BAL-01,MOIL-BAL-01-BL-00026,2023-11-02T06:00:00,2023-11-02T06:00:00,0.0,L7,71,244.7,640.2,21.5,success
1.0.0,True,nakshatra-synthetic-v1,2026-10-07T20:37:10.870698,MOIL-BAL-01,MOIL-BAL-01-BL-00027,2023-11-03T06:00:00,2023-11-03T06:00:00,0.0,L2,47,466.5,2067.5,19.4,success
1.0.0,True,nakshatra-synthetic-v1,2026-10-07T20:37:10.870704,MOIL-BAL-01,MOIL-BAL-01-BL-00028,2023-11-04T06:00:00,2023-11-04T06:00:00,0.0,L7,76,404.8,1896.8,26.8,success
1.0.0,True,nakshatra-synthetic-v1,2026-10-07T20:37:10.870710,MOIL-BAL-01,MOIL-BAL-01-BL-00029,2023-11-05T06:00:00,2023-11-05T06:00:00,0.0,L2,75,36.6,2318.6,9.6,success
1.0.0,True,nakshatra-synthetic-v1,2026-10-07T20:37:10.870716,MOIL-BAL-01,MOIL-BAL-01-BL-00030,2023-11-06T06:00:00,2023-11-06T06:00:00,0.0,L8,79,349.8,1231.3,14.3,success
1.0.0,True,nakshatra-synthetic-v1,2026-10-07T20:37:10.870722,MOIL-BAL-01,MOIL-BAL-01-BL-00031,2023-11-07T06:00:00,2023-11-07T06:00:00,0.0,L8,41,217.5,1481.9,18.2,success
1.0.0,True,nakshatra-synthetic-v1,2026-10-07T20:37:10.870728,MOIL-BAL-01,MOIL-BAL-01-BL-00032,2023-11-08T06:00:00,2023-11-08T06:00:00,0.0,L7,60,142.7,1768.4,37.0,success
1.0.0,True,nakshatra-synthetic-v1,2026-10-07T20:37:10.870735,MOIL-BAL-01,MOIL-BAL-01-BL-00033,2023-11-09T06:00:00,2023-11-09T06:00:00,0.0,L8,28,639.1,2594.9,17.6,success
1.0.0,True,nakshatra-synthetic-v1,2026-10-07T20:37:10.870741,MOIL-BAL-01,MOIL-BAL-01-BL-00034,2023-11-10T06:00:00,2023-11-10T21:21:56.298237,15.37,L4,56,287.6,1438.6,16.9,partial
1.0.0,True,nakshatra-synthetic-v1,2026-10-07T20:37:10.870748,MOIL-BAL-01,MOIL-BAL-01-BL-00035,2023-11-11T06:00:00,2023-11-11T06:50:55.434608,0.85,L5,41,106.9,1574.3,14.5,success
1.0.0,True,nakshatra-synthetic-v1,2026-10-07T20:37:10.870754,MOIL-BAL-01,MOIL-BAL-01-BL-00036,2023-11-12T06:00:00,2023-11-12T06:00:00,0.0,L4,76,106.8,1074.9,8.3,success
1.0.0,True,nakshatra-synthetic-v1,2026-10-07T20:37:10.870760,MOIL-BAL-01,MOIL-BAL-01-BL-00037,2023-11-13T06:00:00,2023-11-13T06:00:00,0.0,L3,76,365.6,992.5,5.5,success
1.0.0,True,nakshatra-synthetic-v1,2026-10-07T20:37:10.870766,MOIL-BAL-01,MOIL-BAL-01-BL-00038,2023-11-14T06:00:00,2023-11-14T06:00:00,0.0,L1,19,256.7,1661.5,38.8,success
1.0.0,True,nakshatra-synthetic-v1,2026-10-07T20:37:10.870773,MOIL-BAL-01,MOIL-BAL-01-BL-00039,2023-11-15T06:00:00,2023-11-15T06:00:00,0.0,L8,30,668.4,1814.6,18.2,success
1.0.0,True,nakshatra-synthetic-v1,2026-10-07T20:37:10.870780,MOIL-BAL-01,MOIL-BAL-01-BL-00040,2023-11-16T06:00:00,2023-11-16T11:18:48.234343,5.31,L5,82,245.2,1274.2,19.7,success
1.0.0,True,nakshatra-synthetic-v1,2026-10-07T20:37:10.870786,MOIL-BAL-01,MOIL-BAL-01-BL-00041,2023-11-17T06:00:00,2023-11-17T06:00:00,0.0,L3,85,330.5,1377.3,14.9,success
1.0.0,True,nakshatra-synthetic-v1,2026-10-07T20:37:10.870792,MOIL-BAL-01,MOIL-BAL-01-BL-00042,2023-11-18T06:00:00,2023-11-18T06:00:00,0.0,L5,55,472.1,994.2,13.7,success
1.0.0,True,nakshatra-synthetic-v1,2026-10-07T20:37:10.870799,MOIL-BAL-01,MOIL-BAL-01-BL-00043,2023-11-19T06:00:00,2023-11-19T06:00:00,0.0,L5,72,239.0,2090.5,22.3,success
1.0.0,True,nakshatra-synthetic-v1,2026-10-07T20:37:10.870806,MOIL-BAL-01,MOIL-BAL-01-BL-00044,2023-11-20T06:00:00,2023-11-20T06:00:00,0.0,L2,65,509.0,1284.2,12.9,success
1.0.0,True,nakshatra-synthetic-v1,2026-10-07T20:37:10.870812,MOIL-BAL-01,MOIL-BAL-01-BL-00045,2023-11-21T06:00:00,2023-11-21T06:00:00,0.0,L5,67,101.8,817.5,14.9,success
1.0.0,True,nakshatra-synthetic-v1,2026-10-07T20:37:10.870818,MOIL-BAL-01,MOIL-BAL-01-BL-00046,2023-11-22T06:00:00,2023-11-22T06:00:00,0.0,L3,20,164.3,1663.4,20.0,success
1.0.0,True,nakshatra-synthetic-v1,2026-10-07T20:37:10.870824,MOIL-BAL-01,MOIL-BAL-01-BL-00047,2023-11-23T06:00:00,2023-11-23T06:00:00,0.0,L6,52,335.9,1509.2,31.8,success
1.0.0,True,nakshatra-synthetic-v1,2026-10-07T20:37:10.870831,MOIL-BAL-01,MOIL-BAL-01-BL-00048,2023-11-24T06:00:00,2023-11-24T13:47:15.329378,7.79,L3,52,340.9,998.5,37.8,success
1.0.0,True,nakshatra-synthetic-v1,2026-10-07T20:37:10.870837,MOIL-BAL-01,MOIL-BAL-01-BL-00049,2023-11-25T06:00:00,2023-11-25T06:00:00,0.0,L1,73,117.9,1226.9,23.6,success
1.0.0,True,nakshatra-synthetic-v1,2026-10-07T20:37:10.870843,MOIL-BAL-01,MOIL-BAL-01-BL-00050,2023-11-26T06:00:00,2023-11-26T10:48:12.914565,4.8,L7,31,255.4,450.5,16.1,success
1.0.0,True,nakshatra-synthetic-v1,2026-10-07T20:37:10.870849,MOIL-BAL-01,MOIL-BAL-01-BL-00051,2023-11-27T06:00:00,2023-11-27T06:00:00,0.0,L4,50,432.0,3273.0,18.1,success
1.0.0,True,nakshatra-synthetic-v1,2026-10-07T20:37:10.870855,MOIL-BAL-01,MOIL-BAL-01-BL-00052,2023-11-28T06:00:00,2023-11-28T06:00:00,0.0,L3,19,641.2,1103.7,24.4,success
1.0.0,True,nakshatra-synthetic-v1,2026-10-07T20:37:10.870861,MOIL-BAL-01,MOIL-BAL-01-BL-00053,2023-11-29T06:00:00,2023-11-29T06:00:00,0.0,L8,46,279.8,3123.3,14.0,success
1.0.0,True,nakshatra-synthetic-v1,2026-10-07T20:37:10.870868,MOIL-BAL-01,MOIL-BAL-01-BL-00054,2023-11-30T06:00:00,2023-11-30T10:42:31.320697,4.71,L3,81,194.0,935.3,22.0,success
1.0.0,True,nakshatra-synthetic-v1,2026-10-07T20:37:10.870876,MOIL-BAL-01,MOIL-BAL-01-BL-00055,2023-12-01T06:00:00,2023-12-01T11:30:01.260166,5.5,L2,45,348.3,1037.7,29.9,success
1.0.0,True,nakshatra-synthetic-v1,2026-10-07T20:37:10.870882,MOIL-BAL-01,MOIL-BAL-01-BL-00056,2023-12-02T06:00:00,2023-12-02T06:00:00,0.0,L7,80,160.7,1473.5,29.3,success
1.0.0,True,nakshatra-synthetic-v1,2026-10-07T20:37:10.870888,MOIL-BAL-01,MOIL-BAL-01-BL-00057,2023-12-03T06:00:00,2023-12-03T06:00:00,0.0,L7,21,357.3,1178.3,22.6,success
1.0.0,True,nakshatra-synthetic-v1,2026-10-07T20:37:10.870894,MOIL-BAL-01,MOIL-BAL-01-BL-00058,2023-12-04T06:00:00,2023-12-04T06:00:00,0.0,L5,70,542.6,1757.4,22.3,success
1.0.0,True,nakshatra-synthetic-v1,2026-10-07T20:37:10.870900,MOIL-BAL-01,MOIL-BAL-01-BL-00059,2023-12-05T06:00:00,2023-12-05T06:00:00,0.0,L2,31,405.9,1516.3,7.8,success
1.0.0,True,nakshatra-synthetic-v1,2026-10-07T20:37:10.870906,MOIL-BAL-01,MOIL-BAL-01-BL-00060,2023-12-06T06:00:00,2023-12-06T06:00:00,0.0,L4,89,259.4,2930.6,14.8,success
1.0.0,True,nakshatra-synthetic-v1,2026-10-07T20:37:10.870912,MOIL-BAL-01,MOIL-BAL-01-BL-00061,2023-12-07T06:00:00,2023-12-07T06:00:00,0.0,L1,27,182.9,1221.0,21.6,success
1.0.0,True,nakshatra-synthetic-v1,2026-10-07T20:37:10.870918,MOIL-BAL-01,MOIL-BAL-01-BL-00062,2023-12-08T06:00:00,2023-12-08T06:00:00,0.0,L1,20,367.3,1594.0,21.5,success
1.0.0,True,nakshatra-synthetic-v1,2026-10-07T20:37:10.870924,MOIL-BAL-01,MOIL-BAL-01-BL-00063,2023-12-09T06:00:00,2023-12-09T06:00:00,0.0,L2,44,311.7,1421.8,16.6,success
1.0.0,True,nakshatra-synthetic-v1,2026-10-07T20:37:10.870930,MOIL-BAL-01,MOIL-BAL-01-BL-00064,2023-12-10T06:00:00,2023-12-10T06:00:00,0.0,L2,37,250.9,1857.6,36.2,success
1.0.0,True,nakshatra-synthetic-v1,2026-10-07T20:37:10.870936,MOIL-BAL-01,MOIL-BAL-01-BL-00065,2023-12-11T06:00:00,2023-12-11T06:00:00,0.0,L8,78,312.3,1827.0,13.5,success
1.0.0,True,nakshatra-synthetic-v1,2026-10-07T20:37:10.870943,MOIL-BAL-01,MOIL-BAL-01-BL-00066,2023-12-12T06:00:00,2023-12-12T20:14:07.584172,14.24,L3,60,235.8,890.9,20.2,partial
1.0.0,True,nakshatra-synthetic-v1,2026-10-07T20:37:10.870949,MOIL-BAL-01,MOIL-BAL-01-BL-00067,2023-12-13T06:00:00,2023-12-13T06:00:00,0.0,L3,53,633.7,873.1,25.1,success
1.0.0,True,nakshatra-synthetic-v1,2026-10-07T20:37:10.870955,MOIL-BAL-01,MOIL-BAL-01-BL-00068,2023-12-14T06:00:00,2023-12-14T06:00:00,0.0,L8,74,194.9,1361.7,24.1,success
1.0.0,True,nakshatra-synthetic-v1,2026-10-07T20:37:10.870960,MOIL-BAL-01,MOIL-BAL-01-BL-00069,2023-12-15T06:00:00,2023-12-15T06:00:00,0.0,L7,49,350.1,1609.7,14.5,success
1.0.0,True,nakshatra-synthetic-v1,2026-10-07T20:37:10.870966,MOIL-BAL-01,MOIL-BAL-01-BL-00070,2023-12-16T06:00:00,2023-12-16T06:00:00,0.0,L4,24,296.2,2163.9,13.1,success
1.0.0,True,nakshatra-synthetic-v1,2026-10-07T20:37:10.870972,MOIL-BAL-01,MOIL-BAL-01-BL-00071,2023-12-17T06:00:00,2023-12-17T06:00:00,0.0,L1,64,130.0,1859.8,4.8,success
1.0.0,True,nakshatra-synthetic-v1,2026-10-07T20:37:10.870978,MOIL-BAL-01,MOIL-BAL-01-BL-00072,2023-12-18T06:00:00,2023-12-18T06:00:00,0.0,L4,39,286.8,909.3,9.3,success
1.0.0,True,nakshatra-synthetic-v1,2026-10-07T20:37:10.870985,MOIL-BAL-01,MOIL-BAL-01-BL-00073,2023-12-19T06:00:00,2023-12-19T10:12:00.395475,4.2,L5,60,249.8,818.8,17.1,success
1.0.0,True,nakshatra-synthetic-v1,2026-10-07T20:37:10.870991,MOIL-BAL-01,MOIL-BAL-01-BL-00074,2023-12-20T06:00:00,2023-12-20T06:00:00,0.0,L6,80,445.1,968.4,16.7,success
1.0.0,True,nakshatra-synthetic-v1,2026-10-07T20:37:10.870997,MOIL-BAL-01,MOIL-BAL-01-BL-00075,2023-12-21T06:00:00,2023-12-21T06:00:00,0.0,L8,19,420.9,2189.2,16.7,success
1.0.0,True,nakshatra-synthetic-v1,2026-10-07T20:37:10.871003,MOIL-BAL-01,MOIL-BAL-01-BL-00076,2023-12-22T06:00:00,2023-12-22T06:00:00,0.0,L6,70,167.2,2097.0,26.2,success
1.0.0,True,nakshatra-synthetic-v1,2026-10-07T20:37:10.871009,MOIL-BAL-01,MOIL-BAL-01-BL-00077,2023-12-23T06:00:00,2023-12-23T06:00:00,0.0,L5,28,1099.3,1473.0,14.9,success
1.0.0,True,nakshatra-synthetic-v1,2026-10-07T20:37:10.871015,MOIL-BAL-01,MOIL-BAL-01-BL-00078,2023-12-24T06:00:00,2023-12-24T06:00:00,0.0,L2,34,521.8,2103.5,18.3,success
1.0.0,True,nakshatra-synthetic-v1,2026-10-07T20:37:10.871023,MOIL-BAL-01,MOIL-BAL-01-BL-00079,2023-12-25T06:00:00,2023-12-25T06:00:00,0.0,L1,61,675.9,2197.0,20.5,success
1.0.0,True,nakshatra-synthetic-v1,2026-10-07T20:37:10.871029,MOIL-BAL-01,MOIL-BAL-01-BL-00080,2023-12-26T06:00:00,2023-12-26T06:00:00,0.0,L4,38,233.2,1451.0,24.3,success
1.0.0,True,nakshatra-synthetic-v1,2026-10-07T20:37:10.871035,MOIL-BAL-01,MOIL-BAL-01-BL-00081,2023-12-27T06:00:00,2023-12-27T19:06:44.554738,13.11,L4,66,232.5,3825.7,31.1,partial
1.0.0,True,nakshatra-synthetic-v1,2026-10-07T20:37:10.871041,MOIL-BAL-01,MOIL-BAL-01-BL-00082,2023-12-28T06:00:00,2023-12-28T06:00:00,0.0,L7,87,520.0,1830.9,25.3,success
1.0.0,True,nakshatra-synthetic-v1,2026-10-07T20:37:10.871047,MOIL-BAL-01,MOIL-BAL-01-BL-00083,2023-12-29T06:00:00,2023-12-29T06:00:00,0.0,L3,23,586.7,1458.8,12.2,success
1.0.0,True,nakshatra-synthetic-v1,2026-10-07T20:37:10.871053,MOIL-BAL-01,MOIL-BAL-01-BL-00084,2023-12-30T06:00:00,2023-12-30T06:00:00,0.0,L8,64,414.8,1660.3,25.8,success
1.0.0,True,nakshatra-synthetic-v1,2026-10-07T20:37:10.871059,MOIL-BAL-01,MOIL-BAL-01-BL-00085,2023-12-31T06:00:00,2023-12-31T06:00:00,0.0,L4,36,243.6,1525.3,14.5,success
1.0.0,True,nakshatra-synthetic-v1,2026-10-07T20:37:10.871065,MOIL-BAL-01,MOIL-BAL-01-BL-00086,2024-01-01T06:00:00,2024-01-01T06:00:00,0.0,L2,86,353.5,2507.0,28.8,success
1.0.0,True,nakshatra-synthetic-v1,2026-10-07T20:37:10.871072,MOIL-BAL-01,MOIL-BAL-01-BL-00087,2024-01-02T06:00:00,2024-01-02T06:00:00,0.0,L7,21,332.8,1554.1,14.3,success
1.0.0,True,nakshatra-synthetic-v1,2026-10-07T20:37:10.871078,MOIL-BAL-01,MOIL-BAL-01-BL-00088,2024-01-03T06:00:00,2024-01-03T06:00:00,0.0,L7,48,363.8,2256.8,13.2,success
1.0.0,True,nakshatra-synthetic-v1,2026-10-07T20:37:10.871084,MOIL-BAL-01,MOIL-BAL-01-BL-00089,2024-01-04T06:00:00,2024-01-04T06:00:00,0.0,L8,35,314.7,1967.2,11.6,success
1.0.0,True,nakshatra-synthetic-v1,2026-10-07T20:37:10.871092,MOIL-BAL-01,MOIL-BAL-01-BL-00090,2024-01-05T06:00:00,2024-01-05T06:00:00,0.0,L7,63,274.6,2214.1,18.8,success
1.0.0,True,nakshatra-synthetic-v1,2026-10-07T20:37:10.871098,MOIL-BAL-01,MOIL-BAL-01-BL-00091,2024-01-06T06:00:00,2024-01-06T06:00:00,0.0,L6,82,555.7,2943.4,13.4,success
1.0.0,True,nakshatra-synthetic-v1,2026-10-07T20:37:10.871104,MOIL-BAL-01,MOIL-BAL-01-BL-00092,2024-01-07T06:00:00,2024-01-07T06:00:00,0.0,L2,77,189.9,1469.7,25.5,success
1.0.0,True,nakshatra-synthetic-v1,2026-10-07T20:37:10.871110,MOIL-BAL-01,MOIL-BAL-01-BL-00093,2024-01-08T06:00:00,2024-01-08T06:00:00,0.0,L8,36,346.1,1553.7,24.7,success
1.0.0,True,nakshatra-synthetic-v1,2026-10-07T20:37:10.871116,MOIL-BAL-01,MOIL-BAL-01-BL-00094,2024-01-09T06:00:00,2024-01-09T06:00:00,0.0,L2,59,366.6,1350.2,28.7,success
1.0.0,True,nakshatra-synthetic-v1,2026-10-07T20:37:10.871122,MOIL-BAL-01,MOIL-BAL-01-BL-00095,2024-01-10T06:00:00,2024-01-10T06:00:00,0.0,L7,68,644.7,1324.0,27.9,success
1.0.0,True,nakshatra-synthetic-v1,2026-10-07T20:37:10.871128,MOIL-BAL-01,MOIL-BAL-01-BL-00096,2024-01-11T06:00:00,2024-01-11T06:00:00,0.0,L2,63,232.1,1290.1,22.4,success
1.0.0,True,nakshatra-synthetic-v1,2026-10-07T20:37:10.871134,MOIL-BAL-01,MOIL-BAL-01-BL-00097,2024-01-12T06:00:00,2024-01-12T06:00:00,0.0,L7,43,336.3,1598.1,24.5,success
1.0.0,True,nakshatra-synthetic-v1,2026-10-07T20:37:10.871141,MOIL-BAL-01,MOIL-BAL-01-BL-00098,2024-01-13T06:00:00,2024-01-13T06:00:00,0.0,L7,53,287.9,1480.7,9.5,success
1.0.0,True,nakshatra-synthetic-v1,2026-10-07T20:37:10.871147,MOIL-BAL-01,MOIL-BAL-01-BL-00099,2024-01-14T06:00:00,2024-01-14T06:00:00,0.0,L5,33,157.0,1272.2,13.4,success
1.0.0,True,nakshatra-synthetic-v1,2026-10-07T20:37:10.871153,MOIL-BAL-01,MOIL-BAL-01-BL-00100,2024-01-15T06:00:00,2024-01-15T06:00:00,0.0,L2,19,464.0,1240.7,8.1,success
1.0.0,True,nakshatra-synthetic-v1,2026-10-07T20:37:10.871159,MOIL-BAL-01,MOIL-BAL-01-BL-00101,2024-01-16T06:00:00,2024-01-16T06:00:00,0.0,L8,87,336.8,1048.4,21.4,success
1.0.0,True,nakshatra-synthetic-v1,2026-10-07T20:37:10.871165,MOIL-BAL-01,MOIL-BAL-01-BL-00102,2024-01-17T06:00:00,2024-01-17T06:00:00,0.0,L3,79,177.3,670.8,32.5,success
1.0.0,True,nakshatra-synthetic-v1,2026-10-07T20:37:10.871172,MOIL-BAL-01,MOIL-BAL-01-BL-00103,2024-01-18T06:00:00,2024-01-18T06:23:58.058765,0.4,L3,80,292.8,1079.8,14.9,success
1.0.0,True,nakshatra-synthetic-v1,2026-10-07T20:37:10.871178,MOIL-BAL-01,MOIL-BAL-01-BL-00104,2024-01-19T06:00:00,2024-01-19T06:00:00,0.0,L1,44,311.3,1536.8,12.2,success
1.0.0,True,nakshatra-synthetic-v1,2026-10-07T20:37:10.871184,MOIL-BAL-01,MOIL-BAL-01-BL-00105,2024-01-20T06:00:00,2024-01-20T06:00:00,0.0,L1,28,234.6,1674.8,16.1,success
1.0.0,True,nakshatra-synthetic-v1,2026-10-07T20:37:10.871190,MOIL-BAL-01,MOIL-BAL-01-BL-00106,2024-01-21T06:00:00,2024-01-21T06:00:00,0.0,L8,54,133.5,3458.7,16.9,success
1.0.0,True,nakshatra-synthetic-v1,2026-10-07T20:37:10.871196,MOIL-BAL-01,MOIL-BAL-01-BL-00107,2024-01-22T06:00:00,2024-01-22T06:00:00,0.0,L7,69,332.8,1516.9,39.0,success
1.0.0,True,nakshatra-synthetic-v1,2026-10-07T20:37:10.871202,MOIL-BAL-01,MOIL-BAL-01-BL-00108,2024-01-23T06:00:00,2024-01-23T06:00:00,0.0,L1,37,428.1,687.5,17.9,success
1.0.0,True,nakshatra-synthetic-v1,2026-10-07T20:37:10.871208,MOIL-BAL-01,MOIL-BAL-01-BL-00109,2024-01-24T06:00:00,2024-01-24T06:00:00,0.0,L3,44,404.0,1874.0,32.8,success
1.0.0,True,nakshatra-synthetic-v1,2026-10-07T20:37:10.871214,MOIL-BAL-01,MOIL-BAL-01-BL-00110,2024-01-25T06:00:00,2024-01-25T06:00:00,0.0,L3,85,395.3,789.0,20.2,success
1.0.0,True,nakshatra-synthetic-v1,2026-10-07T20:37:10.871220,MOIL-BAL-01,MOIL-BAL-01-BL-00111,2024-01-26T06:00:00,2024-01-26T06:00:00,0.0,L6,72,345.3,1808.1,12.5,success
1.0.0,True,nakshatra-synthetic-v1,2026-10-07T20:37:10.871226,MOIL-BAL-01,MOIL-BAL-01-BL-00112,2024-01-27T06:00:00,2024-01-27T06:00:00,0.0,L7,63,246.1,730.4,27.4,success
1.0.0,True,nakshatra-synthetic-v1,2026-10-07T20:37:10.871232,MOIL-BAL-01,MOIL-BAL-01-BL-00113,2024-01-28T06:00:00,2024-01-28T06:00:00,0.0,L1,75,156.9,1384.3,9.2,success
1.0.0,True,nakshatra-synthetic-v1,2026-10-07T20:37:10.871238,MOIL-BAL-01,MOIL-BAL-01-BL-00114,2024-01-29T06:00:00,2024-01-29T06:00:00,0.0,L5,27,188.9,573.7,13.4,success
1.0.0,True,nakshatra-synthetic-v1,2026-10-07T20:37:10.871245,MOIL-BAL-01,MOIL-BAL-01-BL-00115,2024-01-30T06:00:00,2024-01-30T06:00:00,0.0,L3,47,131.2,1270.1,14.0,success
1.0.0,True,nakshatra-synthetic-v1,2026-10-07T20:37:10.871251,MOIL-BAL-01,MOIL-BAL-01-BL-00116,2024-01-31T06:00:00,2024-01-31T06:00:00,0.0,L1,60,206.7,2052.8,23.6,success
1.0.0,True,nakshatra-synthetic-v1,2026-10-07T20:37:10.871257,MOIL-BAL-01,MOIL-BAL-01-BL-00117,2024-02-01T06:00:00,2024-02-01T06:00:00,0.0,L1,27,429.2,613.4,37.2,success
1.0.0,True,nakshatra-synthetic-v1,2026-10-07T20:37:10.871264,MOIL-BAL-01,MOIL-BAL-01-BL-00118,2024-02-02T06:00:00,2024-02-02T06:00:00,0.0,L8,25,598.8,1429.7,25.9,success
1.0.0,True,nakshatra-synthetic-v1,2026-10-07T20:37:10.871271,MOIL-BAL-01,MOIL-BAL-01-BL-00119,2024-02-03T06:00:00,2024-02-03T06:00:00,0.0,L6,42,232.3,1585.6,17.9,success
1.0.0,True,nakshatra-synthetic-v1,2026-10-07T20:37:10.871277,MOIL-BAL-01,MOIL-BAL-01-BL-00120,2024-02-04T06:00:00,2024-02-04T06:00:00,0.0,L3,76,160.2,3003.0,24.0,success
1.0.0,True,nakshatra-synthetic-v1,2026-10-07T20:37:10.871283,MOIL-BAL-01,MOIL-BAL-01-BL-00121,2024-02-05T06:00:00,2024-02-05T06:00:00,0.0,L8,19,329.1,2761.5,14.1,success
1.0.0,True,nakshatra-synthetic-v1,2026-10-07T20:37:10.871289,MOIL-BAL-01,MOIL-BAL-01-BL-00122,2024-02-06T06:00:00,2024-02-06T06:00:00,0.0,L8,74,520.7,2059.0,23.0,success
1.0.0,True,nakshatra-synthetic-v1,2026-10-07T20:37:10.871295,MOIL-BAL-01,MOIL-BAL-01-BL-00123,2024-02-07T06:00:00,2024-02-07T06:00:00,0.0,L1,46,301.5,1544.9,18.0,success
1.0.0,True,nakshatra-synthetic-v1,2026-10-07T20:37:10.871301,MOIL-BAL-01,MOIL-BAL-01-BL-00124,2024-02-08T06:00:00,2024-02-08T06:00:00,0.0,L5,71,680.8,1129.3,24.1,success
1.0.0,True,nakshatra-synthetic-v1,2026-10-07T20:37:10.871307,MOIL-BAL-01,MOIL-BAL-01-BL-00125,2024-02-09T06:00:00,2024-02-09T06:00:00,0.0,L3,47,215.3,1070.1,10.7,success
1.0.0,True,nakshatra-synthetic-v1,2026-10-07T20:37:10.871313,MOIL-BAL-01,MOIL-BAL-01-BL-00126,2024-02-10T06:00:00,2024-02-10T06:00:00,0.0,L4,65,182.6,1629.5,21.3,success
1.0.0,True,nakshatra-synthetic-v1,2026-10-07T20:37:10.871319,MOIL-BAL-01,MOIL-BAL-01-BL-00127,2024-02-11T06:00:00,2024-02-11T06:00:00,0.0,L8,59,280.6,1114.7,21.3,success
1.0.0,True,nakshatra-synthetic-v1,2026-10-07T20:37:10.871325,MOIL-BAL-01,MOIL-BAL-01-BL-00128,2024-02-12T06:00:00,2024-02-12T06:00:00,0.0,L7,70,333.1,1325.6,18.2,success
1.0.0,True,nakshatra-synthetic-v1,2026-10-07T20:37:10.871331,MOIL-BAL-01,MOIL-BAL-01-BL-00129,2024-02-13T06:00:00,2024-02-13T06:00:00,0.0,L4,50,332.9,1246.0,40.0,success
1.0.0,True,nakshatra-synthetic-v1,2026-10-07T20:37:10.871337,MOIL-BAL-01,MOIL-BAL-01-BL-00130,2024-02-14T06:00:00,2024-02-14T06:00:00,0.0,L6,58,134.3,1817.9,19.4,success
1.0.0,True,nakshatra-synthetic-v1,2026-10-07T20:37:10.871343,MOIL-BAL-01,MOIL-BAL-01-BL-00131,2024-02-15T06:00:00,2024-02-15T06:00:00,0.0,L3,59,560.6,2321.1,10.9,success
1.0.0,True,nakshatra-synthetic-v1,2026-10-07T20:37:10.871349,MOIL-BAL-01,MOIL-BAL-01-BL-00132,2024-02-16T06:00:00,2024-02-16T06:00:00,0.0,L6,44,456.4,965.5,12.1,success
1.0.0,True,nakshatra-synthetic-v1,2026-10-07T20:37:10.871355,MOIL-BAL-01,MOIL-BAL-01-BL-00133,2024-02-17T06:00:00,2024-02-17T06:00:00,0.0,L4,58,551.9,856.7,13.4,success
1.0.0,True,nakshatra-synthetic-v1,2026-10-07T20:37:10.871361,MOIL-BAL-01,MOIL-BAL-01-BL-00134,2024-02-18T06:00:00,2024-02-18T06:00:00,0.0,L1,31,339.6,3173.6,7.2,success
1.0.0,True,nakshatra-synthetic-v1,2026-10-07T20:37:10.871367,MOIL-BAL-01,MOIL-BAL-01-BL-00135,2024-02-19T06:00:00,2024-02-19T06:00:00,0.0,L1,18,444.0,1201.6,30.5,success
1.0.0,True,nakshatra-synthetic-v1,2026-10-07T20:37:10.871375,MOIL-BAL-01,MOIL-BAL-01-BL-00136,2024-02-20T06:00:00,2024-02-20T06:00:00,0.0,L2,62,367.1,1928.7,13.8,success
1.0.0,True,nakshatra-synthetic-v1,2026-10-07T20:37:10.871381,MOIL-BAL-01,MOIL-BAL-01-BL-00137,2024-02-21T06:00:00,2024-02-21T06:00:00,0.0,L6,76,283.2,1877.4,21.5,success
1.0.0,True,nakshatra-synthetic-v1,2026-10-07T20:37:10.871387,MOIL-BAL-01,MOIL-BAL-01-BL-00138,2024-02-22T06:00:00,2024-02-22T06:00:00,0.0,L8,69,377.7,2020.6,16.4,success
1.0.0,True,nakshatra-synthetic-v1,2026-10-07T20:37:10.871393,MOIL-BAL-01,MOIL-BAL-01-BL-00139,2024-02-23T06:00:00,2024-02-23T06:00:00,0.0,L4,60,188.4,1057.9,22.5,success
1.0.0,True,nakshatra-synthetic-v1,2026-10-07T20:37:10.871399,MOIL-BAL-01,MOIL-BAL-01-BL-00140,2024-02-24T06:00:00,2024-02-24T15:38:38.663559,9.64,L6,61,486.9,1042.6,9.0,success
1.0.0,True,nakshatra-synthetic-v1,2026-10-07T20:37:10.871405,MOIL-BAL-01,MOIL-BAL-01-BL-00141,2024-02-25T06:00:00,2024-02-25T06:00:00,0.0,L2,85,210.7,2208.7,30.4,success
1.0.0,True,nakshatra-synthetic-v1,2026-10-07T20:37:10.871411,MOIL-BAL-01,MOIL-BAL-01-BL-00142,2024-02-26T06:00:00,2024-02-26T06:00:00,0.0,L5,57,749.1,2338.5,17.2,success
1.0.0,True,nakshatra-synthetic-v1,2026-10-07T20:37:10.871417,MOIL-BAL-01,MOIL-BAL-01-BL-00143,2024-02-27T06:00:00,2024-02-27T06:00:00,0.0,L6,41,188.1,2817.5,14.1,success
1.0.0,True,nakshatra-synthetic-v1,2026-10-07T20:37:10.871423,MOIL-BAL-01,MOIL-BAL-01-BL-00144,2024-02-28T06:00:00,2024-02-28T06:00:00,0.0,L3,77,183.3,2664.4,30.0,success
1.0.0,True,nakshatra-synthetic-v1,2026-10-07T20:37:10.871429,MOIL-BAL-01,MOIL-BAL-01-BL-00145,2024-02-29T06:00:00,2024-02-29T06:00:00,0.0,L7,83,334.2,1763.3,18.0,success
1.0.0,True,nakshatra-synthetic-v1,2026-10-07T20:37:10.871435,MOIL-BAL-01,MOIL-BAL-01-BL-00146,2024-03-01T06:00:00,2024-03-01T06:00:00,0.0,L2,87,222.5,1321.3,16.0,success
1.0.0,True,nakshatra-synthetic-v1,2026-10-07T20:37:10.871441,MOIL-BAL-01,MOIL-BAL-01-BL-00147,2024-03-02T06:00:00,2024-03-02T06:00:00,0.0,L8,48,468.5,521.5,21.6,success
1.0.0,True,nakshatra-synthetic-v1,2026-10-07T20:37:10.871447,MOIL-BAL-01,MOIL-BAL-01-BL-00148,2024-03-03T06:00:00,2024-03-03T06:00:00,0.0,L1,54,112.0,713.0,5.5,success
1.0.0,True,nakshatra-synthetic-v1,2026-10-07T20:37:10.871455,MOIL-BAL-01,MOIL-BAL-01-BL-00149,2024-03-04T06:00:00,2024-03-04T14:21:02.258130,8.35,L7,46,329.0,1129.8,13.7,success
1.0.0,True,nakshatra-synthetic-v1,2026-10-07T20:37:10.871461,MOIL-BAL-01,MOIL-BAL-01-BL-00150,2024-03-05T06:00:00,2024-03-05T06:00:00,0.0,L3,34,393.8,1300.8,16.7,success
1.0.0,True,nakshatra-synthetic-v1,2026-10-07T20:37:10.871467,MOIL-BAL-01,MOIL-BAL-01-BL-00151,2024-03-06T06:00:00,2024-03-06T06:00:00,0.0,L6,58,230.6,833.9,19.3,success
1.0.0,True,nakshatra-synthetic-v1,2026-10-07T20:37:10.871473,MOIL-BAL-01,MOIL-BAL-01-BL-00152,2024-03-07T06:00:00,2024-03-07T06:00:00,0.0,L6,60,328.1,1755.8,8.8,success
1.0.0,True,nakshatra-synthetic-v1,2026-10-07T20:37:10.871479,MOIL-BAL-01,MOIL-BAL-01-BL-00153,2024-03-08T06:00:00,2024-03-08T06:00:00,0.0,L6,67,479.9,593.9,16.8,success
1.0.0,True,nakshatra-synthetic-v1,2026-10-07T20:37:10.871485,MOIL-BAL-01,MOIL-BAL-01-BL-00154,2024-03-09T06:00:00,2024-03-09T06:00:00,0.0,L4,72,537.6,2408.1,17.0,success
1.0.0,True,nakshatra-synthetic-v1,2026-10-07T20:37:10.871491,MOIL-BAL-01,MOIL-BAL-01-BL-00155,2024-03-10T06:00:00,2024-03-10T06:00:00,0.0,L2,61,374.3,1598.0,17.4,success
1.0.0,True,nakshatra-synthetic-v1,2026-10-07T20:37:10.871497,MOIL-BAL-01,MOIL-BAL-01-BL-00156,2024-03-11T06:00:00,2024-03-11T06:00:00,0.0,L8,18,254.8,1513.4,29.1,success
1.0.0,True,nakshatra-synthetic-v1,2026-10-07T20:37:10.871503,MOIL-BAL-01,MOIL-BAL-01-BL-00157,2024-03-12T06:00:00,2024-03-12T17:01:37.310634,11.03,L4,18,265.8,1313.4,21.8,success
1.0.0,True,nakshatra-synthetic-v1,2026-10-07T20:37:10.871509,MOIL-BAL-01,MOIL-BAL-01-BL-00158,2024-03-13T06:00:00,2024-03-13T06:00:00,0.0,L8,76,284.5,1190.3,13.2,success
1.0.0,True,nakshatra-synthetic-v1,2026-10-07T20:37:10.871516,MOIL-BAL-01,MOIL-BAL-01-BL-00159,2024-03-14T06:00:00,2024-03-14T06:00:00,0.0,L6,61,172.6,437.0,25.1,success
1.0.0,True,nakshatra-synthetic-v1,2026-10-07T20:37:10.871522,MOIL-BAL-01,MOIL-BAL-01-BL-00160,2024-03-15T06:00:00,2024-03-15T06:00:00,0.0,L8,38,329.7,1104.5,14.7,success
1.0.0,True,nakshatra-synthetic-v1,2026-10-07T20:37:10.871528,MOIL-BAL-01,MOIL-BAL-01-BL-00161,2024-03-16T06:00:00,2024-03-16T06:00:00,0.0,L5,30,322.4,758.0,36.6,success
1.0.0,True,nakshatra-synthetic-v1,2026-10-07T20:37:10.871534,MOIL-BAL-01,MOIL-BAL-01-BL-00162,2024-03-17T06:00:00,2024-03-17T06:00:00,0.0,L6,75,396.5,1352.4,26.4,success
1.0.0,True,nakshatra-synthetic-v1,2026-10-07T20:37:10.871540,MOIL-BAL-01,MOIL-BAL-01-BL-00163,2024-03-18T06:00:00,2024-03-18T06:00:00,0.0,L7,31,104.1,2450.9,16.7,success
1.0.0,True,nakshatra-synthetic-v1,2026-10-07T20:37:10.871546,MOIL-BAL-01,MOIL-BAL-01-BL-00164,2024-03-19T06:00:00,2024-03-19T06:00:00,0.0,L1,65,558.7,1456.1,8.2,success
1.0.0,True,nakshatra-synthetic-v1,2026-10-07T20:37:10.871552,MOIL-BAL-01,MOIL-BAL-01-BL-00165,2024-03-20T06:00:00,2024-03-20T06:00:00,0.0,L1,31,195.8,1259.6,11.3,success
1.0.0,True,nakshatra-synthetic-v1,2026-10-07T20:37:10.871558,MOIL-BAL-01,MOIL-BAL-01-BL-00166,2024-03-21T06:00:00,2024-03-21T06:00:00,0.0,L7,46,100.1,948.1,16.9,success
1.0.0,True,nakshatra-synthetic-v1,2026-10-07T20:37:10.871564,MOIL-BAL-01,MOIL-BAL-01-BL-00167,2024-03-22T06:00:00,2024-03-22T13:21:17.437537,7.35,L4,80,291.2,1205.0,16.5,success
1.0.0,True,nakshatra-synthetic-v1,2026-10-07T20:37:10.871570,MOIL-BAL-01,MOIL-BAL-01-BL-00168,2024-03-23T06:00:00,2024-03-23T06:00:00,0.0,L4,23,233.3,1971.2,17.0,success
1.0.0,True,nakshatra-synthetic-v1,2026-10-07T20:37:10.871576,MOIL-BAL-01,MOIL-BAL-01-BL-00169,2024-03-24T06:00:00,2024-03-24T06:00:00,0.0,L7,47,308.1,724.2,25.3,success
1.0.0,True,nakshatra-synthetic-v1,2026-10-07T20:37:10.871582,MOIL-BAL-01,MOIL-BAL-01-BL-00170,2024-03-25T06:00:00,2024-03-25T06:00:00,0.0,L7,34,263.8,1663.2,43.4,success
1.0.0,True,nakshatra-synthetic-v1,2026-10-07T20:37:10.871588,MOIL-BAL-01,MOIL-BAL-01-BL-00171,2024-03-26T06:00:00,2024-03-26T06:00:00,0.0,L6,52,266.9,1747.4,14.9,success
1.0.0,True,nakshatra-synthetic-v1,2026-10-07T20:37:10.871594,MOIL-BAL-01,MOIL-BAL-01-BL-00172,2024-03-27T06:00:00,2024-03-27T06:00:00,0.0,L1,66,583.9,1232.4,14.0,success
1.0.0,True,nakshatra-synthetic-v1,2026-10-07T20:37:10.871600,MOIL-BAL-01,MOIL-BAL-01-BL-00173,2024-03-28T06:00:00,2024-03-28T06:00:00,0.0,L3,77,170.2,1843.6,34.2,success
1.0.0,True,nakshatra-synthetic-v1,2026-10-07T20:37:10.871606,MOIL-BAL-01,MOIL-BAL-01-BL-00174,2024-03-29T06:00:00,2024-03-29T06:00:00,0.0,L3,80,375.0,1254.8,12.3,success
1.0.0,True,nakshatra-synthetic-v1,2026-10-07T20:37:10.871612,MOIL-BAL-01,MOIL-BAL-01-BL-00175,2024-03-30T06:00:00,2024-03-30T06:00:00,0.0,L8,74,573.8,1127.3,9.1,success
1.0.0,True,nakshatra-synthetic-v1,2026-10-07T20:37:10.871618,MOIL-BAL-01,MOIL-BAL-01-BL-00176,2024-03-31T06:00:00,2024-03-31T06:00:00,0.0,L7,44,343.4,2118.2,21.1,success
1.0.0,True,nakshatra-synthetic-v1,2026-10-07T20:37:10.871624,MOIL-BAL-01,MOIL-BAL-01-BL-00177,2024-04-01T06:00:00,2024-04-01T06:00:00,0.0,L3,29,678.1,907.1,16.2,success
1.0.0,True,nakshatra-synthetic-v1,2026-10-07T20:37:10.871630,MOIL-BAL-01,MOIL-BAL-01-BL-00178,2024-04-02T06:00:00,2024-04-02T06:00:00,0.0,L1,44,331.8,1290.4,16.1,success
1.0.0,True,nakshatra-synthetic-v1,2026-10-07T20:37:10.871636,MOIL-BAL-01,MOIL-BAL-01-BL-00179,2024-04-03T06:00:00,2024-04-03T06:00:00,0.0,L8,42,267.9,1173.7,30.5,success
1.0.0,True,nakshatra-synthetic-v1,2026-10-07T20:37:10.871643,MOIL-BAL-01,MOIL-BAL-01-BL-00180,2024-04-04T06:00:00,2024-04-04T06:00:00,0.0,L7,57,107.6,2099.3,14.6,success
1.0.0,True,nakshatra-synthetic-v1,2026-10-07T20:37:10.871649,MOIL-BAL-01,MOIL-BAL-01-BL-00181,2024-04-05T06:00:00,2024-04-05T06:00:00,0.0,L2,33,589.9,1773.4,13.9,success
1.0.0,True,nakshatra-synthetic-v1,2026-10-07T20:37:10.871655,MOIL-BAL-01,MOIL-BAL-01-BL-00182,2024-04-06T06:00:00,2024-04-06T06:00:00,0.0,L8,64,189.8,1891.0,34.7,success
1.0.0,True,nakshatra-synthetic-v1,2026-10-07T20:37:10.871662,MOIL-BAL-01,MOIL-BAL-01-BL-00183,2024-04-07T06:00:00,2024-04-07T06:00:00,0.0,L2,52,94.4,693.7,19.1,success
1.0.0,True,nakshatra-synthetic-v1,2026-10-07T20:37:10.871669,MOIL-BAL-01,MOIL-BAL-01-BL-00184,2024-04-08T06:00:00,2024-04-08T09:51:02.616926,3.85,L1,68,451.1,1947.5,17.8,success
1.0.0,True,nakshatra-synthetic-v1,2026-10-07T20:37:10.871675,MOIL-BAL-01,MOIL-BAL-01-BL-00185,2024-04-09T06:00:00,2024-04-09T14:32:02.439402,8.53,L7,53,210.7,2218.0,12.0,success
1.0.0,True,nakshatra-synthetic-v1,2026-10-07T20:37:10.871682,MOIL-BAL-01,MOIL-BAL-01-BL-00186,2024-04-10T06:00:00,2024-04-10T14:39:41.685168,8.66,L6,73,516.6,2071.4,9.6,success
1.0.0,True,nakshatra-synthetic-v1,2026-10-07T20:37:10.871689,MOIL-BAL-01,MOIL-BAL-01-BL-00187,2024-04-11T06:00:00,2024-04-11T06:00:00,0.0,L5,29,75.6,1056.2,23.2,success
1.0.0,True,nakshatra-synthetic-v1,2026-10-07T20:37:10.871695,MOIL-BAL-01,MOIL-BAL-01-BL-00188,2024-04-12T06:00:00,2024-04-12T06:00:00,0.0,L6,59,164.8,1223.0,23.7,success
1.0.0,True,nakshatra-synthetic-v1,2026-10-07T20:37:10.871701,MOIL-BAL-01,MOIL-BAL-01-BL-00189,2024-04-13T06:00:00,2024-04-13T06:00:00,0.0,L3,55,245.5,1535.6,9.8,success
1.0.0,True,nakshatra-synthetic-v1,2026-10-07T20:37:10.871707,MOIL-BAL-01,MOIL-BAL-01-BL-00190,2024-04-14T06:00:00,2024-04-14T06:00:00,0.0,L7,71,287.7,1550.3,15.3,success
1.0.0,True,nakshatra-synthetic-v1,2026-10-07T20:37:10.871713,MOIL-BAL-01,MOIL-BAL-01-BL-00191,2024-04-15T06:00:00,2024-04-15T06:00:00,0.0,L8,56,275.5,1931.6,24.3,success
1.0.0,True,nakshatra-synthetic-v1,2026-10-07T20:37:10.871719,MOIL-BAL-01,MOIL-BAL-01-BL-00192,2024-04-16T06:00:00,2024-04-16T06:00:00,0.0,L6,60,499.1,2015.9,35.8,success
1.0.0,True,nakshatra-synthetic-v1,2026-10-07T20:37:10.871725,MOIL-BAL-01,MOIL-BAL-01-BL-00193,2024-04-17T06:00:00,2024-04-17T06:00:00,0.0,L8,60,143.2,1450.8,15.9,success
1.0.0,True,nakshatra-synthetic-v1,2026-10-07T20:37:10.871732,MOIL-BAL-01,MOIL-BAL-01-BL-00194,2024-04-18T06:00:00,2024-04-18T14:31:49.340487,8.53,L7,19,151.2,1321.6,12.5,success
1.0.0,True,nakshatra-synthetic-v1,2026-10-07T20:37:10.871739,MOIL-BAL-01,MOIL-BAL-01-BL-00195,2024-04-19T06:00:00,2024-04-19T06:00:00,0.0,L8,81,185.4,1042.6,35.4,success
1.0.0,True,nakshatra-synthetic-v1,2026-10-07T20:37:10.871746,MOIL-BAL-01,MOIL-BAL-01-BL-00196,2024-04-20T06:00:00,2024-04-20T06:00:00,0.0,L1,75,512.0,1259.5,10.9,success
1.0.0,True,nakshatra-synthetic-v1,2026-10-07T20:37:10.871752,MOIL-BAL-01,MOIL-BAL-01-BL-00197,2024-04-21T06:00:00,2024-04-22T02:58:52.037865,20.98,L3,44,341.2,1698.2,10.4,partial
1.0.0,True,nakshatra-synthetic-v1,2026-10-07T20:37:10.871758,MOIL-BAL-01,MOIL-BAL-01-BL-00198,2024-04-22T06:00:00,2024-04-22T06:00:00,0.0,L1,44,228.8,1215.2,15.9,success
1.0.0,True,nakshatra-synthetic-v1,2026-10-07T20:37:10.871765,MOIL-BAL-01,MOIL-BAL-01-BL-00199,2024-04-23T06:00:00,2024-04-23T06:00:00,0.0,L8,40,251.5,1505.7,15.4,success
1.0.0,True,nakshatra-synthetic-v1,2026-10-07T20:37:10.871771,MOIL-BAL-01,MOIL-BAL-01-BL-00200,2024-04-24T06:00:00,2024-04-24T06:00:00,0.0,L2,62,129.7,1850.0,19.2,success
1.0.0,True,nakshatra-synthetic-v1,2026-10-07T20:37:10.871778,MOIL-BAL-01,MOIL-BAL-01-BL-00201,2024-04-25T06:00:00,2024-04-25T19:46:31.283883,13.78,L6,41,258.2,880.3,19.8,partial
1.0.0,True,nakshatra-synthetic-v1,2026-10-07T20:37:10.871784,MOIL-BAL-01,MOIL-BAL-01-BL-00202,2024-04-26T06:00:00,2024-04-26T06:00:00,0.0,L8,65,307.5,645.8,15.7,success
1.0.0,True,nakshatra-synthetic-v1,2026-10-07T20:37:10.871791,MOIL-BAL-01,MOIL-BAL-01-BL-00203,2024-04-27T06:00:00,2024-04-27T13:57:49.012879,7.96,L3,53,302.6,2397.3,15.0,success
1.0.0,True,nakshatra-synthetic-v1,2026-10-07T20:37:10.871797,MOIL-BAL-01,MOIL-BAL-01-BL-00204,2024-04-28T06:00:00,2024-04-28T06:00:00,0.0,L6,58,576.6,1767.9,35.8,success
1.0.0,True,nakshatra-synthetic-v1,2026-10-07T20:37:10.871803,MOIL-BAL-01,MOIL-BAL-01-BL-00205,2024-04-29T06:00:00,2024-04-29T06:00:00,0.0,L4,40,180.4,2336.7,14.9,success
1.0.0,True,nakshatra-synthetic-v1,2026-10-07T20:37:10.871809,MOIL-BAL-01,MOIL-BAL-01-BL-00206,2024-04-30T06:00:00,2024-04-30T11:52:35.774749,5.88,L3,35,167.8,1643.3,15.0,success
1.0.0,True,nakshatra-synthetic-v1,2026-10-07T20:37:10.871816,MOIL-BAL-01,MOIL-BAL-01-BL-00207,2024-05-01T06:00:00,2024-05-01T09:08:48.072216,3.15,L8,63,307.7,580.8,12.9,success
1.0.0,True,nakshatra-synthetic-v1,2026-10-07T20:37:10.871822,MOIL-BAL-01,MOIL-BAL-01-BL-00208,2024-05-02T06:00:00,2024-05-02T15:05:33.025885,9.09,L7,25,339.7,1152.1,20.1,success
1.0.0,True,nakshatra-synthetic-v1,2026-10-07T20:37:10.871828,MOIL-BAL-01,MOIL-BAL-01-BL-00209,2024-05-03T06:00:00,2024-05-03T06:00:00,0.0,L4,48,458.7,2103.0,20.8,success
1.0.0,True,nakshatra-synthetic-v1,2026-10-07T20:37:10.871834,MOIL-BAL-01,MOIL-BAL-01-BL-00210,2024-05-04T06:00:00,2024-05-04T06:00:00,0.0,L7,42,318.8,1424.5,11.7,success
1.0.0,True,nakshatra-synthetic-v1,2026-10-07T20:37:10.871841,MOIL-BAL-01,MOIL-BAL-01-BL-00211,2024-05-05T06:00:00,2024-05-05T06:00:00,0.0,L5,48,484.9,1115.8,17.2,success
1.0.0,True,nakshatra-synthetic-v1,2026-10-07T20:37:10.871847,MOIL-BAL-01,MOIL-BAL-01-BL-00212,2024-05-06T06:00:00,2024-05-06T06:00:00,0.0,L4,41,189.0,645.2,23.5,success
1.0.0,True,nakshatra-synthetic-v1,2026-10-07T20:37:10.871853,MOIL-BAL-01,MOIL-BAL-01-BL-00213,2024-05-07T06:00:00,2024-05-07T06:00:00,0.0,L2,43,335.6,2410.4,19.6,success
1.0.0,True,nakshatra-synthetic-v1,2026-10-07T20:37:10.871859,MOIL-BAL-01,MOIL-BAL-01-BL-00214,2024-05-08T06:00:00,2024-05-08T06:00:00,0.0,L7,38,374.8,1118.6,24.6,success
1.0.0,True,nakshatra-synthetic-v1,2026-10-07T20:37:10.871865,MOIL-BAL-01,MOIL-BAL-01-BL-00215,2024-05-09T06:00:00,2024-05-09T06:00:00,0.0,L3,70,872.5,2223.6,21.1,success
1.0.0,True,nakshatra-synthetic-v1,2026-10-07T20:37:10.871871,MOIL-BAL-01,MOIL-BAL-01-BL-00216,2024-05-10T06:00:00,2024-05-10T06:00:00,0.0,L2,25,89.3,1417.5,22.1,success
1.0.0,True,nakshatra-synthetic-v1,2026-10-07T20:37:10.871878,MOIL-BAL-01,MOIL-BAL-01-BL-00217,2024-05-11T06:00:00,2024-05-11T06:00:00,0.0,L3,75,406.5,786.9,37.2,success
1.0.0,True,nakshatra-synthetic-v1,2026-10-07T20:37:10.871885,MOIL-BAL-01,MOIL-BAL-01-BL-00218,2024-05-12T06:00:00,2024-05-13T00:06:55.773050,18.12,L3,75,219.8,2071.1,20.4,partial
1.0.0,True,nakshatra-synthetic-v1,2026-10-07T20:37:10.871891,MOIL-BAL-01,MOIL-BAL-01-BL-00219,2024-05-13T06:00:00,2024-05-13T06:00:00,0.0,L6,79,184.1,1644.2,3.8,success
1.0.0,True,nakshatra-synthetic-v1,2026-10-07T20:37:10.871897,MOIL-BAL-01,MOIL-BAL-01-BL-00220,2024-05-14T06:00:00,2024-05-14T06:00:00,0.0,L8,61,251.9,1903.8,13.7,success
1.0.0,True,nakshatra-synthetic-v1,2026-10-07T20:37:10.871903,MOIL-BAL-01,MOIL-BAL-01-BL-00221,2024-05-15T06:00:00,2024-05-15T06:00:00,0.0,L7,65,406.2,1372.2,17.8,success
1.0.0,True,nakshatra-synthetic-v1,2026-10-07T20:37:10.871909,MOIL-BAL-01,MOIL-BAL-01-BL-00222,2024-05-16T06:00:00,2024-05-16T06:00:00,0.0,L1,56,456.8,3077.7,6.5,success
1.0.0,True,nakshatra-synthetic-v1,2026-10-07T20:37:10.871915,MOIL-BAL-01,MOIL-BAL-01-BL-00223,2024-05-17T06:00:00,2024-05-17T06:00:00,0.0,L8,85,317.5,474.1,11.2,success
1.0.0,True,nakshatra-synthetic-v1,2026-10-07T20:37:10.871921,MOIL-BAL-01,MOIL-BAL-01-BL-00224,2024-05-18T06:00:00,2024-05-18T13:28:53.080609,7.48,L6,41,384.8,856.9,7.3,success
1.0.0,True,nakshatra-synthetic-v1,2026-10-07T20:37:10.871927,MOIL-BAL-01,MOIL-BAL-01-BL-00225,2024-05-19T06:00:00,2024-05-19T06:00:00,0.0,L1,63,334.6,1033.3,14.8,success
1.0.0,True,nakshatra-synthetic-v1,2026-10-07T20:37:10.871933,MOIL-BAL-01,MOIL-BAL-01-BL-00226,2024-05-20T06:00:00,2024-05-20T06:00:00,0.0,L4,73,350.3,1051.1,13.1,success
1.0.0,True,nakshatra-synthetic-v1,2026-10-07T20:37:10.871939,MOIL-BAL-01,MOIL-BAL-01-BL-00227,2024-05-21T06:00:00,2024-05-21T06:00:00,0.0,L8,54,359.7,1369.8,13.0,success
1.0.0,True,nakshatra-synthetic-v1,2026-10-07T20:37:10.871945,MOIL-BAL-01,MOIL-BAL-01-BL-00228,2024-05-22T06:00:00,2024-05-22T06:00:00,0.0,L4,73,332.9,1156.9,15.6,success
1.0.0,True,nakshatra-synthetic-v1,2026-10-07T20:37:10.871951,MOIL-BAL-01,MOIL-BAL-01-BL-00229,2024-05-23T06:00:00,2024-05-23T06:00:00,0.0,L6,58,525.2,917.0,18.0,success
1.0.0,True,nakshatra-synthetic-v1,2026-10-07T20:37:10.871958,MOIL-BAL-01,MOIL-BAL-01-BL-00230,2024-05-24T06:00:00,2024-05-24T13:25:39.859292,7.43,L2,56,447.4,823.9,20.9,success
1.0.0,True,nakshatra-synthetic-v1,2026-10-07T20:37:10.871964,MOIL-BAL-01,MOIL-BAL-01-BL-00231,2024-05-25T06:00:00,2024-05-25T06:00:00,0.0,L3,42,658.7,1745.1,19.2,success
1.0.0,True,nakshatra-synthetic-v1,2026-10-07T20:37:10.871970,MOIL-BAL-01,MOIL-BAL-01-BL-00232,2024-05-26T06:00:00,2024-05-26T16:15:51.533474,10.26,L8,61,185.3,1527.4,22.4,success
1.0.0,True,nakshatra-synthetic-v1,2026-10-07T20:37:10.871976,MOIL-BAL-01,MOIL-BAL-01-BL-00233,2024-05-27T06:00:00,2024-05-27T06:00:00,0.0,L1,32,434.6,2123.8,7.4,success
1.0.0,True,nakshatra-synthetic-v1,2026-10-07T20:37:10.871983,MOIL-BAL-01,MOIL-BAL-01-BL-00234,2024-05-28T06:00:00,2024-05-28T13:12:07.324909,7.2,L7,42,132.2,1688.3,28.1,success
1.0.0,True,nakshatra-synthetic-v1,2026-10-07T20:37:10.871989,MOIL-BAL-01,MOIL-BAL-01-BL-00235,2024-05-29T06:00:00,2024-05-29T06:00:00,0.0,L2,63,429.5,986.0,18.5,success
1.0.0,True,nakshatra-synthetic-v1,2026-10-07T20:37:10.871995,MOIL-BAL-01,MOIL-BAL-01-BL-00236,2024-05-30T06:00:00,2024-05-30T06:00:00,0.0,L2,80,169.4,747.0,27.1,success
1.0.0,True,nakshatra-synthetic-v1,2026-10-07T20:37:10.872001,MOIL-BAL-01,MOIL-BAL-01-BL-00237,2024-05-31T06:00:00,2024-05-31T06:00:00,0.0,L6,40,593.7,1615.7,13.4,success
1.0.0,True,nakshatra-synthetic-v1,2026-10-07T20:37:10.872007,MOIL-BAL-01,MOIL-BAL-01-BL-00238,2024-06-01T06:00:00,2024-06-01T06:00:00,0.0,L5,49,487.2,2371.1,24.6,success
1.0.0,True,nakshatra-synthetic-v1,2026-10-07T20:37:10.872014,MOIL-BAL-01,MOIL-BAL-01-BL-00239,2024-06-02T06:00:00,2024-06-02T06:00:00,0.0,L2,53,481.5,2592.0,9.7,success
1.0.0,True,nakshatra-synthetic-v1,2026-10-07T20:37:10.872020,MOIL-BAL-01,MOIL-BAL-01-BL-00240,2024-06-03T06:00:00,2024-06-03T06:00:00,0.0,L3,23,88.0,795.9,11.6,success
1.0.0,True,nakshatra-synthetic-v1,2026-10-07T20:37:10.872027,MOIL-BAL-01,MOIL-BAL-01-BL-00241,2024-06-04T06:00:00,2024-06-04T09:03:48.563377,3.06,L2,81,273.2,2167.1,27.9,success
1.0.0,True,nakshatra-synthetic-v1,2026-10-07T20:37:10.872034,MOIL-BAL-01,MOIL-BAL-01-BL-00242,2024-06-05T06:00:00,2024-06-05T16:33:25.349039,10.56,L7,25,195.6,965.9,4.4,success
1.0.0,True,nakshatra-synthetic-v1,2026-10-07T20:37:10.872040,MOIL-BAL-01,MOIL-BAL-01-BL-00243,2024-06-06T06:00:00,2024-06-06T06:00:00,0.0,L2,35,642.5,1712.1,12.2,success
1.0.0,True,nakshatra-synthetic-v1,2026-10-07T20:37:10.872047,MOIL-BAL-01,MOIL-BAL-01-BL-00244,2024-06-07T06:00:00,2024-06-07T11:32:00.004605,5.53,L7,51,973.0,1168.5,13.5,success
1.0.0,True,nakshatra-synthetic-v1,2026-10-07T20:37:10.872053,MOIL-BAL-01,MOIL-BAL-01-BL-00245,2024-06-08T06:00:00,2024-06-08T06:00:00,0.0,L5,35,266.6,979.4,26.1,success
1.0.0,True,nakshatra-synthetic-v1,2026-10-07T20:37:10.872059,MOIL-BAL-01,MOIL-BAL-01-BL-00246,2024-06-09T06:00:00,2024-06-09T06:00:00,0.0,L5,60,405.2,1603.2,13.3,success
1.0.0,True,nakshatra-synthetic-v1,2026-10-07T20:37:10.872065,MOIL-BAL-01,MOIL-BAL-01-BL-00247,2024-06-10T06:00:00,2024-06-10T06:00:00,0.0,L1,47,146.9,1624.9,27.0,success
1.0.0,True,nakshatra-synthetic-v1,2026-10-07T20:37:10.872071,MOIL-BAL-01,MOIL-BAL-01-BL-00248,2024-06-11T06:00:00,2024-06-11T06:00:00,0.0,L6,62,213.3,4157.8,11.3,success
1.0.0,True,nakshatra-synthetic-v1,2026-10-07T20:37:10.872077,MOIL-BAL-01,MOIL-BAL-01-BL-00249,2024-06-12T06:00:00,2024-06-12T06:00:00,0.0,L3,20,511.3,1639.8,23.0,success
1.0.0,True,nakshatra-synthetic-v1,2026-10-07T20:37:10.872083,MOIL-BAL-01,MOIL-BAL-01-BL-00250,2024-06-13T06:00:00,2024-06-13T06:00:00,0.0,L7,57,379.6,1454.2,23.4,success
1.0.0,True,nakshatra-synthetic-v1,2026-10-07T20:37:10.872089,MOIL-BAL-01,MOIL-BAL-01-BL-00251,2024-06-14T06:00:00,2024-06-14T18:02:24.126481,12.04,L6,71,1037.1,2414.5,19.6,partial
1.0.0,True,nakshatra-synthetic-v1,2026-10-07T20:37:10.872095,MOIL-BAL-01,MOIL-BAL-01-BL-00252,2024-06-15T06:00:00,2024-06-15T06:00:00,0.0,L4,52,416.5,1658.6,27.5,success
1.0.0,True,nakshatra-synthetic-v1,2026-10-07T20:37:10.872101,MOIL-BAL-01,MOIL-BAL-01-BL-00253,2024-06-16T06:00:00,2024-06-16T06:00:00,0.0,L5,31,726.6,625.1,26.9,success
1.0.0,True,nakshatra-synthetic-v1,2026-10-07T20:37:10.872107,MOIL-BAL-01,MOIL-BAL-01-BL-00254,2024-06-17T06:00:00,2024-06-17T06:00:00,0.0,L4,80,534.8,1375.9,23.0,success
1.0.0,True,nakshatra-synthetic-v1,2026-10-07T20:37:10.872114,MOIL-BAL-01,MOIL-BAL-01-BL-00255,2024-06-18T06:00:00,2024-06-18T15:02:48.440675,9.05,L2,77,134.9,2023.7,37.2,success
1.0.0,True,nakshatra-synthetic-v1,2026-10-07T20:37:10.872120,MOIL-BAL-01,MOIL-BAL-01-BL-00256,2024-06-19T06:00:00,2024-06-19T06:00:00,0.0,L3,37,876.9,1290.0,22.7,success
1.0.0,True,nakshatra-synthetic-v1,2026-10-07T20:37:10.872126,MOIL-BAL-01,MOIL-BAL-01-BL-00257,2024-06-20T06:00:00,2024-06-20T09:08:37.251770,3.14,L1,52,216.4,1137.7,41.0,success
1.0.0,True,nakshatra-synthetic-v1,2026-10-07T20:37:10.872132,MOIL-BAL-01,MOIL-BAL-01-BL-00258,2024-06-21T06:00:00,2024-06-21T06:00:00,0.0,L2,85,645.8,433.8,11.8,success
1.0.0,True,nakshatra-synthetic-v1,2026-10-07T20:37:10.872139,MOIL-BAL-01,MOIL-BAL-01-BL-00259,2024-06-22T06:00:00,2024-06-22T06:00:00,0.0,L5,32,270.0,1180.0,10.7,success
1.0.0,True,nakshatra-synthetic-v1,2026-10-07T20:37:10.872146,MOIL-BAL-01,MOIL-BAL-01-BL-00260,2024-06-23T06:00:00,2024-06-23T06:00:00,0.0,L3,43,279.5,1920.6,16.6,success
1.0.0,True,nakshatra-synthetic-v1,2026-10-07T20:37:10.872152,MOIL-BAL-01,MOIL-BAL-01-BL-00261,2024-06-24T06:00:00,2024-06-24T06:00:00,0.0,L6,36,229.0,1365.0,10.5,success
1.0.0,True,nakshatra-synthetic-v1,2026-10-07T20:37:10.872158,MOIL-BAL-01,MOIL-BAL-01-BL-00262,2024-06-25T06:00:00,2024-06-25T06:00:00,0.0,L7,26,225.2,1392.0,18.1,success
1.0.0,True,nakshatra-synthetic-v1,2026-10-07T20:37:10.872164,MOIL-BAL-01,MOIL-BAL-01-BL-00263,2024-06-26T06:00:00,2024-06-26T06:00:00,0.0,L3,44,627.9,2349.9,15.9,success
1.0.0,True,nakshatra-synthetic-v1,2026-10-07T20:37:10.872171,MOIL-BAL-01,MOIL-BAL-01-BL-00264,2024-06-27T06:00:00,2024-06-27T06:00:00,0.0,L2,62,838.2,1832.9,31.6,success
1.0.0,True,nakshatra-synthetic-v1,2026-10-07T20:37:10.872177,MOIL-BAL-01,MOIL-BAL-01-BL-00265,2024-06-28T06:00:00,2024-06-28T06:00:00,0.0,L5,26,431.1,912.8,26.0,success
1.0.0,True,nakshatra-synthetic-v1,2026-10-07T20:37:10.872183,MOIL-BAL-01,MOIL-BAL-01-BL-00266,2024-06-29T06:00:00,2024-06-29T06:00:00,0.0,L4,86,242.2,2346.2,22.1,success
1.0.0,True,nakshatra-synthetic-v1,2026-10-07T20:37:10.872189,MOIL-BAL-01,MOIL-BAL-01-BL-00267,2024-06-30T06:00:00,2024-06-30T06:00:00,0.0,L5,60,207.7,2339.2,18.1,success
1.0.0,True,nakshatra-synthetic-v1,2026-10-07T20:37:10.872196,MOIL-BAL-01,MOIL-BAL-01-BL-00268,2024-07-01T06:00:00,2024-07-01T06:00:00,0.0,L3,25,251.5,868.1,20.1,success
1.0.0,True,nakshatra-synthetic-v1,2026-10-07T20:37:10.872202,MOIL-BAL-01,MOIL-BAL-01-BL-00269,2024-07-02T06:00:00,2024-07-02T06:00:00,0.0,L1,47,414.2,2387.5,15.5,success
1.0.0,True,nakshatra-synthetic-v1,2026-10-07T20:37:10.872209,MOIL-BAL-01,MOIL-BAL-01-BL-00270,2024-07-03T06:00:00,2024-07-03T14:39:52.766291,8.66,L3,22,379.6,584.0,14.1,success
1.0.0,True,nakshatra-synthetic-v1,2026-10-07T20:37:10.872215,MOIL-BAL-01,MOIL-BAL-01-BL-00271,2024-07-04T06:00:00,2024-07-04T06:00:00,0.0,L2,63,395.6,1219.5,24.9,success
1.0.0,True,nakshatra-synthetic-v1,2026-10-07T20:37:10.872221,MOIL-BAL-01,MOIL-BAL-01-BL-00272,2024-07-05T06:00:00,2024-07-05T06:00:00,0.0,L6,83,72.8,1194.4,6.5,success
1.0.0,True,nakshatra-synthetic-v1,2026-10-07T20:37:10.872250,MOIL-BAL-01,MOIL-BAL-01-BL-00273,2024-07-06T06:00:00,2024-07-06T06:00:00,0.0,L8,62,801.2,2040.0,9.5,success
1.0.0,True,nakshatra-synthetic-v1,2026-10-07T20:37:10.872256,MOIL-BAL-01,MOIL-BAL-01-BL-00274,2024-07-07T06:00:00,2024-07-07T13:30:33.659293,7.51,L2,68,377.8,1996.7,23.7,success
1.0.0,True,nakshatra-synthetic-v1,2026-10-07T20:37:10.872262,MOIL-BAL-01,MOIL-BAL-01-BL-00275,2024-07-08T06:00:00,2024-07-08T06:00:00,0.0,L8,22,684.2,1075.4,21.3,success
1.0.0,True,nakshatra-synthetic-v1,2026-10-07T20:37:10.872268,MOIL-BAL-01,MOIL-BAL-01-BL-00276,2024-07-09T06:00:00,2024-07-09T06:00:00,0.0,L1,53,173.6,1871.8,15.4,success
1.0.0,True,nakshatra-synthetic-v1,2026-10-07T20:37:10.872274,MOIL-BAL-01,MOIL-BAL-01-BL-00277,2024-07-10T06:00:00,2024-07-10T06:00:00,0.0,L6,24,313.7,1184.8,19.9,success
1.0.0,True,nakshatra-synthetic-v1,2026-10-07T20:37:10.872280,MOIL-BAL-01,MOIL-BAL-01-BL-00278,2024-07-11T06:00:00,2024-07-11T06:00:00,0.0,L4,71,268.9,835.4,14.5,success
1.0.0,True,nakshatra-synthetic-v1,2026-10-07T20:37:10.872288,MOIL-BAL-01,MOIL-BAL-01-BL-00279,2024-07-12T06:00:00,2024-07-12T15:16:15.241111,9.27,L6,39,408.1,2196.3,4.6,success
1.0.0,True,nakshatra-synthetic-v1,2026-10-07T20:37:10.872295,MOIL-BAL-01,MOIL-BAL-01-BL-00280,2024-07-13T06:00:00,2024-07-13T10:42:28.467866,4.71,L2,24,191.5,3062.1,27.1,success
1.0.0,True,nakshatra-synthetic-v1,2026-10-07T20:37:10.872301,MOIL-BAL-01,MOIL-BAL-01-BL-00281,2024-07-14T06:00:00,2024-07-14T07:08:02.660830,1.13,L7,77,212.7,1607.6,18.6,success
1.0.0,True,nakshatra-synthetic-v1,2026-10-07T20:37:10.872307,MOIL-BAL-01,MOIL-BAL-01-BL-00282,2024-07-15T06:00:00,2024-07-15T06:00:00,0.0,L1,53,527.8,1603.0,12.7,success
1.0.0,True,nakshatra-synthetic-v1,2026-10-07T20:37:10.872313,MOIL-BAL-01,MOIL-BAL-01-BL-00283,2024-07-16T06:00:00,2024-07-16T06:00:00,0.0,L4,87,177.3,1248.4,22.1,success
1.0.0,True,nakshatra-synthetic-v1,2026-10-07T20:37:10.872319,MOIL-BAL-01,MOIL-BAL-01-BL-00284,2024-07-17T06:00:00,2024-07-17T06:00:00,0.0,L7,77,245.6,2280.9,5.8,success
1.0.0,True,nakshatra-synthetic-v1,2026-10-07T20:37:10.872325,MOIL-BAL-01,MOIL-BAL-01-BL-00285,2024-07-18T06:00:00,2024-07-18T13:41:00.398626,7.68,L6,42,217.6,1323.4,16.1,success
1.0.0,True,nakshatra-synthetic-v1,2026-10-07T20:37:10.872332,MOIL-BAL-01,MOIL-BAL-01-BL-00286,2024-07-19T06:00:00,2024-07-19T09:43:36.041895,3.73,L5,27,401.5,636.9,18.8,success
1.0.0,True,nakshatra-synthetic-v1,2026-10-07T20:37:10.872338,MOIL-BAL-01,MOIL-BAL-01-BL-00287,2024-07-20T06:00:00,2024-07-20T06:00:00,0.0,L7,82,365.8,1015.0,17.8,success
1.0.0,True,nakshatra-synthetic-v1,2026-10-07T20:37:10.872344,MOIL-BAL-01,MOIL-BAL-01-BL-00288,2024-07-21T06:00:00,2024-07-21T06:00:00,0.0,L6,72,246.6,523.6,12.8,success
1.0.0,True,nakshatra-synthetic-v1,2026-10-07T20:37:10.872350,MOIL-BAL-01,MOIL-BAL-01-BL-00289,2024-07-22T06:00:00,2024-07-22T07:49:45.667647,1.83,L3,89,356.6,638.1,18.1,success
1.0.0,True,nakshatra-synthetic-v1,2026-10-07T20:37:10.872356,MOIL-BAL-01,MOIL-BAL-01-BL-00290,2024-07-23T06:00:00,2024-07-23T06:00:00,0.0,L1,81,129.5,844.6,13.6,success
1.0.0,True,nakshatra-synthetic-v1,2026-10-07T20:37:10.872362,MOIL-BAL-01,MOIL-BAL-01-BL-00291,2024-07-24T06:00:00,2024-07-24T06:00:00,0.0,L7,20,259.2,729.1,9.2,success
1.0.0,True,nakshatra-synthetic-v1,2026-10-07T20:37:10.872369,MOIL-BAL-01,MOIL-BAL-01-BL-00292,2024-07-25T06:00:00,2024-07-25T08:01:18.853137,2.02,L5,69,135.3,889.0,39.7,success
1.0.0,True,nakshatra-synthetic-v1,2026-10-07T20:37:10.872375,MOIL-BAL-01,MOIL-BAL-01-BL-00293,2024-07-26T06:00:00,2024-07-26T06:41:10.783622,0.69,L1,21,750.9,815.4,17.0,success
1.0.0,True,nakshatra-synthetic-v1,2026-10-07T20:37:10.872381,MOIL-BAL-01,MOIL-BAL-01-BL-00294,2024-07-27T06:00:00,2024-07-27T06:00:00,0.0,L7,45,695.4,1718.9,18.1,success
1.0.0,True,nakshatra-synthetic-v1,2026-10-07T20:37:10.872387,MOIL-BAL-01,MOIL-BAL-01-BL-00295,2024-07-28T06:00:00,2024-07-28T06:00:00,0.0,L7,49,275.4,2244.9,26.9,success
1.0.0,True,nakshatra-synthetic-v1,2026-10-07T20:37:10.872393,MOIL-BAL-01,MOIL-BAL-01-BL-00296,2024-07-29T06:00:00,2024-07-29T06:00:00,0.0,L2,61,526.3,1288.9,28.1,success
1.0.0,True,nakshatra-synthetic-v1,2026-10-07T20:37:10.872399,MOIL-BAL-01,MOIL-BAL-01-BL-00297,2024-07-30T06:00:00,2024-07-30T06:00:00,0.0,L1,24,692.8,3776.6,6.8,success
1.0.0,True,nakshatra-synthetic-v1,2026-10-07T20:37:10.872405,MOIL-BAL-01,MOIL-BAL-01-BL-00298,2024-07-31T06:00:00,2024-07-31T06:00:00,0.0,L8,52,343.8,1885.7,26.5,success
1.0.0,True,nakshatra-synthetic-v1,2026-10-07T20:37:10.872411,MOIL-BAL-01,MOIL-BAL-01-BL-00299,2024-08-01T06:00:00,2024-08-01T06:00:00,0.0,L5,78,149.8,1267.0,38.2,success
1.0.0,True,nakshatra-synthetic-v1,2026-10-07T20:37:10.872417,MOIL-BAL-01,MOIL-BAL-01-BL-00300,2024-08-02T06:00:00,2024-08-02T06:00:00,0.0,L5,80,359.3,2325.8,18.3,success
1.0.0,True,nakshatra-synthetic-v1,2026-10-07T20:37:10.872423,MOIL-BAL-01,MOIL-BAL-01-BL-00301,2024-08-03T06:00:00,2024-08-03T07:25:43.283454,1.43,L1,86,267.8,1916.9,9.7,success
1.0.0,True,nakshatra-synthetic-v1,2026-10-07T20:37:10.872430,MOIL-BAL-01,MOIL-BAL-01-BL-00302,2024-08-04T06:00:00,2024-08-04T20:15:42.930480,14.26,L2,42,312.5,3168.8,33.0,partial
1.0.0,True,nakshatra-synthetic-v1,2026-10-07T20:37:10.872436,MOIL-BAL-01,MOIL-BAL-01-BL-00303,2024-08-05T06:00:00,2024-08-05T06:00:00,0.0,L6,27,467.1,2172.2,10.8,success
1.0.0,True,nakshatra-synthetic-v1,2026-10-07T20:37:10.872443,MOIL-BAL-01,MOIL-BAL-01-BL-00304,2024-08-06T06:00:00,2024-08-06T06:00:00,0.0,L6,65,228.9,1477.6,12.8,success
1.0.0,True,nakshatra-synthetic-v1,2026-10-07T20:37:10.872449,MOIL-BAL-01,MOIL-BAL-01-BL-00305,2024-08-07T06:00:00,2024-08-07T06:00:00,0.0,L6,69,145.2,1830.0,18.4,success
1.0.0,True,nakshatra-synthetic-v1,2026-10-07T20:37:10.872455,MOIL-BAL-01,MOIL-BAL-01-BL-00306,2024-08-08T06:00:00,2024-08-08T11:53:09.624828,5.89,L5,79,501.2,1528.8,23.2,success
1.0.0,True,nakshatra-synthetic-v1,2026-10-07T20:37:10.872462,MOIL-BAL-01,MOIL-BAL-01-BL-00307,2024-08-09T06:00:00,2024-08-10T04:12:00.959146,22.2,L4,38,381.2,1770.5,15.3,partial
1.0.0,True,nakshatra-synthetic-v1,2026-10-07T20:37:10.872468,MOIL-BAL-01,MOIL-BAL-01-BL-00308,2024-08-10T06:00:00,2024-08-10T11:55:48.986219,5.93,L3,29,403.2,1737.3,25.8,success
1.0.0,True,nakshatra-synthetic-v1,2026-10-07T20:37:10.872475,MOIL-BAL-01,MOIL-BAL-01-BL-00309,2024-08-11T06:00:00,2024-08-11T06:00:00,0.0,L7,61,64.1,1080.4,4.2,success
1.0.0,True,nakshatra-synthetic-v1,2026-10-07T20:37:10.872481,MOIL-BAL-01,MOIL-BAL-01-BL-00310,2024-08-12T06:00:00,2024-08-12T06:00:00,0.0,L3,79,434.4,1200.2,16.6,success
1.0.0,True,nakshatra-synthetic-v1,2026-10-07T20:37:10.872487,MOIL-BAL-01,MOIL-BAL-01-BL-00311,2024-08-13T06:00:00,2024-08-13T06:00:00,0.0,L6,37,561.8,1909.9,27.1,success
1.0.0,True,nakshatra-synthetic-v1,2026-10-07T20:37:10.872493,MOIL-BAL-01,MOIL-BAL-01-BL-00312,2024-08-14T06:00:00,2024-08-14T06:00:00,0.0,L1,80,239.1,1427.1,11.9,success
1.0.0,True,nakshatra-synthetic-v1,2026-10-07T20:37:10.872499,MOIL-BAL-01,MOIL-BAL-01-BL-00313,2024-08-15T06:00:00,2024-08-15T06:24:00.993559,0.4,L3,41,335.4,1905.0,25.1,success
1.0.0,True,nakshatra-synthetic-v1,2026-10-07T20:37:10.872505,MOIL-BAL-01,MOIL-BAL-01-BL-00314,2024-08-16T06:00:00,2024-08-16T06:00:00,0.0,L2,56,290.6,1826.9,19.7,success
1.0.0,True,nakshatra-synthetic-v1,2026-10-07T20:37:10.872511,MOIL-BAL-01,MOIL-BAL-01-BL-00315,2024-08-17T06:00:00,2024-08-17T06:00:00,0.0,L4,72,519.0,933.5,19.1,success
1.0.0,True,nakshatra-synthetic-v1,2026-10-07T20:37:10.872518,MOIL-BAL-01,MOIL-BAL-01-BL-00316,2024-08-18T06:00:00,2024-08-18T08:11:07.561112,2.19,L1,38,284.2,973.4,35.9,success
1.0.0,True,nakshatra-synthetic-v1,2026-10-07T20:37:10.872524,MOIL-BAL-01,MOIL-BAL-01-BL-00317,2024-08-19T06:00:00,2024-08-20T11:05:27.596406,29.09,L8,42,304.3,1663.9,19.6,partial
1.0.0,True,nakshatra-synthetic-v1,2026-10-07T20:37:10.872530,MOIL-BAL-01,MOIL-BAL-01-BL-00318,2024-08-20T06:00:00,2024-08-20T06:00:00,0.0,L3,59,208.8,1854.5,13.7,success
1.0.0,True,nakshatra-synthetic-v1,2026-10-07T20:37:10.872537,MOIL-BAL-01,MOIL-BAL-01-BL-00319,2024-08-21T06:00:00,2024-08-21T06:00:00,0.0,L2,72,171.9,1796.8,23.7,success
1.0.0,True,nakshatra-synthetic-v1,2026-10-07T20:37:10.872544,MOIL-BAL-01,MOIL-BAL-01-BL-00320,2024-08-22T06:00:00,2024-08-22T10:12:08.593873,4.2,L6,75,238.1,1135.9,7.7,success
1.0.0,True,nakshatra-synthetic-v1,2026-10-07T20:37:10.872550,MOIL-BAL-01,MOIL-BAL-01-BL-00321,2024-08-23T06:00:00,2024-08-24T08:41:04.868909,26.68,L7,26,148.9,1927.6,17.1,partial
1.0.0,True,nakshatra-synthetic-v1,2026-10-07T20:37:10.872556,MOIL-BAL-01,MOIL-BAL-01-BL-00322,2024-08-24T06:00:00,2024-08-24T06:00:00,0.0,L4,55,535.6,3017.0,19.5,success
1.0.0,True,nakshatra-synthetic-v1,2026-10-07T20:37:10.872562,MOIL-BAL-01,MOIL-BAL-01-BL-00323,2024-08-25T06:00:00,2024-08-25T06:00:00,0.0,L3,81,929.1,1060.2,10.6,success
1.0.0,True,nakshatra-synthetic-v1,2026-10-07T20:37:10.872568,MOIL-BAL-01,MOIL-BAL-01-BL-00324,2024-08-26T06:00:00,2024-08-26T06:00:00,0.0,L1,56,223.2,1038.6,9.0,success
1.0.0,True,nakshatra-synthetic-v1,2026-10-07T20:37:10.872574,MOIL-BAL-01,MOIL-BAL-01-BL-00325,2024-08-27T06:00:00,2024-08-27T06:00:00,0.0,L6,45,245.3,2416.5,12.0,success
1.0.0,True,nakshatra-synthetic-v1,2026-10-07T20:37:10.872580,MOIL-BAL-01,MOIL-BAL-01-BL-00326,2024-08-28T06:00:00,2024-08-28T06:00:00,0.0,L3,20,93.4,630.5,20.4,success
1.0.0,True,nakshatra-synthetic-v1,2026-10-07T20:37:10.872586,MOIL-BAL-01,MOIL-BAL-01-BL-00327,2024-08-29T06:00:00,2024-08-29T06:00:00,0.0,L3,39,154.0,2622.4,20.1,success
1.0.0,True,nakshatra-synthetic-v1,2026-10-07T20:37:10.872592,MOIL-BAL-01,MOIL-BAL-01-BL-00328,2024-08-30T06:00:00,2024-08-30T06:00:00,0.0,L3,64,269.8,1645.7,18.8,success
1.0.0,True,nakshatra-synthetic-v1,2026-10-07T20:37:10.872598,MOIL-BAL-01,MOIL-BAL-01-BL-00329,2024-08-31T06:00:00,2024-08-31T06:00:00,0.0,L1,36,355.5,1073.9,8.8,success
1.0.0,True,nakshatra-synthetic-v1,2026-10-07T20:37:10.872604,MOIL-BAL-01,MOIL-BAL-01-BL-00330,2024-09-01T06:00:00,2024-09-01T06:00:00,0.0,L1,85,382.6,2006.0,10.4,success
1.0.0,True,nakshatra-synthetic-v1,2026-10-07T20:37:10.872611,MOIL-BAL-01,MOIL-BAL-01-BL-00331,2024-09-02T06:00:00,2024-09-02T10:22:13.036763,4.37,L5,70,520.3,2324.4,37.1,success
1.0.0,True,nakshatra-synthetic-v1,2026-10-07T20:37:10.872618,MOIL-BAL-01,MOIL-BAL-01-BL-00332,2024-09-03T06:00:00,2024-09-03T06:00:00,0.0,L6,69,489.7,1376.3,15.8,success
1.0.0,True,nakshatra-synthetic-v1,2026-10-07T20:37:10.872623,MOIL-BAL-01,MOIL-BAL-01-BL-00333,2024-09-04T06:00:00,2024-09-04T06:00:00,0.0,L7,27,358.9,1915.5,28.4,success
1.0.0,True,nakshatra-synthetic-v1,2026-10-07T20:37:10.872629,MOIL-BAL-01,MOIL-BAL-01-BL-00334,2024-09-05T06:00:00,2024-09-05T06:00:00,0.0,L4,47,312.8,1231.1,21.1,success
1.0.0,True,nakshatra-synthetic-v1,2026-10-07T20:37:10.872636,MOIL-BAL-01,MOIL-BAL-01-BL-00335,2024-09-06T06:00:00,2024-09-06T06:00:00,0.0,L3,68,434.3,1266.5,14.3,success
1.0.0,True,nakshatra-synthetic-v1,2026-10-07T20:37:10.872642,MOIL-BAL-01,MOIL-BAL-01-BL-00336,2024-09-07T06:00:00,2024-09-07T06:00:00,0.0,L5,78,531.6,761.7,26.4,success
1.0.0,True,nakshatra-synthetic-v1,2026-10-07T20:37:10.872648,MOIL-BAL-01,MOIL-BAL-01-BL-00337,2024-09-08T06:00:00,2024-09-08T06:00:00,0.0,L5,62,183.8,3291.9,13.0,success
1.0.0,True,nakshatra-synthetic-v1,2026-10-07T20:37:10.872655,MOIL-BAL-01,MOIL-BAL-01-BL-00338,2024-09-09T06:00:00,2024-09-09T08:24:41.782431,2.41,L6,44,892.0,1475.3,15.8,success
1.0.0,True,nakshatra-synthetic-v1,2026-10-07T20:37:10.872661,MOIL-BAL-01,MOIL-BAL-01-BL-00339,2024-09-10T06:00:00,2024-09-10T06:00:00,0.0,L5,67,386.9,2692.7,18.5,success
1.0.0,True,nakshatra-synthetic-v1,2026-10-07T20:37:10.872667,MOIL-BAL-01,MOIL-BAL-01-BL-00340,2024-09-11T06:00:00,2024-09-11T06:00:00,0.0,L3,66,508.7,2055.9,13.1,success
1.0.0,True,nakshatra-synthetic-v1,2026-10-07T20:37:10.872673,MOIL-BAL-01,MOIL-BAL-01-BL-00341,2024-09-12T06:00:00,2024-09-12T06:00:00,0.0,L6,38,218.3,563.8,16.4,success
1.0.0,True,nakshatra-synthetic-v1,2026-10-07T20:37:10.872679,MOIL-BAL-01,MOIL-BAL-01-BL-00342,2024-09-13T06:00:00,2024-09-13T06:00:00,0.0,L4,50,247.8,1872.9,22.5,success
1.0.0,True,nakshatra-synthetic-v1,2026-10-07T20:37:10.872685,MOIL-BAL-01,MOIL-BAL-01-BL-00343,2024-09-14T06:00:00,2024-09-14T06:00:00,0.0,L7,32,208.3,1482.2,26.4,success
1.0.0,True,nakshatra-synthetic-v1,2026-10-07T20:37:10.872692,MOIL-BAL-01,MOIL-BAL-01-BL-00344,2024-09-15T06:00:00,2024-09-15T06:00:00,0.0,L4,84,231.1,1489.6,20.2,success
1.0.0,True,nakshatra-synthetic-v1,2026-10-07T20:37:10.872698,MOIL-BAL-01,MOIL-BAL-01-BL-00345,2024-09-16T06:00:00,2024-09-16T06:00:00,0.0,L7,61,367.4,2230.1,26.4,success
1.0.0,True,nakshatra-synthetic-v1,2026-10-07T20:37:10.872704,MOIL-BAL-01,MOIL-BAL-01-BL-00346,2024-09-17T06:00:00,2024-09-17T06:00:00,0.0,L7,50,516.2,1311.8,21.6,success
1.0.0,True,nakshatra-synthetic-v1,2026-10-07T20:37:10.872710,MOIL-BAL-01,MOIL-BAL-01-BL-00347,2024-09-18T06:00:00,2024-09-18T06:00:00,0.0,L1,80,303.1,4797.3,18.4,success
1.0.0,True,nakshatra-synthetic-v1,2026-10-07T20:37:10.872716,MOIL-BAL-01,MOIL-BAL-01-BL-00348,2024-09-19T06:00:00,2024-09-19T06:00:00,0.0,L1,22,106.7,1919.3,15.2,success
1.0.0,True,nakshatra-synthetic-v1,2026-10-07T20:37:10.872722,MOIL-BAL-01,MOIL-BAL-01-BL-00349,2024-09-20T06:00:00,2024-09-20T06:00:00,0.0,L4,85,511.8,672.8,20.9,success
1.0.0,True,nakshatra-synthetic-v1,2026-10-07T20:37:10.872728,MOIL-BAL-01,MOIL-BAL-01-BL-00350,2024-09-21T06:00:00,2024-09-21T06:00:00,0.0,L2,74,566.7,1825.1,12.0,success
1.0.0,True,nakshatra-synthetic-v1,2026-10-07T20:37:10.872734,MOIL-BAL-01,MOIL-BAL-01-BL-00351,2024-09-22T06:00:00,2024-09-22T06:00:00,0.0,L1,56,130.6,1138.7,13.7,success
1.0.0,True,nakshatra-synthetic-v1,2026-10-07T20:37:10.872740,MOIL-BAL-01,MOIL-BAL-01-BL-00352,2024-09-23T06:00:00,2024-09-23T06:00:00,0.0,L7,42,286.8,1446.7,22.3,success
1.0.0,True,nakshatra-synthetic-v1,2026-10-07T20:37:10.872747,MOIL-BAL-01,MOIL-BAL-01-BL-00353,2024-09-24T06:00:00,2024-09-24T06:00:00,0.0,L8,49,646.7,1610.0,20.1,success
1.0.0,True,nakshatra-synthetic-v1,2026-10-07T20:37:10.872754,MOIL-BAL-01,MOIL-BAL-01-BL-00354,2024-09-25T06:00:00,2024-09-25T06:00:00,0.0,L3,53,497.5,644.1,12.0,success
1.0.0,True,nakshatra-synthetic-v1,2026-10-07T20:37:10.872760,MOIL-BAL-01,MOIL-BAL-01-BL-00355,2024-09-26T06:00:00,2024-09-26T06:00:00,0.0,L7,23,697.8,1923.7,20.2,success
1.0.0,True,nakshatra-synthetic-v1,2026-10-07T20:37:10.872766,MOIL-BAL-01,MOIL-BAL-01-BL-00356,2024-09-27T06:00:00,2024-09-27T06:00:00,0.0,L6,40,430.6,1190.9,24.6,success
1.0.0,True,nakshatra-synthetic-v1,2026-10-07T20:37:10.872772,MOIL-BAL-01,MOIL-BAL-01-BL-00357,2024-09-28T06:00:00,2024-09-28T22:39:30.333954,16.66,L7,74,103.7,1814.9,9.6,partial
1.0.0,True,nakshatra-synthetic-v1,2026-10-07T20:37:10.872778,MOIL-BAL-01,MOIL-BAL-01-BL-00358,2024-09-29T06:00:00,2024-09-29T06:00:00,0.0,L3,52,271.5,2051.7,21.3,success
1.0.0,True,nakshatra-synthetic-v1,2026-10-07T20:37:10.872786,MOIL-BAL-01,MOIL-BAL-01-BL-00359,2024-09-30T06:00:00,2024-09-30T06:00:00,0.0,L3,43,244.2,2667.2,12.0,success
1.0.0,True,nakshatra-synthetic-v1,2026-10-07T20:37:10.872792,MOIL-BAL-01,MOIL-BAL-01-BL-00360,2024-10-01T06:00:00,2024-10-01T12:55:00.597643,6.92,L3,35,587.5,1659.6,17.6,success
1.0.0,True,nakshatra-synthetic-v1,2026-10-07T20:37:10.872798,MOIL-BAL-01,MOIL-BAL-01-BL-00361,2024-10-02T06:00:00,2024-10-02T06:00:00,0.0,L3,89,407.4,1190.3,18.3,success
1.0.0,True,nakshatra-synthetic-v1,2026-10-07T20:37:10.872804,MOIL-BAL-01,MOIL-BAL-01-BL-00362,2024-10-03T06:00:00,2024-10-03T06:00:00,0.0,L2,77,250.5,3171.1,16.0,success
1.0.0,True,nakshatra-synthetic-v1,2026-10-07T20:37:10.872810,MOIL-BAL-01,MOIL-BAL-01-BL-00363,2024-10-04T06:00:00,2024-10-04T06:00:00,0.0,L4,25,198.2,1833.7,15.8,success
1.0.0,True,nakshatra-synthetic-v1,2026-10-07T20:37:10.872816,MOIL-BAL-01,MOIL-BAL-01-BL-00364,2024-10-05T06:00:00,2024-10-05T06:00:00,0.0,L4,35,381.5,1277.8,18.2,success
1.0.0,True,nakshatra-synthetic-v1,2026-10-07T20:37:10.872822,MOIL-BAL-01,MOIL-BAL-01-BL-00365,2024-10-06T06:00:00,2024-10-06T06:00:00,0.0,L3,79,581.9,997.3,26.6,success
1.0.0,True,nakshatra-synthetic-v1,2026-10-07T20:37:10.872829,MOIL-BAL-01,MOIL-BAL-01-BL-00366,2024-10-07T06:00:00,2024-10-07T06:00:00,0.0,L5,27,205.8,2080.4,16.6,success
1.0.0,True,nakshatra-synthetic-v1,2026-10-07T20:37:10.872835,MOIL-BAL-01,MOIL-BAL-01-BL-00367,2024-10-08T06:00:00,2024-10-08T06:00:00,0.0,L4,52,424.4,1765.1,22.5,success
1.0.0,True,nakshatra-synthetic-v1,2026-10-07T20:37:10.872841,MOIL-BAL-01,MOIL-BAL-01-BL-00368,2024-10-09T06:00:00,2024-10-09T06:00:00,0.0,L5,46,315.4,524.9,15.6,success
1.0.0,True,nakshatra-synthetic-v1,2026-10-07T20:37:10.872847,MOIL-BAL-01,MOIL-BAL-01-BL-00369,2024-10-10T06:00:00,2024-10-10T06:00:00,0.0,L2,18,404.2,1552.0,16.3,success
1.0.0,True,nakshatra-synthetic-v1,2026-10-07T20:37:10.872853,MOIL-BAL-01,MOIL-BAL-01-BL-00370,2024-10-11T06:00:00,2024-10-11T06:00:00,0.0,L2,48,162.6,1295.5,5.5,success
1.0.0,True,nakshatra-synthetic-v1,2026-10-07T20:37:10.872859,MOIL-BAL-01,MOIL-BAL-01-BL-00371,2024-10-12T06:00:00,2024-10-12T06:00:00,0.0,L4,35,232.7,812.6,32.4,success
1.0.0,True,nakshatra-synthetic-v1,2026-10-07T20:37:10.872865,MOIL-BAL-01,MOIL-BAL-01-BL-00372,2024-10-13T06:00:00,2024-10-13T06:00:00,0.0,L4,38,735.3,1490.1,21.7,success
1.0.0,True,nakshatra-synthetic-v1,2026-10-07T20:37:10.872871,MOIL-BAL-01,MOIL-BAL-01-BL-00373,2024-10-14T06:00:00,2024-10-14T06:00:00,0.0,L1,63,354.3,1978.1,20.8,success
1.0.0,True,nakshatra-synthetic-v1,2026-10-07T20:37:10.872877,MOIL-BAL-01,MOIL-BAL-01-BL-00374,2024-10-15T06:00:00,2024-10-15T06:00:00,0.0,L7,54,616.7,1089.6,11.5,success
1.0.0,True,nakshatra-synthetic-v1,2026-10-07T20:37:10.872883,MOIL-BAL-01,MOIL-BAL-01-BL-00375,2024-10-16T06:00:00,2024-10-16T06:00:00,0.0,L7,61,410.0,1986.7,12.4,success
1.0.0,True,nakshatra-synthetic-v1,2026-10-07T20:37:10.872889,MOIL-BAL-01,MOIL-BAL-01-BL-00376,2024-10-17T06:00:00,2024-10-17T06:00:00,0.0,L7,60,326.1,1399.4,14.3,success
1.0.0,True,nakshatra-synthetic-v1,2026-10-07T20:37:10.872895,MOIL-BAL-01,MOIL-BAL-01-BL-00377,2024-10-18T06:00:00,2024-10-18T06:00:00,0.0,L7,34,742.7,1093.9,42.6,success
1.0.0,True,nakshatra-synthetic-v1,2026-10-07T20:37:10.872901,MOIL-BAL-01,MOIL-BAL-01-BL-00378,2024-10-19T06:00:00,2024-10-19T06:00:00,0.0,L6,69,287.6,1066.0,25.2,success
1.0.0,True,nakshatra-synthetic-v1,2026-10-07T20:37:10.872907,MOIL-BAL-01,MOIL-BAL-01-BL-00379,2024-10-20T06:00:00,2024-10-20T06:00:00,0.0,L6,66,335.7,1017.1,12.2,success
1.0.0,True,nakshatra-synthetic-v1,2026-10-07T20:37:10.872913,MOIL-BAL-01,MOIL-BAL-01-BL-00380,2024-10-21T06:00:00,2024-10-21T16:29:08.120466,10.49,L5,20,533.6,1770.2,12.8,success
1.0.0,True,nakshatra-synthetic-v1,2026-10-07T20:37:10.872919,MOIL-BAL-01,MOIL-BAL-01-BL-00381,2024-10-22T06:00:00,2024-10-22T06:00:00,0.0,L8,69,992.9,2892.9,14.2,success
1.0.0,True,nakshatra-synthetic-v1,2026-10-07T20:37:10.872926,MOIL-BAL-01,MOIL-BAL-01-BL-00382,2024-10-23T06:00:00,2024-10-23T06:00:00,0.0,L4,18,742.7,1278.1,9.0,success
1.0.0,True,nakshatra-synthetic-v1,2026-10-07T20:37:10.872932,MOIL-BAL-01,MOIL-BAL-01-BL-00383,2024-10-24T06:00:00,2024-10-24T06:00:00,0.0,L1,61,299.3,2736.8,17.2,success
1.0.0,True,nakshatra-synthetic-v1,2026-10-07T20:37:10.872938,MOIL-BAL-01,MOIL-BAL-01-BL-00384,2024-10-25T06:00:00,2024-10-25T06:00:00,0.0,L4,59,206.2,2423.9,31.6,success
1.0.0,True,nakshatra-synthetic-v1,2026-10-07T20:37:10.872943,MOIL-BAL-01,MOIL-BAL-01-BL-00385,2024-10-26T06:00:00,2024-10-26T06:00:00,0.0,L5,78,469.5,1122.9,16.8,success
1.0.0,True,nakshatra-synthetic-v1,2026-10-07T20:37:10.872949,MOIL-BAL-01,MOIL-BAL-01-BL-00386,2024-10-27T06:00:00,2024-10-27T06:00:00,0.0,L8,56,746.0,925.2,47.9,success
1.0.0,True,nakshatra-synthetic-v1,2026-10-07T20:37:10.872955,MOIL-BAL-01,MOIL-BAL-01-BL-00387,2024-10-28T06:00:00,2024-10-28T06:00:00,0.0,L2,40,293.0,1815.3,18.6,success
1.0.0,True,nakshatra-synthetic-v1,2026-10-07T20:37:10.872961,MOIL-BAL-01,MOIL-BAL-01-BL-00388,2024-10-29T06:00:00,2024-10-29T06:00:00,0.0,L4,23,208.1,1118.9,10.0,success
1.0.0,True,nakshatra-synthetic-v1,2026-10-07T20:37:10.872967,MOIL-BAL-01,MOIL-BAL-01-BL-00389,2024-10-30T06:00:00,2024-10-30T06:00:00,0.0,L2,24,612.2,1303.9,16.7,success
1.0.0,True,nakshatra-synthetic-v1,2026-10-07T20:37:10.872973,MOIL-BAL-01,MOIL-BAL-01-BL-00390,2024-10-31T06:00:00,2024-10-31T06:00:00,0.0,L1,85,267.0,1489.4,24.7,success
1.0.0,True,nakshatra-synthetic-v1,2026-10-07T20:37:10.872981,MOIL-BAL-01,MOIL-BAL-01-BL-00391,2024-11-01T06:00:00,2024-11-01T06:00:00,0.0,L3,80,363.6,1723.5,28.5,success
1.0.0,True,nakshatra-synthetic-v1,2026-10-07T20:37:10.872987,MOIL-BAL-01,MOIL-BAL-01-BL-00392,2024-11-02T06:00:00,2024-11-02T06:00:00,0.0,L4,59,248.3,1564.0,22.7,success
1.0.0,True,nakshatra-synthetic-v1,2026-10-07T20:37:10.872993,MOIL-BAL-01,MOIL-BAL-01-BL-00393,2024-11-03T06:00:00,2024-11-03T06:00:00,0.0,L3,22,735.7,1033.8,27.4,success
1.0.0,True,nakshatra-synthetic-v1,2026-10-07T20:37:10.872999,MOIL-BAL-01,MOIL-BAL-01-BL-00394,2024-11-04T06:00:00,2024-11-04T06:00:00,0.0,L4,41,303.0,2218.7,16.3,success
1.0.0,True,nakshatra-synthetic-v1,2026-10-07T20:37:10.873006,MOIL-BAL-01,MOIL-BAL-01-BL-00395,2024-11-05T06:00:00,2024-11-05T13:15:13.396454,7.25,L4,47,491.6,1058.5,12.8,success
1.0.0,True,nakshatra-synthetic-v1,2026-10-07T20:37:10.873012,MOIL-BAL-01,MOIL-BAL-01-BL-00396,2024-11-06T06:00:00,2024-11-06T06:00:00,0.0,L1,71,337.0,1282.7,27.2,success
1.0.0,True,nakshatra-synthetic-v1,2026-10-07T20:37:10.873019,MOIL-BAL-01,MOIL-BAL-01-BL-00397,2024-11-07T06:00:00,2024-11-07T06:00:00,0.0,L2,59,254.7,2520.8,29.5,success
1.0.0,True,nakshatra-synthetic-v1,2026-10-07T20:37:10.873025,MOIL-BAL-01,MOIL-BAL-01-BL-00398,2024-11-08T06:00:00,2024-11-08T06:00:00,0.0,L7,62,529.1,1431.5,28.3,success
1.0.0,True,nakshatra-synthetic-v1,2026-10-07T20:37:10.873034,MOIL-BAL-01,MOIL-BAL-01-BL-00399,2024-11-09T06:00:00,2024-11-09T06:00:00,0.0,L4,78,31.7,1641.1,10.2,success
1.0.0,True,nakshatra-synthetic-v1,2026-10-07T20:37:10.873040,MOIL-BAL-01,MOIL-BAL-01-BL-00400,2024-11-10T06:00:00,2024-11-10T06:00:00,0.0,L1,30,943.0,997.3,19.3,success
1.0.0,True,nakshatra-synthetic-v1,2026-10-07T20:37:10.873047,MOIL-BAL-01,MOIL-BAL-01-BL-00401,2024-11-11T06:00:00,2024-11-11T06:00:00,0.0,L2,20,137.6,1235.4,14.5,success
1.0.0,True,nakshatra-synthetic-v1,2026-10-07T20:37:10.873053,MOIL-BAL-01,MOIL-BAL-01-BL-00402,2024-11-12T06:00:00,2024-11-12T06:00:00,0.0,L3,55,170.6,1570.5,12.5,success
1.0.0,True,nakshatra-synthetic-v1,2026-10-07T20:37:10.873060,MOIL-BAL-01,MOIL-BAL-01-BL-00403,2024-11-13T06:00:00,2024-11-13T06:00:00,0.0,L8,23,368.9,976.6,9.8,success
1.0.0,True,nakshatra-synthetic-v1,2026-10-07T20:37:10.873066,MOIL-BAL-01,MOIL-BAL-01-BL-00404,2024-11-14T06:00:00,2024-11-14T06:00:00,0.0,L5,41,686.5,903.3,11.3,success
1.0.0,True,nakshatra-synthetic-v1,2026-10-07T20:37:10.873072,MOIL-BAL-01,MOIL-BAL-01-BL-00405,2024-11-15T06:00:00,2024-11-15T06:00:00,0.0,L7,83,224.5,601.5,23.3,success
1.0.0,True,nakshatra-synthetic-v1,2026-10-07T20:37:10.873078,MOIL-BAL-01,MOIL-BAL-01-BL-00406,2024-11-16T06:00:00,2024-11-16T06:00:00,0.0,L2,59,217.8,2337.8,3.8,success
1.0.0,True,nakshatra-synthetic-v1,2026-10-07T20:37:10.873085,MOIL-BAL-01,MOIL-BAL-01-BL-00407,2024-11-17T06:00:00,2024-11-17T06:00:00,0.0,L8,74,148.7,1312.7,26.4,success
1.0.0,True,nakshatra-synthetic-v1,2026-10-07T20:37:10.873091,MOIL-BAL-01,MOIL-BAL-01-BL-00408,2024-11-18T06:00:00,2024-11-18T06:00:00,0.0,L4,26,709.0,2724.7,18.8,success
1.0.0,True,nakshatra-synthetic-v1,2026-10-07T20:37:10.873097,MOIL-BAL-01,MOIL-BAL-01-BL-00409,2024-11-19T06:00:00,2024-11-19T06:00:00,0.0,L4,67,200.1,788.7,21.3,success
1.0.0,True,nakshatra-synthetic-v1,2026-10-07T20:37:10.873103,MOIL-BAL-01,MOIL-BAL-01-BL-00410,2024-11-20T06:00:00,2024-11-20T06:00:00,0.0,L7,46,309.4,1304.4,11.8,success
1.0.0,True,nakshatra-synthetic-v1,2026-10-07T20:37:10.873109,MOIL-BAL-01,MOIL-BAL-01-BL-00411,2024-11-21T06:00:00,2024-11-21T06:00:00,0.0,L7,30,160.0,878.6,26.2,success
1.0.0,True,nakshatra-synthetic-v1,2026-10-07T20:37:10.873115,MOIL-BAL-01,MOIL-BAL-01-BL-00412,2024-11-22T06:00:00,2024-11-22T06:00:00,0.0,L8,86,645.9,2658.1,25.0,success
1.0.0,True,nakshatra-synthetic-v1,2026-10-07T20:37:10.873120,MOIL-BAL-01,MOIL-BAL-01-BL-00413,2024-11-23T06:00:00,2024-11-23T06:00:00,0.0,L8,70,544.1,2021.2,24.2,success
1.0.0,True,nakshatra-synthetic-v1,2026-10-07T20:37:10.873127,MOIL-BAL-01,MOIL-BAL-01-BL-00414,2024-11-24T06:00:00,2024-11-24T06:00:00,0.0,L8,19,185.0,674.3,6.6,success
1.0.0,True,nakshatra-synthetic-v1,2026-10-07T20:37:10.873133,MOIL-BAL-01,MOIL-BAL-01-BL-00415,2024-11-25T06:00:00,2024-11-25T06:00:00,0.0,L8,29,312.1,2029.2,31.1,success
1.0.0,True,nakshatra-synthetic-v1,2026-10-07T20:37:10.873139,MOIL-BAL-01,MOIL-BAL-01-BL-00416,2024-11-26T06:00:00,2024-11-26T06:00:00,0.0,L3,38,647.7,1773.8,26.4,success
1.0.0,True,nakshatra-synthetic-v1,2026-10-07T20:37:10.873145,MOIL-BAL-01,MOIL-BAL-01-BL-00417,2024-11-27T06:00:00,2024-11-27T06:00:00,0.0,L3,45,591.7,2229.7,11.9,success
1.0.0,True,nakshatra-synthetic-v1,2026-10-07T20:37:10.873151,MOIL-BAL-01,MOIL-BAL-01-BL-00418,2024-11-28T06:00:00,2024-11-28T06:00:00,0.0,L1,61,459.6,3388.0,14.6,success
1.0.0,True,nakshatra-synthetic-v1,2026-10-07T20:37:10.873157,MOIL-BAL-01,MOIL-BAL-01-BL-00419,2024-11-29T06:00:00,2024-11-29T06:00:00,0.0,L8,22,380.8,669.4,21.3,success
1.0.0,True,nakshatra-synthetic-v1,2026-10-07T20:37:10.873163,MOIL-BAL-01,MOIL-BAL-01-BL-00420,2024-11-30T06:00:00,2024-11-30T06:00:00,0.0,L6,74,167.7,731.1,20.5,success
1.0.0,True,nakshatra-synthetic-v1,2026-10-07T20:37:10.873169,MOIL-BAL-01,MOIL-BAL-01-BL-00421,2024-12-01T06:00:00,2024-12-01T06:00:00,0.0,L3,39,575.3,1519.7,15.9,success
1.0.0,True,nakshatra-synthetic-v1,2026-10-07T20:37:10.873175,MOIL-BAL-01,MOIL-BAL-01-BL-00422,2024-12-02T06:00:00,2024-12-02T06:00:00,0.0,L6,79,340.0,2183.2,37.3,success
1.0.0,True,nakshatra-synthetic-v1,2026-10-07T20:37:10.873181,MOIL-BAL-01,MOIL-BAL-01-BL-00423,2024-12-03T06:00:00,2024-12-03T06:00:00,0.0,L7,22,638.5,1689.5,20.8,success
1.0.0,True,nakshatra-synthetic-v1,2026-10-07T20:37:10.873187,MOIL-BAL-01,MOIL-BAL-01-BL-00424,2024-12-04T06:00:00,2024-12-04T06:00:00,0.0,L2,35,243.7,3950.7,13.6,success
1.0.0,True,nakshatra-synthetic-v1,2026-10-07T20:37:10.873193,MOIL-BAL-01,MOIL-BAL-01-BL-00425,2024-12-05T06:00:00,2024-12-05T06:00:00,0.0,L6,69,309.7,1516.4,22.1,success
1.0.0,True,nakshatra-synthetic-v1,2026-10-07T20:37:10.873199,MOIL-BAL-01,MOIL-BAL-01-BL-00426,2024-12-06T06:00:00,2024-12-06T06:00:00,0.0,L2,34,438.9,2287.4,15.9,success
1.0.0,True,nakshatra-synthetic-v1,2026-10-07T20:37:10.873205,MOIL-BAL-01,MOIL-BAL-01-BL-00427,2024-12-07T06:00:00,2024-12-07T06:00:00,0.0,L6,47,751.0,934.1,23.7,success
1.0.0,True,nakshatra-synthetic-v1,2026-10-07T20:37:10.873212,MOIL-BAL-01,MOIL-BAL-01-BL-00428,2024-12-08T06:00:00,2024-12-08T06:00:00,0.0,L2,26,462.9,1216.5,30.1,success
1.0.0,True,nakshatra-synthetic-v1,2026-10-07T20:37:10.873219,MOIL-BAL-01,MOIL-BAL-01-BL-00429,2024-12-09T06:00:00,2024-12-09T23:44:30.030724,17.74,L3,55,321.6,1028.2,37.9,partial
1.0.0,True,nakshatra-synthetic-v1,2026-10-07T20:37:10.873225,MOIL-BAL-01,MOIL-BAL-01-BL-00430,2024-12-10T06:00:00,2024-12-10T06:00:00,0.0,L5,42,156.8,1961.9,10.6,success
1.0.0,True,nakshatra-synthetic-v1,2026-10-07T20:37:10.873231,MOIL-BAL-01,MOIL-BAL-01-BL-00431,2024-12-11T06:00:00,2024-12-11T06:00:00,0.0,L2,57,231.6,1174.2,18.0,success
1.0.0,True,nakshatra-synthetic-v1,2026-10-07T20:37:10.873237,MOIL-BAL-01,MOIL-BAL-01-BL-00432,2024-12-12T06:00:00,2024-12-12T06:00:00,0.0,L3,63,1137.3,1191.9,19.3,success
1.0.0,True,nakshatra-synthetic-v1,2026-10-07T20:37:10.873243,MOIL-BAL-01,MOIL-BAL-01-BL-00433,2024-12-13T06:00:00,2024-12-13T06:00:00,0.0,L2,18,342.2,1415.7,18.5,success
1.0.0,True,nakshatra-synthetic-v1,2026-10-07T20:37:10.873249,MOIL-BAL-01,MOIL-BAL-01-BL-00434,2024-12-14T06:00:00,2024-12-14T06:00:00,0.0,L6,73,212.4,2382.5,16.7,success
1.0.0,True,nakshatra-synthetic-v1,2026-10-07T20:37:10.873255,MOIL-BAL-01,MOIL-BAL-01-BL-00435,2024-12-15T06:00:00,2024-12-15T06:00:00,0.0,L8,58,285.4,1326.3,20.7,success
1.0.0,True,nakshatra-synthetic-v1,2026-10-07T20:37:10.873261,MOIL-BAL-01,MOIL-BAL-01-BL-00436,2024-12-16T06:00:00,2024-12-16T06:00:00,0.0,L4,49,453.2,2411.9,25.4,success
1.0.0,True,nakshatra-synthetic-v1,2026-10-07T20:37:10.873267,MOIL-BAL-01,MOIL-BAL-01-BL-00437,2024-12-17T06:00:00,2024-12-17T06:00:00,0.0,L3,87,267.8,1859.0,20.0,success
1.0.0,True,nakshatra-synthetic-v1,2026-10-07T20:37:10.873275,MOIL-BAL-01,MOIL-BAL-01-BL-00438,2024-12-18T06:00:00,2024-12-18T22:23:34.092620,16.39,L7,81,533.3,2044.0,6.8,partial
1.0.0,True,nakshatra-synthetic-v1,2026-10-07T20:37:10.873282,MOIL-BAL-01,MOIL-BAL-01-BL-00439,2024-12-19T06:00:00,2024-12-19T06:00:00,0.0,L3,59,397.7,2198.0,9.2,success
1.0.0,True,nakshatra-synthetic-v1,2026-10-07T20:37:10.873288,MOIL-BAL-01,MOIL-BAL-01-BL-00440,2024-12-20T06:00:00,2024-12-20T06:00:00,0.0,L3,79,193.0,1547.8,14.0,success
1.0.0,True,nakshatra-synthetic-v1,2026-10-07T20:37:10.873294,MOIL-BAL-01,MOIL-BAL-01-BL-00441,2024-12-21T06:00:00,2024-12-21T06:00:00,0.0,L4,20,185.2,1075.9,25.0,success
1.0.0,True,nakshatra-synthetic-v1,2026-10-07T20:37:10.873300,MOIL-BAL-01,MOIL-BAL-01-BL-00442,2024-12-22T06:00:00,2024-12-22T06:00:00,0.0,L2,19,358.4,1066.1,20.4,success
1.0.0,True,nakshatra-synthetic-v1,2026-10-07T20:37:10.873306,MOIL-BAL-01,MOIL-BAL-01-BL-00443,2024-12-23T06:00:00,2024-12-23T06:00:00,0.0,L6,52,229.0,1700.5,25.0,success
1.0.0,True,nakshatra-synthetic-v1,2026-10-07T20:37:10.873312,MOIL-BAL-01,MOIL-BAL-01-BL-00444,2024-12-24T06:00:00,2024-12-24T06:00:00,0.0,L5,66,601.2,940.0,17.2,success
1.0.0,True,nakshatra-synthetic-v1,2026-10-07T20:37:10.873318,MOIL-BAL-01,MOIL-BAL-01-BL-00445,2024-12-25T06:00:00,2024-12-25T06:00:00,0.0,L2,77,409.6,1136.5,12.4,success
1.0.0,True,nakshatra-synthetic-v1,2026-10-07T20:37:10.873324,MOIL-BAL-01,MOIL-BAL-01-BL-00446,2024-12-26T06:00:00,2024-12-26T06:00:00,0.0,L8,28,690.4,1241.2,10.9,success
1.0.0,True,nakshatra-synthetic-v1,2026-10-07T20:37:10.873330,MOIL-BAL-01,MOIL-BAL-01-BL-00447,2024-12-27T06:00:00,2024-12-27T06:00:00,0.0,L5,37,432.7,676.6,29.7,success
1.0.0,True,nakshatra-synthetic-v1,2026-10-07T20:37:10.873336,MOIL-BAL-01,MOIL-BAL-01-BL-00448,2024-12-28T06:00:00,2024-12-28T06:00:00,0.0,L7,68,398.2,1448.0,11.2,success
1.0.0,True,nakshatra-synthetic-v1,2026-10-07T20:37:10.873342,MOIL-BAL-01,MOIL-BAL-01-BL-00449,2024-12-29T06:00:00,2024-12-29T06:00:00,0.0,L5,54,206.8,1966.4,7.6,success
1.0.0,True,nakshatra-synthetic-v1,2026-10-07T20:37:10.873348,MOIL-BAL-01,MOIL-BAL-01-BL-00450,2024-12-30T06:00:00,2024-12-30T06:00:00,0.0,L5,56,498.8,1176.0,9.6,success
1.0.0,True,nakshatra-synthetic-v1,2026-10-07T20:37:10.873354,MOIL-BAL-01,MOIL-BAL-01-BL-00451,2024-12-31T06:00:00,2025-01-01T00:47:48.714312,18.8,L1,35,148.1,1610.2,19.4,partial
1.0.0,True,nakshatra-synthetic-v1,2026-10-07T20:37:10.873360,MOIL-BAL-01,MOIL-BAL-01-BL-00452,2025-01-01T06:00:00,2025-01-01T06:00:00,0.0,L4,69,553.1,2034.7,22.3,success
1.0.0,True,nakshatra-synthetic-v1,2026-10-07T20:37:10.873366,MOIL-BAL-01,MOIL-BAL-01-BL-00453,2025-01-02T06:00:00,2025-01-02T06:00:00,0.0,L3,64,266.8,1846.9,12.6,success
1.0.0,True,nakshatra-synthetic-v1,2026-10-07T20:37:10.873372,MOIL-BAL-01,MOIL-BAL-01-BL-00454,2025-01-03T06:00:00,2025-01-03T06:00:00,0.0,L2,84,294.2,1179.5,17.8,success
1.0.0,True,nakshatra-synthetic-v1,2026-10-07T20:37:10.873378,MOIL-BAL-01,MOIL-BAL-01-BL-00455,2025-01-04T06:00:00,2025-01-04T06:00:00,0.0,L8,85,309.0,2323.4,19.5,success
1.0.0,True,nakshatra-synthetic-v1,2026-10-07T20:37:10.873384,MOIL-BAL-01,MOIL-BAL-01-BL-00456,2025-01-05T06:00:00,2025-01-05T06:00:00,0.0,L1,86,261.6,715.0,18.8,success
1.0.0,True,nakshatra-synthetic-v1,2026-10-07T20:37:10.873390,MOIL-BAL-01,MOIL-BAL-01-BL-00457,2025-01-06T06:00:00,2025-01-06T06:00:00,0.0,L4,41,204.6,1158.3,26.7,success
1.0.0,True,nakshatra-synthetic-v1,2026-10-07T20:37:10.873397,MOIL-BAL-01,MOIL-BAL-01-BL-00458,2025-01-07T06:00:00,2025-01-07T06:00:00,0.0,L1,34,446.9,1096.6,7.1,success
1.0.0,True,nakshatra-synthetic-v1,2026-10-07T20:37:10.873406,MOIL-BAL-01,MOIL-BAL-01-BL-00459,2025-01-08T06:00:00,2025-01-08T06:00:00,0.0,L2,19,301.7,593.0,12.9,success
1.0.0,True,nakshatra-synthetic-v1,2026-10-07T20:37:10.873412,MOIL-BAL-01,MOIL-BAL-01-BL-00460,2025-01-09T06:00:00,2025-01-09T06:00:00,0.0,L1,53,375.1,1032.5,17.9,success
1.0.0,True,nakshatra-synthetic-v1,2026-10-07T20:37:10.873418,MOIL-BAL-01,MOIL-BAL-01-BL-00461,2025-01-10T06:00:00,2025-01-10T07:22:13.047115,1.37,L8,50,403.9,1308.4,7.4,success
1.0.0,True,nakshatra-synthetic-v1,2026-10-07T20:37:10.873424,MOIL-BAL-01,MOIL-BAL-01-BL-00462,2025-01-11T06:00:00,2025-01-11T06:00:00,0.0,L7,45,403.4,1247.6,18.9,success
1.0.0,True,nakshatra-synthetic-v1,2026-10-07T20:37:10.873430,MOIL-BAL-01,MOIL-BAL-01-BL-00463,2025-01-12T06:00:00,2025-01-12T06:00:00,0.0,L8,75,415.1,840.4,24.9,success
1.0.0,True,nakshatra-synthetic-v1,2026-10-07T20:37:10.873436,MOIL-BAL-01,MOIL-BAL-01-BL-00464,2025-01-13T06:00:00,2025-01-13T06:00:00,0.0,L7,88,309.0,616.8,25.7,success
1.0.0,True,nakshatra-synthetic-v1,2026-10-07T20:37:10.873442,MOIL-BAL-01,MOIL-BAL-01-BL-00465,2025-01-14T06:00:00,2025-01-14T06:00:00,0.0,L5,48,268.7,2085.3,23.7,success
1.0.0,True,nakshatra-synthetic-v1,2026-10-07T20:37:10.873448,MOIL-BAL-01,MOIL-BAL-01-BL-00466,2025-01-15T06:00:00,2025-01-15T06:00:00,0.0,L6,89,139.5,3059.2,5.8,success
1.0.0,True,nakshatra-synthetic-v1,2026-10-07T20:37:10.873454,MOIL-BAL-01,MOIL-BAL-01-BL-00467,2025-01-16T06:00:00,2025-01-16T06:00:00,0.0,L1,39,440.9,588.6,15.7,success
1.0.0,True,nakshatra-synthetic-v1,2026-10-07T20:37:10.873461,MOIL-BAL-01,MOIL-BAL-01-BL-00468,2025-01-17T06:00:00,2025-01-17T12:14:02.233873,6.23,L8,62,242.1,2182.3,9.4,success
1.0.0,True,nakshatra-synthetic-v1,2026-10-07T20:37:10.873467,MOIL-BAL-01,MOIL-BAL-01-BL-00469,2025-01-18T06:00:00,2025-01-18T06:00:00,0.0,L3,32,331.4,1023.5,15.2,success
1.0.0,True,nakshatra-synthetic-v1,2026-10-07T20:37:10.873473,MOIL-BAL-01,MOIL-BAL-01-BL-00470,2025-01-19T06:00:00,2025-01-19T06:00:00,0.0,L1,44,106.9,1312.6,28.1,success
1.0.0,True,nakshatra-synthetic-v1,2026-10-07T20:37:10.873479,MOIL-BAL-01,MOIL-BAL-01-BL-00471,2025-01-20T06:00:00,2025-01-20T06:00:00,0.0,L5,82,153.2,2054.1,17.6,success
1.0.0,True,nakshatra-synthetic-v1,2026-10-07T20:37:10.873486,MOIL-BAL-01,MOIL-BAL-01-BL-00472,2025-01-21T06:00:00,2025-01-21T06:00:00,0.0,L7,45,728.8,727.2,13.4,success
1.0.0,True,nakshatra-synthetic-v1,2026-10-07T20:37:10.873492,MOIL-BAL-01,MOIL-BAL-01-BL-00473,2025-01-22T06:00:00,2025-01-22T06:00:00,0.0,L6,52,748.2,1358.8,24.5,success
1.0.0,True,nakshatra-synthetic-v1,2026-10-07T20:37:10.873499,MOIL-BAL-01,MOIL-BAL-01-BL-00474,2025-01-23T06:00:00,2025-01-23T06:00:00,0.0,L2,36,343.4,1241.4,12.8,success
1.0.0,True,nakshatra-synthetic-v1,2026-10-07T20:37:10.873506,MOIL-BAL-01,MOIL-BAL-01-BL-00475,2025-01-24T06:00:00,2025-01-24T06:00:00,0.0,L5,79,347.6,733.4,18.5,success
1.0.0,True,nakshatra-synthetic-v1,2026-10-07T20:37:10.873512,MOIL-BAL-01,MOIL-BAL-01-BL-00476,2025-01-25T06:00:00,2025-01-25T06:00:00,0.0,L1,31,215.1,1024.5,18.8,success
1.0.0,True,nakshatra-synthetic-v1,2026-10-07T20:37:10.873518,MOIL-BAL-01,MOIL-BAL-01-BL-00477,2025-01-26T06:00:00,2025-01-26T06:00:00,0.0,L6,77,446.3,1181.8,23.2,success
1.0.0,True,nakshatra-synthetic-v1,2026-10-07T20:37:10.873524,MOIL-BAL-01,MOIL-BAL-01-BL-00478,2025-01-27T06:00:00,2025-01-27T06:00:00,0.0,L6,86,786.1,949.0,16.5,success
1.0.0,True,nakshatra-synthetic-v1,2026-10-07T20:37:10.873531,MOIL-BAL-01,MOIL-BAL-01-BL-00479,2025-01-28T06:00:00,2025-01-28T06:00:00,0.0,L8,75,352.4,1669.7,25.8,success
1.0.0,True,nakshatra-synthetic-v1,2026-10-07T20:37:10.873537,MOIL-BAL-01,MOIL-BAL-01-BL-00480,2025-01-29T06:00:00,2025-01-29T06:00:00,0.0,L1,78,352.7,1472.9,26.4,success
1.0.0,True,nakshatra-synthetic-v1,2026-10-07T20:37:10.873543,MOIL-BAL-01,MOIL-BAL-01-BL-00481,2025-01-30T06:00:00,2025-01-30T06:00:00,0.0,L8,25,282.9,2434.0,15.1,success
1.0.0,True,nakshatra-synthetic-v1,2026-10-07T20:37:10.873549,MOIL-BAL-01,MOIL-BAL-01-BL-00482,2025-01-31T06:00:00,2025-01-31T06:00:00,0.0,L3,71,310.4,1758.9,18.8,success
1.0.0,True,nakshatra-synthetic-v1,2026-10-07T20:37:10.873555,MOIL-BAL-01,MOIL-BAL-01-BL-00483,2025-02-01T06:00:00,2025-02-01T06:00:00,0.0,L4,80,534.1,2239.0,17.6,success
1.0.0,True,nakshatra-synthetic-v1,2026-10-07T20:37:10.873561,MOIL-BAL-01,MOIL-BAL-01-BL-00484,2025-02-02T06:00:00,2025-02-02T06:00:00,0.0,L7,22,476.8,2028.5,17.8,success
1.0.0,True,nakshatra-synthetic-v1,2026-10-07T20:37:10.873567,MOIL-BAL-01,MOIL-BAL-01-BL-00485,2025-02-03T06:00:00,2025-02-03T06:00:00,0.0,L6,88,504.4,1300.0,12.2,success
1.0.0,True,nakshatra-synthetic-v1,2026-10-07T20:37:10.873573,MOIL-BAL-01,MOIL-BAL-01-BL-00486,2025-02-04T06:00:00,2025-02-04T06:00:00,0.0,L2,85,276.3,1353.8,12.8,success
1.0.0,True,nakshatra-synthetic-v1,2026-10-07T20:37:10.873579,MOIL-BAL-01,MOIL-BAL-01-BL-00487,2025-02-05T06:00:00,2025-02-05T06:00:00,0.0,L4,74,432.6,1418.4,8.9,success
1.0.0,True,nakshatra-synthetic-v1,2026-10-07T20:37:10.873585,MOIL-BAL-01,MOIL-BAL-01-BL-00488,2025-02-06T06:00:00,2025-02-06T06:00:00,0.0,L2,20,319.0,1388.7,14.4,success
1.0.0,True,nakshatra-synthetic-v1,2026-10-07T20:37:10.873591,MOIL-BAL-01,MOIL-BAL-01-BL-00489,2025-02-07T06:00:00,2025-02-07T06:00:00,0.0,L4,58,321.4,1071.3,11.8,success
1.0.0,True,nakshatra-synthetic-v1,2026-10-07T20:37:10.873599,MOIL-BAL-01,MOIL-BAL-01-BL-00490,2025-02-08T06:00:00,2025-02-08T06:00:00,0.0,L3,54,277.0,2187.7,27.5,success
1.0.0,True,nakshatra-synthetic-v1,2026-10-07T20:37:10.873605,MOIL-BAL-01,MOIL-BAL-01-BL-00491,2025-02-09T06:00:00,2025-02-09T06:00:00,0.0,L4,21,477.8,2396.6,12.3,success
1.0.0,True,nakshatra-synthetic-v1,2026-10-07T20:37:10.873611,MOIL-BAL-01,MOIL-BAL-01-BL-00492,2025-02-10T06:00:00,2025-02-10T06:00:00,0.0,L8,33,258.2,1361.7,27.9,success
1.0.0,True,nakshatra-synthetic-v1,2026-10-07T20:37:10.873617,MOIL-BAL-01,MOIL-BAL-01-BL-00493,2025-02-11T06:00:00,2025-02-11T06:00:00,0.0,L5,81,306.0,1343.5,32.9,success
1.0.0,True,nakshatra-synthetic-v1,2026-10-07T20:37:10.873623,MOIL-BAL-01,MOIL-BAL-01-BL-00494,2025-02-12T06:00:00,2025-02-12T06:00:00,0.0,L7,74,140.3,1079.6,20.2,success
1.0.0,True,nakshatra-synthetic-v1,2026-10-07T20:37:10.873629,MOIL-BAL-01,MOIL-BAL-01-BL-00495,2025-02-13T06:00:00,2025-02-13T21:02:15.004775,15.04,L3,22,465.6,1357.0,34.4,partial
1.0.0,True,nakshatra-synthetic-v1,2026-10-07T20:37:10.873636,MOIL-BAL-01,MOIL-BAL-01-BL-00496,2025-02-14T06:00:00,2025-02-14T06:00:00,0.0,L1,29,338.9,2451.1,16.5,success
1.0.0,True,nakshatra-synthetic-v1,2026-10-07T20:37:10.873642,MOIL-BAL-01,MOIL-BAL-01-BL-00497,2025-02-15T06:00:00,2025-02-15T06:00:00,0.0,L7,77,308.4,2734.1,17.5,success
1.0.0,True,nakshatra-synthetic-v1,2026-10-07T20:37:10.873648,MOIL-BAL-01,MOIL-BAL-01-BL-00498,2025-02-16T06:00:00,2025-02-16T06:00:00,0.0,L4,32,341.4,1877.2,8.4,success
1.0.0,True,nakshatra-synthetic-v1,2026-10-07T20:37:10.873654,MOIL-BAL-01,MOIL-BAL-01-BL-00499,2025-02-17T06:00:00,2025-02-17T06:00:00,0.0,L4,55,177.1,1153.3,22.6,success
1.0.0,True,nakshatra-synthetic-v1,2026-10-07T20:37:10.873660,MOIL-BAL-01,MOIL-BAL-01-BL-00500,2025-02-18T06:00:00,2025-02-18T08:53:56.868003,2.9,L6,28,194.1,1335.8,24.2,success
