contract_version,is_synthetic,source,ingested_at,borehole_id,from_depth_m,to_depth_m,rock_type,formation,weathering
1.0.0,True,nakshatra-synthetic-v1,2026-09-30T19:06:57.080544,MOIL-BAL-01-BH-001,0.0,21.15,phyllite,Sausar Group / Mansar Formation,fresh
1.0.0,True,nakshatra-synthetic-v1,2026-09-30T19:06:57.080560,MOIL-BAL-01-BH-001,21.15,42.19,calc-granulite,Sausar Group / Mansar Formation,moderately
1.0.0,True,nakshatra-synthetic-v1,2026-09-30T19:06:57.080569,MOIL-BAL-01-BH-001,42.19,54.02,phyllite,Sausar Group / Mansar Formation,slightly
1.0.0,True,nakshatra-synthetic-v1,2026-09-30T19:06:57.080578,MOIL-BAL-01-BH-001,54.02,65.91,mica-schist,Sausar Group / Mansar Formation,slightly
1.0.0,True,nakshatra-synthetic-v1,2026-09-30T19:06:57.080587,MOIL-BAL-01-BH-001,65.91,99.48,gondite,Sausar Group / Mansar Formation,slightly
1.0.0,True,nakshatra-synthetic-v1,2026-09-30T19:06:57.080596,MOIL-BAL-01-BH-001,99.48,117.09,manganese ore,Sausar Group / Mansar Formation,fresh
1.0.0,True,nakshatra-synthetic-v1,2026-09-30T19:06:57.080603,MOIL-BAL-01-BH-001,117.09,118.4,gondite,Sausar Group / Mansar Formation,fresh
1.0.0,True,nakshatra-synthetic-v1,2026-09-30T19:06:57.080611,MOIL-BAL-01-BH-002,0.0,5.03,mica-schist,Sausar Group / Mansar Formation,slightly
1.0.0,True,nakshatra-synthetic-v1,2026-09-30T19:06:57.080618,MOIL-BAL-01-BH-002,5.03,18.87,gondite,Sausar Group / Mansar Formation,slightly
1.0.0,True,nakshatra-synthetic-v1,2026-09-30T19:06:57.080626,MOIL-BAL-01-BH-002,18.87,30.72,gondite,Sausar Group / Mansar Formation,moderately
1.0.0,True,nakshatra-synthetic-v1,2026-09-30T19:06:57.080633,MOIL-BAL-01-BH-002,30.72,45.47,mica-schist,Sausar Group / Mansar Formation,fresh
1.0.0,True,nakshatra-synthetic-v1,2026-09-30T19:06:57.080643,MOIL-BAL-01-BH-002,45.47,66.23,quartzite,Sausar Group / Mansar Formation,slightly
1.0.0,True,nakshatra-synthetic-v1,2026-09-30T19:06:57.080651,MOIL-BAL-01-BH-002,66.23,73.49,phyllite,Sausar Group / Mansar Formation,slightly
1.0.0,True,nakshatra-synthetic-v1,2026-09-30T19:06:57.080658,MOIL-BAL-01-BH-002,73.49,85.14,gondite,Sausar Group / Mansar Formation,fresh
1.0.0,True,nakshatra-synthetic-v1,2026-09-30T19:06:57.080665,MOIL-BAL-01-BH-002,85.14,112.42,quartzite,Sausar Group / Mansar Formation,fresh
1.0.0,True,nakshatra-synthetic-v1,2026-09-30T19:06:57.080672,MOIL-BAL-01-BH-002,112.42,133.1,manganese ore,Sausar Group / Mansar Formation,moderately
1.0.0,True,nakshatra-synthetic-v1,2026-09-30T19:06:57.080680,MOIL-BAL-01-BH-003,0.0,30.87,phyllite,Sausar Group / Mansar Formation,fresh
1.0.0,True,nakshatra-synthetic-v1,2026-09-30T19:06:57.080687,MOIL-BAL-01-BH-003,30.87,46.46,gondite,Sausar Group / Mansar Formation,fresh
1.0.0,True,nakshatra-synthetic-v1,2026-09-30T19:06:57.080694,MOIL-BAL-01-BH-003,46.46,67.11,gondite,Sausar Group / Mansar Formation,moderately
1.0.0,True,nakshatra-synthetic-v1,2026-09-30T19:06:57.080712,MOIL-BAL-01-BH-003,67.11,93.48,quartzite,Sausar Group / Mansar Formation,slightly
1.0.0,True,nakshatra-synthetic-v1,2026-09-30T19:06:57.080719,MOIL-BAL-01-BH-003,93.48,124.93,calc-granulite,Sausar Group / Mansar Formation,fresh
1.0.0,True,nakshatra-synthetic-v1,2026-09-30T19:06:57.080726,MOIL-BAL-01-BH-003,124.93,131.7,manganese ore,Sausar Group / Mansar Formation,fresh
1.0.0,True,nakshatra-synthetic-v1,2026-09-30T19:06:57.080733,MOIL-BAL-01-BH-003,131.7,147.5,manganese ore,Sausar Group / Mansar Formation,moderately
1.0.0,True,nakshatra-synthetic-v1,2026-09-30T19:06:57.080742,MOIL-BAL-01-BH-003,147.5,174.53,mica-schist,Sausar Group / Mansar Formation,highly
1.0.0,True,nakshatra-synthetic-v1,2026-09-30T19:06:57.080749,MOIL-BAL-01-BH-003,174.53,193.02,manganese ore,Sausar Group / Mansar Formation,slightly
1.0.0,True,nakshatra-synthetic-v1,2026-09-30T19:06:57.080757,MOIL-BAL-01-BH-003,193.02,215.6,quartzite,Sausar Group / Mansar Formation,fresh
1.0.0,True,nakshatra-synthetic-v1,2026-09-30T19:06:57.080764,MOIL-BAL-01-BH-004,0.0,42.0,manganese ore,Sausar Group / Mansar Formation,slightly
1.0.0,True,nakshatra-synthetic-v1,2026-09-30T19:06:57.080772,MOIL-BAL-01-BH-004,42.0,76.62,manganese ore,Sausar Group / Mansar Formation,fresh
1.0.0,True,nakshatra-synthetic-v1,2026-09-30T19:06:57.080779,MOIL-BAL-01-BH-004,76.62,83.72,gondite,Sausar Group / Mansar Formation,fresh
1.0.0,True,nakshatra-synthetic-v1,2026-09-30T19:06:57.080787,MOIL-BAL-01-BH-004,83.72,101.91,quartzite,Sausar Group / Mansar Formation,completely
1.0.0,True,nakshatra-synthetic-v1,2026-09-30T19:06:57.080795,MOIL-BAL-01-BH-004,101.91,123.2,mica-schist,Sausar Group / Mansar Formation,moderately
1.0.0,True,nakshatra-synthetic-v1,2026-09-30T19:06:57.080802,MOIL-BAL-01-BH-004,123.2,132.8,phyllite,Sausar Group / Mansar Formation,slightly
1.0.0,True,nakshatra-synthetic-v1,2026-09-30T19:06:57.080809,MOIL-BAL-01-BH-004,132.8,146.05,gondite,Sausar Group / Mansar Formation,slightly
1.0.0,True,nakshatra-synthetic-v1,2026-09-30T19:06:57.080816,MOIL-BAL-01-BH-004,146.05,192.77,phyllite,Sausar Group / Mansar Formation,slightly
1.0.0,True,nakshatra-synthetic-v1,2026-09-30T19:06:57.080823,MOIL-BAL-01-BH-004,192.77,205.23,mica-schist,Sausar Group / Mansar Formation,highly
1.0.0,True,nakshatra-synthetic-v1,2026-09-30T19:06:57.080831,MOIL-BAL-01-BH-004,205.23,206.2,gondite,Sausar Group / Mansar Formation,moderately
1.0.0,True,nakshatra-synthetic-v1,2026-09-30T19:06:57.080838,MOIL-BAL-01-BH-005,0.0,40.62,mica-schist,Sausar Group / Mansar Formation,fresh
1.0.0,True,nakshatra-synthetic-v1,2026-09-30T19:06:57.080845,MOIL-BAL-01-BH-005,40.62,56.77,phyllite,Sausar Group / Mansar Formation,slightly
1.0.0,True,nakshatra-synthetic-v1,2026-09-30T19:06:57.080852,MOIL-BAL-01-BH-005,56.77,87.6,quartzite,Sausar Group / Mansar Formation,slightly
1.0.0,True,nakshatra-synthetic-v1,2026-09-30T19:06:57.080859,MOIL-BAL-01-BH-006,0.0,22.03,manganese ore,Sausar Group / Mansar Formation,highly
1.0.0,True,nakshatra-synthetic-v1,2026-09-30T19:06:57.080866,MOIL-BAL-01-BH-006,22.03,44.96,calc-granulite,Sausar Group / Mansar Formation,fresh
1.0.0,True,nakshatra-synthetic-v1,2026-09-30T19:06:57.080873,MOIL-BAL-01-BH-006,44.96,63.1,phyllite,Sausar Group / Mansar Formation,slightly
1.0.0,True,nakshatra-synthetic-v1,2026-09-30T19:06:57.080880,MOIL-BAL-01-BH-006,63.1,86.77,manganese ore,Sausar Group / Mansar Formation,slightly
1.0.0,True,nakshatra-synthetic-v1,2026-09-30T19:06:57.080887,MOIL-BAL-01-BH-006,86.77,101.2,phyllite,Sausar Group / Mansar Formation,fresh
1.0.0,True,nakshatra-synthetic-v1,2026-09-30T19:06:57.080894,MOIL-BAL-01-BH-007,0.0,10.18,quartzite,Sausar Group / Mansar Formation,moderately
1.0.0,True,nakshatra-synthetic-v1,2026-09-30T19:06:57.080902,MOIL-BAL-01-BH-007,10.18,18.33,gondite,Sausar Group / Mansar Formation,highly
1.0.0,True,nakshatra-synthetic-v1,2026-09-30T19:06:57.080909,MOIL-BAL-01-BH-007,18.33,60.58,calc-granulite,Sausar Group / Mansar Formation,slightly
1.0.0,True,nakshatra-synthetic-v1,2026-09-30T19:06:57.080916,MOIL-BAL-01-BH-007,60.58,65.63,gondite,Sausar Group / Mansar Formation,fresh
1.0.0,True,nakshatra-synthetic-v1,2026-09-30T19:06:57.080923,MOIL-BAL-01-BH-007,65.63,87.77,phyllite,Sausar Group / Mansar Formation,slightly
1.0.0,True,nakshatra-synthetic-v1,2026-09-30T19:06:57.080930,MOIL-BAL-01-BH-007,87.77,103.5,calc-granulite,Sausar Group / Mansar Formation,slightly
1.0.0,True,nakshatra-synthetic-v1,2026-09-30T19:06:57.080937,MOIL-BAL-01-BH-007,103.5,143.56,phyllite,Sausar Group / Mansar Formation,slightly
1.0.0,True,nakshatra-synthetic-v1,2026-09-30T19:06:57.080944,MOIL-BAL-01-BH-007,143.56,154.8,quartzite,Sausar Group / Mansar Formation,slightly
1.0.0,True,nakshatra-synthetic-v1,2026-09-30T19:06:57.080951,MOIL-BAL-01-BH-007,154.8,165.98,calc-granulite,Sausar Group / Mansar Formation,fresh
1.0.0,True,nakshatra-synthetic-v1,2026-09-30T19:06:57.080958,MOIL-BAL-01-BH-007,165.98,199.36,quartzite,Sausar Group / Mansar Formation,slightly
1.0.0,True,nakshatra-synthetic-v1,2026-09-30T19:06:57.080966,MOIL-BAL-01-BH-007,199.36,213.41,phyllite,Sausar Group / Mansar Formation,slightly
1.0.0,True,nakshatra-synthetic-v1,2026-09-30T19:06:57.080973,MOIL-BAL-01-BH-007,213.41,238.99,mica-schist,Sausar Group / Mansar Formation,moderately
1.0.0,True,nakshatra-synthetic-v1,2026-09-30T19:06:57.080980,MOIL-BAL-01-BH-007,238.99,258.09,gondite,Sausar Group / Mansar Formation,moderately
1.0.0,True,nakshatra-synthetic-v1,2026-09-30T19:06:57.080987,MOIL-BAL-01-BH-007,258.09,264.6,manganese ore,Sausar Group / Mansar Formation,slightly
1.0.0,True,nakshatra-synthetic-v1,2026-09-30T19:06:57.080994,MOIL-BAL-01-BH-008,0.0,21.55,quartzite,Sausar Group / Mansar Formation,fresh
1.0.0,True,nakshatra-synthetic-v1,2026-09-30T19:06:57.081003,MOIL-BAL-01-BH-008,21.55,33.35,mica-schist,Sausar Group / Mansar Formation,moderately
1.0.0,True,nakshatra-synthetic-v1,2026-09-30T19:06:57.081010,MOIL-BAL-01-BH-008,33.35,34.74,mica-schist,Sausar Group / Mansar Formation,fresh
1.0.0,True,nakshatra-synthetic-v1,2026-09-30T19:06:57.081017,MOIL-BAL-01-BH-008,34.74,54.9,calc-granulite,Sausar Group / Mansar Formation,slightly
1.0.0,True,nakshatra-synthetic-v1,2026-09-30T19:06:57.081024,MOIL-BAL-01-BH-008,54.9,72.17,manganese ore,Sausar Group / Mansar Formation,slightly
1.0.0,True,nakshatra-synthetic-v1,2026-09-30T19:06:57.081031,MOIL-BAL-01-BH-008,72.17,109.63,phyllite,Sausar Group / Mansar Formation,highly
1.0.0,True,nakshatra-synthetic-v1,2026-09-30T19:06:57.081038,MOIL-BAL-01-BH-008,109.63,120.07,mica-schist,Sausar Group / Mansar Formation,slightly
1.0.0,True,nakshatra-synthetic-v1,2026-09-30T19:06:57.081046,MOIL-BAL-01-BH-008,120.07,129.48,quartzite,Sausar Group / Mansar Formation,fresh
1.0.0,True,nakshatra-synthetic-v1,2026-09-30T19:06:57.081053,MOIL-BAL-01-BH-008,129.48,131.79,quartzite,Sausar Group / Mansar Formation,slightly
1.0.0,True,nakshatra-synthetic-v1,2026-09-30T19:06:57.081060,MOIL-BAL-01-BH-008,131.79,143.02,mica-schist,Sausar Group / Mansar Formation,slightly
1.0.0,True,nakshatra-synthetic-v1,2026-09-30T19:06:57.081067,MOIL-BAL-01-BH-008,143.02,162.83,gondite,Sausar Group / Mansar Formation,fresh
1.0.0,True,nakshatra-synthetic-v1,2026-09-30T19:06:57.081074,MOIL-BAL-01-BH-008,162.83,180.31,calc-granulite,Sausar Group / Mansar Formation,fresh
1.0.0,True,nakshatra-synthetic-v1,2026-09-30T19:06:57.081081,MOIL-BAL-01-BH-008,180.31,198.8,manganese ore,Sausar Group / Mansar Formation,slightly
1.0.0,True,nakshatra-synthetic-v1,2026-09-30T19:06:57.081088,MOIL-BAL-01-BH-008,198.8,205.74,manganese ore,Sausar Group / Mansar Formation,fresh
1.0.0,True,nakshatra-synthetic-v1,2026-09-30T19:06:57.081095,MOIL-BAL-01-BH-008,205.74,208.99,gondite,Sausar Group / Mansar Formation,slightly
1.0.0,True,nakshatra-synthetic-v1,2026-09-30T19:06:57.081102,MOIL-BAL-01-BH-008,208.99,229.1,calc-granulite,Sausar Group / Mansar Formation,slightly
1.0.0,True,nakshatra-synthetic-v1,2026-09-30T19:06:57.081110,MOIL-BAL-01-BH-009,0.0,21.68,mica-schist,Sausar Group / Mansar Formation,moderately
1.0.0,True,nakshatra-synthetic-v1,2026-09-30T19:06:57.081117,MOIL-BAL-01-BH-009,21.68,52.53,manganese ore,Sausar Group / Mansar Formation,fresh
1.0.0,True,nakshatra-synthetic-v1,2026-09-30T19:06:57.081125,MOIL-BAL-01-BH-009,52.53,61.86,gondite,Sausar Group / Mansar Formation,slightly
1.0.0,True,nakshatra-synthetic-v1,2026-09-30T19:06:57.081133,MOIL-BAL-01-BH-009,61.86,85.86,manganese ore,Sausar Group / Mansar Formation,slightly
1.0.0,True,nakshatra-synthetic-v1,2026-09-30T19:06:57.081140,MOIL-BAL-01-BH-009,85.86,108.23,phyllite,Sausar Group / Mansar Formation,slightly
1.0.0,True,nakshatra-synthetic-v1,2026-09-30T19:06:57.081147,MOIL-BAL-01-BH-009,108.23,127.74,calc-granulite,Sausar Group / Mansar Formation,moderately
1.0.0,True,nakshatra-synthetic-v1,2026-09-30T19:06:57.081154,MOIL-BAL-01-BH-009,127.74,137.16,phyllite,Sausar Group / Mansar Formation,slightly
1.0.0,True,nakshatra-synthetic-v1,2026-09-30T19:06:57.081161,MOIL-BAL-01-BH-009,137.16,147.08,mica-schist,Sausar Group / Mansar Formation,fresh
1.0.0,True,nakshatra-synthetic-v1,2026-09-30T19:06:57.081168,MOIL-BAL-01-BH-009,147.08,153.75,calc-granulite,Sausar Group / Mansar Formation,fresh
1.0.0,True,nakshatra-synthetic-v1,2026-09-30T19:06:57.081175,MOIL-BAL-01-BH-009,153.75,165.48,manganese ore,Sausar Group / Mansar Formation,slightly
1.0.0,True,nakshatra-synthetic-v1,2026-09-30T19:06:57.081183,MOIL-BAL-01-BH-009,165.48,197.55,mica-schist,Sausar Group / Mansar Formation,moderately
1.0.0,True,nakshatra-synthetic-v1,2026-09-30T19:06:57.081190,MOIL-BAL-01-BH-009,197.55,222.77,mica-schist,Sausar Group / Mansar Formation,moderately
1.0.0,True,nakshatra-synthetic-v1,2026-09-30T19:06:57.081197,MOIL-BAL-01-BH-009,222.77,223.9,quartzite,Sausar Group / Mansar Formation,slightly
1.0.0,True,nakshatra-synthetic-v1,2026-09-30T19:06:57.081204,MOIL-BAL-01-BH-010,0.0,23.65,quartzite,Sausar Group / Mansar Formation,fresh
1.0.0,True,nakshatra-synthetic-v1,2026-09-30T19:06:57.081211,MOIL-BAL-01-BH-010,23.65,49.57,quartzite,Sausar Group / Mansar Formation,slightly
1.0.0,True,nakshatra-synthetic-v1,2026-09-30T19:06:57.081218,MOIL-BAL-01-BH-010,49.57,59.11,calc-granulite,Sausar Group / Mansar Formation,slightly
1.0.0,True,nakshatra-synthetic-v1,2026-09-30T19:06:57.081225,MOIL-BAL-01-BH-010,59.11,65.59,manganese ore,Sausar Group / Mansar Formation,highly
1.0.0,True,nakshatra-synthetic-v1,2026-09-30T19:06:57.081233,MOIL-BAL-01-BH-010,65.59,91.44,phyllite,Sausar Group / Mansar Formation,fresh
1.0.0,True,nakshatra-synthetic-v1,2026-09-30T19:06:57.081241,MOIL-BAL-01-BH-010,91.44,123.99,calc-granulite,Sausar Group / Mansar Formation,fresh
1.0.0,True,nakshatra-synthetic-v1,2026-09-30T19:06:57.081248,MOIL-BAL-01-BH-010,123.99,140.72,mica-schist,Sausar Group / Mansar Formation,fresh
1.0.0,True,nakshatra-synthetic-v1,2026-09-30T19:06:57.081255,MOIL-BAL-01-BH-010,140.72,147.01,calc-granulite,Sausar Group / Mansar Formation,fresh
1.0.0,True,nakshatra-synthetic-v1,2026-09-30T19:06:57.081262,MOIL-BAL-01-BH-010,147.01,156.19,manganese ore,Sausar Group / Mansar Formation,moderately
1.0.0,True,nakshatra-synthetic-v1,2026-09-30T19:06:57.081269,MOIL-BAL-01-BH-010,156.19,180.17,manganese ore,Sausar Group / Mansar Formation,slightly
1.0.0,True,nakshatra-synthetic-v1,2026-09-30T19:06:57.081276,MOIL-BAL-01-BH-010,180.17,199.45,mica-schist,Sausar Group / Mansar Formation,slightly
1.0.0,True,nakshatra-synthetic-v1,2026-09-30T19:06:57.081283,MOIL-BAL-01-BH-010,199.45,209.18,gondite,Sausar Group / Mansar Formation,slightly
1.0.0,True,nakshatra-synthetic-v1,2026-09-30T19:06:57.081291,MOIL-BAL-01-BH-010,209.18,219.32,mica-schist,Sausar Group / Mansar Formation,fresh
1.0.0,True,nakshatra-synthetic-v1,2026-09-30T19:06:57.081298,MOIL-BAL-01-BH-010,219.32,221.1,manganese ore,Sausar Group / Mansar Formation,moderately
1.0.0,True,nakshatra-synthetic-v1,2026-09-30T19:06:57.081306,MOIL-BAL-01-BH-011,0.0,9.78,mica-schist,Sausar Group / Mansar Formation,moderately
1.0.0,True,nakshatra-synthetic-v1,2026-09-30T19:06:57.081314,MOIL-BAL-01-BH-011,9.78,16.44,mica-schist,Sausar Group / Mansar Formation,fresh
1.0.0,True,nakshatra-synthetic-v1,2026-09-30T19:06:57.081321,MOIL-BAL-01-BH-011,16.44,20.6,gondite,Sausar Group / Mansar Formation,slightly
1.0.0,True,nakshatra-synthetic-v1,2026-09-30T19:06:57.081328,MOIL-BAL-01-BH-011,20.6,55.27,calc-granulite,Sausar Group / Mansar Formation,fresh
1.0.0,True,nakshatra-synthetic-v1,2026-09-30T19:06:57.081335,MOIL-BAL-01-BH-011,55.27,67.33,manganese ore,Sausar Group / Mansar Formation,moderately
1.0.0,True,nakshatra-synthetic-v1,2026-09-30T19:06:57.081342,MOIL-BAL-01-BH-011,67.33,72.04,mica-schist,Sausar Group / Mansar Formation,fresh
1.0.0,True,nakshatra-synthetic-v1,2026-09-30T19:06:57.081349,MOIL-BAL-01-BH-011,72.04,84.54,quartzite,Sausar Group / Mansar Formation,slightly
1.0.0,True,nakshatra-synthetic-v1,2026-09-30T19:06:57.081356,MOIL-BAL-01-BH-011,84.54,93.12,calc-granulite,Sausar Group / Mansar Formation,fresh
1.0.0,True,nakshatra-synthetic-v1,2026-09-30T19:06:57.081364,MOIL-BAL-01-BH-011,93.12,103.19,mica-schist,Sausar Group / Mansar Formation,slightly
1.0.0,True,nakshatra-synthetic-v1,2026-09-30T19:06:57.081371,MOIL-BAL-01-BH-011,103.19,122.93,mica-schist,Sausar Group / Mansar Formation,fresh
1.0.0,True,nakshatra-synthetic-v1,2026-09-30T19:06:57.081378,MOIL-BAL-01-BH-011,122.93,136.68,gondite,Sausar Group / Mansar Formation,slightly
1.0.0,True,nakshatra-synthetic-v1,2026-09-30T19:06:57.081385,MOIL-BAL-01-BH-011,136.68,145.68,mica-schist,Sausar Group / Mansar Formation,fresh
1.0.0,True,nakshatra-synthetic-v1,2026-09-30T19:06:57.081392,MOIL-BAL-01-BH-011,145.68,146.68,manganese ore,Sausar Group / Mansar Formation,fresh
1.0.0,True,nakshatra-synthetic-v1,2026-09-30T19:06:57.081399,MOIL-BAL-01-BH-011,146.68,157.52,gondite,Sausar Group / Mansar Formation,slightly
1.0.0,True,nakshatra-synthetic-v1,2026-09-30T19:06:57.081406,MOIL-BAL-01-BH-011,157.52,164.18,phyllite,Sausar Group / Mansar Formation,highly
1.0.0,True,nakshatra-synthetic-v1,2026-09-30T19:06:57.081414,MOIL-BAL-01-BH-011,164.18,167.47,quartzite,Sausar Group / Mansar Formation,highly
1.0.0,True,nakshatra-synthetic-v1,2026-09-30T19:06:57.081421,MOIL-BAL-01-BH-011,167.47,176.66,gondite,Sausar Group / Mansar Formation,slightly
1.0.0,True,nakshatra-synthetic-v1,2026-09-30T19:06:57.081428,MOIL-BAL-01-BH-011,176.66,203.87,phyllite,Sausar Group / Mansar Formation,highly
1.0.0,True,nakshatra-synthetic-v1,2026-09-30T19:06:57.081435,MOIL-BAL-01-BH-011,203.87,213.54,phyllite,Sausar Group / Mansar Formation,slightly
1.0.0,True,nakshatra-synthetic-v1,2026-09-30T19:06:57.081442,MOIL-BAL-01-BH-011,213.54,215.4,phyllite,Sausar Group / Mansar Formation,highly
1.0.0,True,nakshatra-synthetic-v1,2026-09-30T19:06:57.081449,MOIL-BAL-01-BH-012,0.0,10.76,phyllite,Sausar Group / Mansar Formation,slightly
1.0.0,True,nakshatra-synthetic-v1,2026-09-30T19:06:57.081458,MOIL-BAL-01-BH-012,10.76,25.51,manganese ore,Sausar Group / Mansar Formation,slightly
1.0.0,True,nakshatra-synthetic-v1,2026-09-30T19:06:57.081465,MOIL-BAL-01-BH-012,25.51,55.76,mica-schist,Sausar Group / Mansar Formation,slightly
1.0.0,True,nakshatra-synthetic-v1,2026-09-30T19:06:57.081472,MOIL-BAL-01-BH-012,55.76,65.2,mica-schist,Sausar Group / Mansar Formation,moderately
1.0.0,True,nakshatra-synthetic-v1,2026-09-30T19:06:57.081479,MOIL-BHR-02-BH-001,0.0,14.92,quartzite,Sausar Group / Mansar Formation,highly
1.0.0,True,nakshatra-synthetic-v1,2026-09-30T19:06:57.081486,MOIL-BHR-02-BH-001,14.92,33.98,calc-granulite,Sausar Group / Mansar Formation,slightly
1.0.0,True,nakshatra-synthetic-v1,2026-09-30T19:06:57.081494,MOIL-BHR-02-BH-001,33.98,52.48,gondite,Sausar Group / Mansar Formation,slightly
1.0.0,True,nakshatra-synthetic-v1,2026-09-30T19:06:57.081501,MOIL-BHR-02-BH-001,52.48,64.86,gondite,Sausar Group / Mansar Formation,moderately
1.0.0,True,nakshatra-synthetic-v1,2026-09-30T19:06:57.081508,MOIL-BHR-02-BH-001,64.86,78.38,phyllite,Sausar Group / Mansar Formation,moderately
1.0.0,True,nakshatra-synthetic-v1,2026-09-30T19:06:57.081515,MOIL-BHR-02-BH-001,78.38,97.37,mica-schist,Sausar Group / Mansar Formation,moderately
1.0.0,True,nakshatra-synthetic-v1,2026-09-30T19:06:57.081522,MOIL-BHR-02-BH-001,97.37,101.31,calc-granulite,Sausar Group / Mansar Formation,fresh
1.0.0,True,nakshatra-synthetic-v1,2026-09-30T19:06:57.081529,MOIL-BHR-02-BH-001,101.31,115.77,quartzite,Sausar Group / Mansar Formation,fresh
1.0.0,True,nakshatra-synthetic-v1,2026-09-30T19:06:57.081536,MOIL-BHR-02-BH-001,115.77,128.77,phyllite,Sausar Group / Mansar Formation,highly
1.0.0,True,nakshatra-synthetic-v1,2026-09-30T19:06:57.081543,MOIL-BHR-02-BH-001,128.77,141.36,calc-granulite,Sausar Group / Mansar Formation,moderately
1.0.0,True,nakshatra-synthetic-v1,2026-09-30T19:06:57.081552,MOIL-BHR-02-BH-001,141.36,166.02,mica-schist,Sausar Group / Mansar Formation,slightly
1.0.0,True,nakshatra-synthetic-v1,2026-09-30T19:06:57.081560,MOIL-BHR-02-BH-001,166.02,187.09,phyllite,Sausar Group / Mansar Formation,moderately
1.0.0,True,nakshatra-synthetic-v1,2026-09-30T19:06:57.081567,MOIL-BHR-02-BH-001,187.09,205.44,manganese ore,Sausar Group / Mansar Formation,moderately
1.0.0,True,nakshatra-synthetic-v1,2026-09-30T19:06:57.081574,MOIL-BHR-02-BH-001,205.44,219.09,phyllite,Sausar Group / Mansar Formation,fresh
1.0.0,True,nakshatra-synthetic-v1,2026-09-30T19:06:57.081581,MOIL-BHR-02-BH-001,219.09,228.35,manganese ore,Sausar Group / Mansar Formation,slightly
1.0.0,True,nakshatra-synthetic-v1,2026-09-30T19:06:57.081588,MOIL-BHR-02-BH-001,228.35,237.09,gondite,Sausar Group / Mansar Formation,slightly
1.0.0,True,nakshatra-synthetic-v1,2026-09-30T19:06:57.081595,MOIL-BHR-02-BH-001,237.09,254.06,gondite,Sausar Group / Mansar Formation,slightly
1.0.0,True,nakshatra-synthetic-v1,2026-09-30T19:06:57.081602,MOIL-BHR-02-BH-001,254.06,264.59,quartzite,Sausar Group / Mansar Formation,highly
1.0.0,True,nakshatra-synthetic-v1,2026-09-30T19:06:57.081610,MOIL-BHR-02-BH-001,264.59,307.84,quartzite,Sausar Group / Mansar Formation,slightly
1.0.0,True,nakshatra-synthetic-v1,2026-09-30T19:06:57.081617,MOIL-BHR-02-BH-001,307.84,311.78,mica-schist,Sausar Group / Mansar Formation,fresh
1.0.0,True,nakshatra-synthetic-v1,2026-09-30T19:06:57.081624,MOIL-BHR-02-BH-001,311.78,329.63,calc-granulite,Sausar Group / Mansar Formation,fresh
1.0.0,True,nakshatra-synthetic-v1,2026-09-30T19:06:57.081631,MOIL-BHR-02-BH-001,329.63,372.4,phyllite,Sausar Group / Mansar Formation,slightly
1.0.0,True,nakshatra-synthetic-v1,2026-09-30T19:06:57.081638,MOIL-BHR-02-BH-001,372.4,379.3,mica-schist,Sausar Group / Mansar Formation,fresh
1.0.0,True,nakshatra-synthetic-v1,2026-09-30T19:06:57.081647,MOIL-BHR-02-BH-002,0.0,2.98,manganese ore,Sausar Group / Mansar Formation,slightly
1.0.0,True,nakshatra-synthetic-v1,2026-09-30T19:06:57.081655,MOIL-BHR-02-BH-002,2.98,8.7,calc-granulite,Sausar Group / Mansar Formation,slightly
1.0.0,True,nakshatra-synthetic-v1,2026-09-30T19:06:57.081662,MOIL-BHR-02-BH-002,8.7,20.8,quartzite,Sausar Group / Mansar Formation,fresh
1.0.0,True,nakshatra-synthetic-v1,2026-09-30T19:06:57.081669,MOIL-BHR-02-BH-002,20.8,29.14,gondite,Sausar Group / Mansar Formation,slightly
1.0.0,True,nakshatra-synthetic-v1,2026-09-30T19:06:57.081676,MOIL-BHR-02-BH-002,29.14,38.51,quartzite,Sausar Group / Mansar Formation,moderately
1.0.0,True,nakshatra-synthetic-v1,2026-09-30T19:06:57.081685,MOIL-BHR-02-BH-002,38.51,56.38,manganese ore,Sausar Group / Mansar Formation,slightly
1.0.0,True,nakshatra-synthetic-v1,2026-09-30T19:06:57.081692,MOIL-BHR-02-BH-002,56.38,65.44,mica-schist,Sausar Group / Mansar Formation,slightly
1.0.0,True,nakshatra-synthetic-v1,2026-09-30T19:06:57.081699,MOIL-BHR-02-BH-002,65.44,70.5,phyllite,Sausar Group / Mansar Formation,slightly
1.0.0,True,nakshatra-synthetic-v1,2026-09-30T19:06:57.081706,MOIL-BHR-02-BH-003,0.0,25.37,phyllite,Sausar Group / Mansar Formation,highly
1.0.0,True,nakshatra-synthetic-v1,2026-09-30T19:06:57.081713,MOIL-BHR-02-BH-003,25.37,49.66,phyllite,Sausar Group / Mansar Formation,fresh
1.0.0,True,nakshatra-synthetic-v1,2026-09-30T19:06:57.081720,MOIL-BHR-02-BH-003,49.66,54.89,quartzite,Sausar Group / Mansar Formation,fresh
1.0.0,True,nakshatra-synthetic-v1,2026-09-30T19:06:57.081727,MOIL-BHR-02-BH-003,54.89,64.96,phyllite,Sausar Group / Mansar Formation,slightly
1.0.0,True,nakshatra-synthetic-v1,2026-09-30T19:06:57.081734,MOIL-BHR-02-BH-003,64.96,86.9,manganese ore,Sausar Group / Mansar Formation,moderately
1.0.0,True,nakshatra-synthetic-v1,2026-09-30T19:06:57.081741,MOIL-BHR-02-BH-004,0.0,33.77,mica-schist,Sausar Group / Mansar Formation,slightly
1.0.0,True,nakshatra-synthetic-v1,2026-09-30T19:06:57.081748,MOIL-BHR-02-BH-004,33.77,40.61,mica-schist,Sausar Group / Mansar Formation,highly
1.0.0,True,nakshatra-synthetic-v1,2026-09-30T19:06:57.081756,MOIL-BHR-02-BH-004,40.61,49.98,quartzite,Sausar Group / Mansar Formation,fresh
1.0.0,True,nakshatra-synthetic-v1,2026-09-30T19:06:57.081763,MOIL-BHR-02-BH-004,49.98,70.72,manganese ore,Sausar Group / Mansar Formation,highly
1.0.0,True,nakshatra-synthetic-v1,2026-09-30T19:06:57.081770,MOIL-BHR-02-BH-004,70.72,106.99,phyllite,Sausar Group / Mansar Formation,fresh
1.0.0,True,nakshatra-synthetic-v1,2026-09-30T19:06:57.081777,MOIL-BHR-02-BH-004,106.99,113.49,gondite,Sausar Group / Mansar Formation,highly
1.0.0,True,nakshatra-synthetic-v1,2026-09-30T19:06:57.081784,MOIL-BHR-02-BH-004,113.49,138.39,calc-granulite,Sausar Group / Mansar Formation,fresh
1.0.0,True,nakshatra-synthetic-v1,2026-09-30T19:06:57.081791,MOIL-BHR-02-BH-004,138.39,155.33,quartzite,Sausar Group / Mansar Formation,moderately
1.0.0,True,nakshatra-synthetic-v1,2026-09-30T19:06:57.081798,MOIL-BHR-02-BH-004,155.33,159.64,calc-granulite,Sausar Group / Mansar Formation,slightly
1.0.0,True,nakshatra-synthetic-v1,2026-09-30T19:06:57.081805,MOIL-BHR-02-BH-004,159.64,183.8,quartzite,Sausar Group / Mansar Formation,fresh
1.0.0,True,nakshatra-synthetic-v1,2026-09-30T19:06:57.081812,MOIL-BHR-02-BH-005,0.0,22.27,phyllite,Sausar Group / Mansar Formation,slightly
1.0.0,True,nakshatra-synthetic-v1,2026-09-30T19:06:57.081819,MOIL-BHR-02-BH-005,22.27,45.57,gondite,Sausar Group / Mansar Formation,moderately
1.0.0,True,nakshatra-synthetic-v1,2026-09-30T19:06:57.081827,MOIL-BHR-02-BH-005,45.57,70.81,phyllite,Sausar Group / Mansar Formation,slightly
1.0.0,True,nakshatra-synthetic-v1,2026-09-30T19:06:57.081834,MOIL-BHR-02-BH-005,70.81,79.57,calc-granulite,Sausar Group / Mansar Formation,highly
1.0.0,True,nakshatra-synthetic-v1,2026-09-30T19:06:57.081841,MOIL-BHR-02-BH-005,79.57,100.99,phyllite,Sausar Group / Mansar Formation,fresh
1.0.0,True,nakshatra-synthetic-v1,2026-09-30T19:06:57.081848,MOIL-BHR-02-BH-005,100.99,120.36,phyllite,Sausar Group / Mansar Formation,moderately
1.0.0,True,nakshatra-synthetic-v1,2026-09-30T19:06:57.081855,MOIL-BHR-02-BH-005,120.36,124.41,mica-schist,Sausar Group / Mansar Formation,fresh
1.0.0,True,nakshatra-synthetic-v1,2026-09-30T19:06:57.081865,MOIL-BHR-02-BH-005,124.41,130.3,gondite,Sausar Group / Mansar Formation,moderately
1.0.0,True,nakshatra-synthetic-v1,2026-09-30T19:06:57.081874,MOIL-BHR-02-BH-006,0.0,30.46,quartzite,Sausar Group / Mansar Formation,highly
1.0.0,True,nakshatra-synthetic-v1,2026-09-30T19:06:57.081881,MOIL-BHR-02-BH-006,30.46,59.9,manganese ore,Sausar Group / Mansar Formation,moderately
1.0.0,True,nakshatra-synthetic-v1,2026-09-30T19:06:57.081888,MOIL-BHR-02-BH-006,59.9,72.84,gondite,Sausar Group / Mansar Formation,slightly
1.0.0,True,nakshatra-synthetic-v1,2026-09-30T19:06:57.081896,MOIL-BHR-02-BH-006,72.84,84.76,calc-granulite,Sausar Group / Mansar Formation,fresh
1.0.0,True,nakshatra-synthetic-v1,2026-09-30T19:06:57.081903,MOIL-BHR-02-BH-006,84.76,105.6,mica-schist,Sausar Group / Mansar Formation,slightly
1.0.0,True,nakshatra-synthetic-v1,2026-09-30T19:06:57.081911,MOIL-BHR-02-BH-007,0.0,45.45,gondite,Sausar Group / Mansar Formation,slightly
1.0.0,True,nakshatra-synthetic-v1,2026-09-30T19:06:57.081918,MOIL-BHR-02-BH-007,45.45,47.99,phyllite,Sausar Group / Mansar Formation,moderately
1.0.0,True,nakshatra-synthetic-v1,2026-09-30T19:06:57.081925,MOIL-BHR-02-BH-007,47.99,75.57,mica-schist,Sausar Group / Mansar Formation,slightly
1.0.0,True,nakshatra-synthetic-v1,2026-09-30T19:06:57.081932,MOIL-BHR-02-BH-007,75.57,119.11,gondite,Sausar Group / Mansar Formation,fresh
1.0.0,True,nakshatra-synthetic-v1,2026-09-30T19:06:57.081940,MOIL-BHR-02-BH-007,119.11,144.11,mica-schist,Sausar Group / Mansar Formation,fresh
1.0.0,True,nakshatra-synthetic-v1,2026-09-30T19:06:57.081947,MOIL-BHR-02-BH-007,144.11,164.3,quartzite,Sausar Group / Mansar Formation,slightly
1.0.0,True,nakshatra-synthetic-v1,2026-09-30T19:06:57.081954,MOIL-BHR-02-BH-008,0.0,29.23,phyllite,Sausar Group / Mansar Formation,slightly
1.0.0,True,nakshatra-synthetic-v1,2026-09-30T19:06:57.081961,MOIL-BHR-02-BH-008,29.23,52.63,calc-granulite,Sausar Group / Mansar Formation,slightly
1.0.0,True,nakshatra-synthetic-v1,2026-09-30T19:06:57.081968,MOIL-BHR-02-BH-008,52.63,56.0,gondite,Sausar Group / Mansar Formation,slightly
1.0.0,True,nakshatra-synthetic-v1,2026-09-30T19:06:57.081975,MOIL-BHR-02-BH-009,0.0,20.77,manganese ore,Sausar Group / Mansar Formation,moderately
1.0.0,True,nakshatra-synthetic-v1,2026-09-30T19:06:57.081983,MOIL-BHR-02-BH-009,20.77,38.47,phyllite,Sausar Group / Mansar Formation,moderately
1.0.0,True,nakshatra-synthetic-v1,2026-09-30T19:06:57.081990,MOIL-BHR-02-BH-009,38.47,40.89,quartzite,Sausar Group / Mansar Formation,slightly
1.0.0,True,nakshatra-synthetic-v1,2026-09-30T19:06:57.081997,MOIL-BHR-02-BH-009,40.89,59.83,phyllite,Sausar Group / Mansar Formation,fresh
1.0.0,True,nakshatra-synthetic-v1,2026-09-30T19:06:57.082003,MOIL-BHR-02-BH-009,59.83,73.11,mica-schist,Sausar Group / Mansar Formation,moderately
1.0.0,True,nakshatra-synthetic-v1,2026-09-30T19:06:57.082010,MOIL-BHR-02-BH-009,73.11,93.33,gondite,Sausar Group / Mansar Formation,moderately
1.0.0,True,nakshatra-synthetic-v1,2026-09-30T19:06:57.082017,MOIL-BHR-02-BH-009,93.33,97.21,gondite,Sausar Group / Mansar Formation,slightly
1.0.0,True,nakshatra-synthetic-v1,2026-09-30T19:06:57.082025,MOIL-BHR-02-BH-009,97.21,107.15,phyllite,Sausar Group / Mansar Formation,fresh
1.0.0,True,nakshatra-synthetic-v1,2026-09-30T19:06:57.082032,MOIL-BHR-02-BH-009,107.15,113.7,quartzite,Sausar Group / Mansar Formation,slightly
1.0.0,True,nakshatra-synthetic-v1,2026-09-30T19:06:57.082039,MOIL-BHR-02-BH-010,0.0,7.06,manganese ore,Sausar Group / Mansar Formation,highly
1.0.0,True,nakshatra-synthetic-v1,2026-09-30T19:06:57.082046,MOIL-BHR-02-BH-010,7.06,28.33,phyllite,Sausar Group / Mansar Formation,fresh
1.0.0,True,nakshatra-synthetic-v1,2026-09-30T19:06:57.082054,MOIL-BHR-02-BH-010,28.33,32.36,gondite,Sausar Group / Mansar Formation,fresh
1.0.0,True,nakshatra-synthetic-v1,2026-09-30T19:06:57.082061,MOIL-BHR-02-BH-010,32.36,56.52,mica-schist,Sausar Group / Mansar Formation,moderately
1.0.0,True,nakshatra-synthetic-v1,2026-09-30T19:06:57.082068,MOIL-BHR-02-BH-010,56.52,73.55,mica-schist,Sausar Group / Mansar Formation,highly
1.0.0,True,nakshatra-synthetic-v1,2026-09-30T19:06:57.082075,MOIL-BHR-02-BH-010,73.55,98.67,calc-granulite,Sausar Group / Mansar Formation,fresh
1.0.0,True,nakshatra-synthetic-v1,2026-09-30T19:06:57.082082,MOIL-BHR-02-BH-010,98.67,104.92,quartzite,Sausar Group / Mansar Formation,fresh
1.0.0,True,nakshatra-synthetic-v1,2026-09-30T19:06:57.082089,MOIL-BHR-02-BH-010,104.92,130.53,calc-granulite,Sausar Group / Mansar Formation,fresh
1.0.0,True,nakshatra-synthetic-v1,2026-09-30T19:06:57.082096,MOIL-BHR-02-BH-010,130.53,142.03,manganese ore,Sausar Group / Mansar Formation,highly
1.0.0,True,nakshatra-synthetic-v1,2026-09-30T19:06:57.082103,MOIL-BHR-02-BH-010,142.03,157.97,quartzite,Sausar Group / Mansar Formation,highly
1.0.0,True,nakshatra-synthetic-v1,2026-09-30T19:06:57.082110,MOIL-BHR-02-BH-010,157.97,169.79,gondite,Sausar Group / Mansar Formation,highly
1.0.0,True,nakshatra-synthetic-v1,2026-09-30T19:06:57.082117,MOIL-BHR-02-BH-010,169.79,186.41,manganese ore,Sausar Group / Mansar Formation,slightly
1.0.0,True,nakshatra-synthetic-v1,2026-09-30T19:06:57.082124,MOIL-BHR-02-BH-010,186.41,200.23,gondite,Sausar Group / Mansar Formation,slightly
1.0.0,True,nakshatra-synthetic-v1,2026-09-30T19:06:57.082133,MOIL-BHR-02-BH-010,200.23,216.08,calc-granulite,Sausar Group / Mansar Formation,fresh
1.0.0,True,nakshatra-synthetic-v1,2026-09-30T19:06:57.082140,MOIL-BHR-02-BH-010,216.08,226.61,gondite,Sausar Group / Mansar Formation,completely
1.0.0,True,nakshatra-synthetic-v1,2026-09-30T19:06:57.082147,MOIL-BHR-02-BH-010,226.61,227.9,calc-granulite,Sausar Group / Mansar Formation,slightly
1.0.0,True,nakshatra-synthetic-v1,2026-09-30T19:06:57.082154,MOIL-BHR-02-BH-011,0.0,17.33,gondite,Sausar Group / Mansar Formation,fresh
1.0.0,True,nakshatra-synthetic-v1,2026-09-30T19:06:57.082162,MOIL-BHR-02-BH-011,17.33,28.48,calc-granulite,Sausar Group / Mansar Formation,fresh
1.0.0,True,nakshatra-synthetic-v1,2026-09-30T19:06:57.082170,MOIL-BHR-02-BH-011,28.48,44.47,phyllite,Sausar Group / Mansar Formation,slightly
1.0.0,True,nakshatra-synthetic-v1,2026-09-30T19:06:57.082177,MOIL-BHR-02-BH-011,44.47,58.6,phyllite,Sausar Group / Mansar Formation,slightly
1.0.0,True,nakshatra-synthetic-v1,2026-09-30T19:06:57.082184,MOIL-BHR-02-BH-011,58.6,69.12,gondite,Sausar Group / Mansar Formation,moderately
1.0.0,True,nakshatra-synthetic-v1,2026-09-30T19:06:57.082192,MOIL-BHR-02-BH-011,69.12,98.0,manganese ore,Sausar Group / Mansar Formation,moderately
1.0.0,True,nakshatra-synthetic-v1,2026-09-30T19:06:57.082199,MOIL-BHR-02-BH-012,0.0,25.34,manganese ore,Sausar Group / Mansar Formation,slightly
1.0.0,True,nakshatra-synthetic-v1,2026-09-30T19:06:57.082206,MOIL-BHR-02-BH-012,25.34,43.32,mica-schist,Sausar Group / Mansar Formation,moderately
1.0.0,True,nakshatra-synthetic-v1,2026-09-30T19:06:57.082213,MOIL-BHR-02-BH-012,43.32,46.5,calc-granulite,Sausar Group / Mansar Formation,slightly
1.0.0,True,nakshatra-synthetic-v1,2026-09-30T19:06:57.082221,MOIL-BHR-02-BH-012,46.5,66.3,mica-schist,Sausar Group / Mansar Formation,completely
1.0.0,True,nakshatra-synthetic-v1,2026-09-30T19:06:57.082228,MOIL-BHR-02-BH-012,66.3,77.43,gondite,Sausar Group / Mansar Formation,slightly
1.0.0,True,nakshatra-synthetic-v1,2026-09-30T19:06:57.082235,MOIL-BHR-02-BH-012,77.43,106.34,calc-granulite,Sausar Group / Mansar Formation,slightly
1.0.0,True,nakshatra-synthetic-v1,2026-09-30T19:06:57.082242,MOIL-BHR-02-BH-012,106.34,128.24,mica-schist,Sausar Group / Mansar Formation,slightly
1.0.0,True,nakshatra-synthetic-v1,2026-09-30T19:06:57.082249,MOIL-BHR-02-BH-012,128.24,143.78,gondite,Sausar Group / Mansar Formation,moderately
1.0.0,True,nakshatra-synthetic-v1,2026-09-30T19:06:57.082256,MOIL-BHR-02-BH-012,143.78,161.97,gondite,Sausar Group / Mansar Formation,moderately
1.0.0,True,nakshatra-synthetic-v1,2026-09-30T19:06:57.082264,MOIL-BHR-02-BH-012,161.97,162.5,mica-schist,Sausar Group / Mansar Formation,slightly
1.0.0,True,nakshatra-synthetic-v1,2026-09-30T19:06:57.082271,MOIL-UKW-03-BH-001,0.0,30.32,quartzite,Sausar Group / Mansar Formation,fresh
1.0.0,True,nakshatra-synthetic-v1,2026-09-30T19:06:57.082278,MOIL-UKW-03-BH-001,30.32,47.82,phyllite,Sausar Group / Mansar Formation,slightly
1.0.0,True,nakshatra-synthetic-v1,2026-09-30T19:06:57.082285,MOIL-UKW-03-BH-001,47.82,73.4,gondite,Sausar Group / Mansar Formation,completely
1.0.0,True,nakshatra-synthetic-v1,2026-09-30T19:06:57.082294,MOIL-UKW-03-BH-002,0.0,10.84,phyllite,Sausar Group / Mansar Formation,fresh
1.0.0,True,nakshatra-synthetic-v1,2026-09-30T19:06:57.082302,MOIL-UKW-03-BH-002,10.84,25.22,manganese ore,Sausar Group / Mansar Formation,highly
1.0.0,True,nakshatra-synthetic-v1,2026-09-30T19:06:57.082309,MOIL-UKW-03-BH-002,25.22,37.77,mica-schist,Sausar Group / Mansar Formation,fresh
1.0.0,True,nakshatra-synthetic-v1,2026-09-30T19:06:57.082316,MOIL-UKW-03-BH-002,37.77,55.4,quartzite,Sausar Group / Mansar Formation,slightly
1.0.0,True,nakshatra-synthetic-v1,2026-09-30T19:06:57.082323,MOIL-UKW-03-BH-002,55.4,72.57,mica-schist,Sausar Group / Mansar Formation,fresh
1.0.0,True,nakshatra-synthetic-v1,2026-09-30T19:06:57.082330,MOIL-UKW-03-BH-002,72.57,104.07,mica-schist,Sausar Group / Mansar Formation,slightly
1.0.0,True,nakshatra-synthetic-v1,2026-09-30T19:06:57.082337,MOIL-UKW-03-BH-002,104.07,111.97,calc-granulite,Sausar Group / Mansar Formation,moderately
1.0.0,True,nakshatra-synthetic-v1,2026-09-30T19:06:57.082344,MOIL-UKW-03-BH-002,111.97,127.07,gondite,Sausar Group / Mansar Formation,slightly
1.0.0,True,nakshatra-synthetic-v1,2026-09-30T19:06:57.082351,MOIL-UKW-03-BH-002,127.07,144.81,quartzite,Sausar Group / Mansar Formation,slightly
1.0.0,True,nakshatra-synthetic-v1,2026-09-30T19:06:57.082360,MOIL-UKW-03-BH-002,144.81,164.6,mica-schist,Sausar Group / Mansar Formation,slightly
1.0.0,True,nakshatra-synthetic-v1,2026-09-30T19:06:57.082367,MOIL-UKW-03-BH-003,0.0,17.38,manganese ore,Sausar Group / Mansar Formation,fresh
1.0.0,True,nakshatra-synthetic-v1,2026-09-30T19:06:57.082374,MOIL-UKW-03-BH-003,17.38,25.69,gondite,Sausar Group / Mansar Formation,fresh
1.0.0,True,nakshatra-synthetic-v1,2026-09-30T19:06:57.082382,MOIL-UKW-03-BH-003,25.69,36.01,phyllite,Sausar Group / Mansar Formation,slightly
1.0.0,True,nakshatra-synthetic-v1,2026-09-30T19:06:57.082391,MOIL-UKW-03-BH-003,36.01,54.51,quartzite,Sausar Group / Mansar Formation,fresh
1.0.0,True,nakshatra-synthetic-v1,2026-09-30T19:06:57.082398,MOIL-UKW-03-BH-003,54.51,87.5,gondite,Sausar Group / Mansar Formation,moderately
1.0.0,True,nakshatra-synthetic-v1,2026-09-30T19:06:57.082405,MOIL-UKW-03-BH-004,0.0,18.69,phyllite,Sausar Group / Mansar Formation,fresh
1.0.0,True,nakshatra-synthetic-v1,2026-09-30T19:06:57.082412,MOIL-UKW-03-BH-004,18.69,20.88,manganese ore,Sausar Group / Mansar Formation,moderately
1.0.0,True,nakshatra-synthetic-v1,2026-09-30T19:06:57.082420,MOIL-UKW-03-BH-004,20.88,29.35,manganese ore,Sausar Group / Mansar Formation,fresh
1.0.0,True,nakshatra-synthetic-v1,2026-09-30T19:06:57.082427,MOIL-UKW-03-BH-004,29.35,45.49,calc-granulite,Sausar Group / Mansar Formation,slightly
1.0.0,True,nakshatra-synthetic-v1,2026-09-30T19:06:57.082434,MOIL-UKW-03-BH-004,45.49,57.56,manganese ore,Sausar Group / Mansar Formation,fresh
1.0.0,True,nakshatra-synthetic-v1,2026-09-30T19:06:57.082442,MOIL-UKW-03-BH-004,57.56,64.15,calc-granulite,Sausar Group / Mansar Formation,fresh
1.0.0,True,nakshatra-synthetic-v1,2026-09-30T19:06:57.082449,MOIL-UKW-03-BH-004,64.15,90.25,gondite,Sausar Group / Mansar Formation,slightly
1.0.0,True,nakshatra-synthetic-v1,2026-09-30T19:06:57.082458,MOIL-UKW-03-BH-004,90.25,104.64,gondite,Sausar Group / Mansar Formation,fresh
1.0.0,True,nakshatra-synthetic-v1,2026-09-30T19:06:57.082467,MOIL-UKW-03-BH-004,104.64,127.86,quartzite,Sausar Group / Mansar Formation,slightly
1.0.0,True,nakshatra-synthetic-v1,2026-09-30T19:06:57.082475,MOIL-UKW-03-BH-004,127.86,150.12,quartzite,Sausar Group / Mansar Formation,fresh
1.0.0,True,nakshatra-synthetic-v1,2026-09-30T19:06:57.082483,MOIL-UKW-03-BH-004,150.12,151.1,mica-schist,Sausar Group / Mansar Formation,slightly
1.0.0,True,nakshatra-synthetic-v1,2026-09-30T19:06:57.082490,MOIL-UKW-03-BH-005,0.0,26.09,mica-schist,Sausar Group / Mansar Formation,slightly
1.0.0,True,nakshatra-synthetic-v1,2026-09-30T19:06:57.082497,MOIL-UKW-03-BH-005,26.09,44.83,phyllite,Sausar Group / Mansar Formation,highly
1.0.0,True,nakshatra-synthetic-v1,2026-09-30T19:06:57.082506,MOIL-UKW-03-BH-005,44.83,48.38,manganese ore,Sausar Group / Mansar Formation,moderately
1.0.0,True,nakshatra-synthetic-v1,2026-09-30T19:06:57.082515,MOIL-UKW-03-BH-005,48.38,59.88,phyllite,Sausar Group / Mansar Formation,slightly
1.0.0,True,nakshatra-synthetic-v1,2026-09-30T19:06:57.082523,MOIL-UKW-03-BH-005,59.88,66.43,mica-schist,Sausar Group / Mansar Formation,moderately
1.0.0,True,nakshatra-synthetic-v1,2026-09-30T19:06:57.082532,MOIL-UKW-03-BH-005,66.43,71.0,calc-granulite,Sausar Group / Mansar Formation,fresh
1.0.0,True,nakshatra-synthetic-v1,2026-09-30T19:06:57.082540,MOIL-UKW-03-BH-005,71.0,84.3,quartzite,Sausar Group / Mansar Formation,slightly
1.0.0,True,nakshatra-synthetic-v1,2026-09-30T19:06:57.082547,MOIL-UKW-03-BH-006,0.0,13.37,calc-granulite,Sausar Group / Mansar Formation,slightly
1.0.0,True,nakshatra-synthetic-v1,2026-09-30T19:06:57.082556,MOIL-UKW-03-BH-006,13.37,35.45,phyllite,Sausar Group / Mansar Formation,slightly
1.0.0,True,nakshatra-synthetic-v1,2026-09-30T19:06:57.082564,MOIL-UKW-03-BH-006,35.45,41.82,calc-granulite,Sausar Group / Mansar Formation,highly
1.0.0,True,nakshatra-synthetic-v1,2026-09-30T19:06:57.082571,MOIL-UKW-03-BH-006,41.82,46.92,manganese ore,Sausar Group / Mansar Formation,completely
1.0.0,True,nakshatra-synthetic-v1,2026-09-30T19:06:57.082578,MOIL-UKW-03-BH-006,46.92,60.23,manganese ore,Sausar Group / Mansar Formation,slightly
1.0.0,True,nakshatra-synthetic-v1,2026-09-30T19:06:57.082585,MOIL-UKW-03-BH-006,60.23,69.15,quartzite,Sausar Group / Mansar Formation,moderately
1.0.0,True,nakshatra-synthetic-v1,2026-09-30T19:06:57.082592,MOIL-UKW-03-BH-006,69.15,97.91,calc-granulite,Sausar Group / Mansar Formation,slightly
1.0.0,True,nakshatra-synthetic-v1,2026-09-30T19:06:57.082600,MOIL-UKW-03-BH-006,97.91,111.76,phyllite,Sausar Group / Mansar Formation,slightly
1.0.0,True,nakshatra-synthetic-v1,2026-09-30T19:06:57.082607,MOIL-UKW-03-BH-006,111.76,138.31,mica-schist,Sausar Group / Mansar Formation,slightly
1.0.0,True,nakshatra-synthetic-v1,2026-09-30T19:06:57.082615,MOIL-UKW-03-BH-006,138.31,145.92,gondite,Sausar Group / Mansar Formation,slightly
1.0.0,True,nakshatra-synthetic-v1,2026-09-30T19:06:57.082622,MOIL-UKW-03-BH-006,145.92,155.47,quartzite,Sausar Group / Mansar Formation,moderately
1.0.0,True,nakshatra-synthetic-v1,2026-09-30T19:06:57.082629,MOIL-UKW-03-BH-006,155.47,159.5,calc-granulite,Sausar Group / Mansar Formation,completely
1.0.0,True,nakshatra-synthetic-v1,2026-09-30T19:06:57.082636,MOIL-UKW-03-BH-007,0.0,5.88,calc-granulite,Sausar Group / Mansar Formation,fresh
1.0.0,True,nakshatra-synthetic-v1,2026-09-30T19:06:57.082643,MOIL-UKW-03-BH-007,5.88,11.36,mica-schist,Sausar Group / Mansar Formation,moderately
1.0.0,True,nakshatra-synthetic-v1,2026-09-30T19:06:57.082650,MOIL-UKW-03-BH-007,11.36,28.08,phyllite,Sausar Group / Mansar Formation,fresh
1.0.0,True,nakshatra-synthetic-v1,2026-09-30T19:06:57.082657,MOIL-UKW-03-BH-007,28.08,40.56,phyllite,Sausar Group / Mansar Formation,slightly
1.0.0,True,nakshatra-synthetic-v1,2026-09-30T19:06:57.082664,MOIL-UKW-03-BH-007,40.56,70.99,manganese ore,Sausar Group / Mansar Formation,highly
1.0.0,True,nakshatra-synthetic-v1,2026-09-30T19:06:57.082671,MOIL-UKW-03-BH-007,70.99,91.89,manganese ore,Sausar Group / Mansar Formation,fresh
1.0.0,True,nakshatra-synthetic-v1,2026-09-30T19:06:57.082679,MOIL-UKW-03-BH-007,91.89,103.53,gondite,Sausar Group / Mansar Formation,slightly
1.0.0,True,nakshatra-synthetic-v1,2026-09-30T19:06:57.082686,MOIL-UKW-03-BH-007,103.53,116.46,phyllite,Sausar Group / Mansar Formation,fresh
1.0.0,True,nakshatra-synthetic-v1,2026-09-30T19:06:57.082693,MOIL-UKW-03-BH-007,116.46,144.1,gondite,Sausar Group / Mansar Formation,moderately
1.0.0,True,nakshatra-synthetic-v1,2026-09-30T19:06:57.082700,MOIL-UKW-03-BH-007,144.1,167.04,phyllite,Sausar Group / Mansar Formation,slightly
1.0.0,True,nakshatra-synthetic-v1,2026-09-30T19:06:57.082708,MOIL-UKW-03-BH-007,167.04,182.29,calc-granulite,Sausar Group / Mansar Formation,fresh
1.0.0,True,nakshatra-synthetic-v1,2026-09-30T19:06:57.082715,MOIL-UKW-03-BH-007,182.29,193.0,manganese ore,Sausar Group / Mansar Formation,fresh
1.0.0,True,nakshatra-synthetic-v1,2026-09-30T19:06:57.082722,MOIL-UKW-03-BH-008,0.0,6.47,gondite,Sausar Group / Mansar Formation,moderately
1.0.0,True,nakshatra-synthetic-v1,2026-09-30T19:06:57.082729,MOIL-UKW-03-BH-008,6.47,30.74,calc-granulite,Sausar Group / Mansar Formation,fresh
1.0.0,True,nakshatra-synthetic-v1,2026-09-30T19:06:57.082736,MOIL-UKW-03-BH-008,30.74,43.33,manganese ore,Sausar Group / Mansar Formation,slightly
1.0.0,True,nakshatra-synthetic-v1,2026-09-30T19:06:57.082743,MOIL-UKW-03-BH-008,43.33,57.52,calc-granulite,Sausar Group / Mansar Formation,slightly
1.0.0,True,nakshatra-synthetic-v1,2026-09-30T19:06:57.082750,MOIL-UKW-03-BH-008,57.52,75.62,phyllite,Sausar Group / Mansar Formation,slightly
1.0.0,True,nakshatra-synthetic-v1,2026-09-30T19:06:57.082757,MOIL-UKW-03-BH-008,75.62,96.05,gondite,Sausar Group / Mansar Formation,moderately
1.0.0,True,nakshatra-synthetic-v1,2026-09-30T19:06:57.082764,MOIL-UKW-03-BH-008,96.05,102.72,gondite,Sausar Group / Mansar Formation,slightly
1.0.0,True,nakshatra-synthetic-v1,2026-09-30T19:06:57.082771,MOIL-UKW-03-BH-008,102.72,107.78,calc-granulite,Sausar Group / Mansar Formation,slightly
1.0.0,True,nakshatra-synthetic-v1,2026-09-30T19:06:57.082778,MOIL-UKW-03-BH-008,107.78,125.1,manganese ore,Sausar Group / Mansar Formation,fresh
1.0.0,True,nakshatra-synthetic-v1,2026-09-30T19:06:57.082786,MOIL-UKW-03-BH-009,0.0,24.51,manganese ore,Sausar Group / Mansar Formation,fresh
1.0.0,True,nakshatra-synthetic-v1,2026-09-30T19:06:57.082793,MOIL-UKW-03-BH-009,24.51,47.6,quartzite,Sausar Group / Mansar Formation,highly
1.0.0,True,nakshatra-synthetic-v1,2026-09-30T19:06:57.082800,MOIL-UKW-03-BH-009,47.6,90.02,calc-granulite,Sausar Group / Mansar Formation,slightly
1.0.0,True,nakshatra-synthetic-v1,2026-09-30T19:06:57.082807,MOIL-UKW-03-BH-009,90.02,94.56,manganese ore,Sausar Group / Mansar Formation,fresh
1.0.0,True,nakshatra-synthetic-v1,2026-09-30T19:06:57.082814,MOIL-UKW-03-BH-009,94.56,98.67,mica-schist,Sausar Group / Mansar Formation,slightly
1.0.0,True,nakshatra-synthetic-v1,2026-09-30T19:06:57.082822,MOIL-UKW-03-BH-009,98.67,109.7,manganese ore,Sausar Group / Mansar Formation,slightly
1.0.0,True,nakshatra-synthetic-v1,2026-09-30T19:06:57.082830,MOIL-UKW-03-BH-010,0.0,10.38,mica-schist,Sausar Group / Mansar Formation,highly
1.0.0,True,nakshatra-synthetic-v1,2026-09-30T19:06:57.082837,MOIL-UKW-03-BH-010,10.38,33.2,quartzite,Sausar Group / Mansar Formation,fresh
1.0.0,True,nakshatra-synthetic-v1,2026-09-30T19:06:57.082844,MOIL-UKW-03-BH-010,33.2,57.86,mica-schist,Sausar Group / Mansar Formation,moderately
1.0.0,True,nakshatra-synthetic-v1,2026-09-30T19:06:57.082851,MOIL-UKW-03-BH-010,57.86,70.14,quartzite,Sausar Group / Mansar Formation,slightly
1.0.0,True,nakshatra-synthetic-v1,2026-09-30T19:06:57.082858,MOIL-UKW-03-BH-010,70.14,104.11,calc-granulite,Sausar Group / Mansar Formation,slightly
1.0.0,True,nakshatra-synthetic-v1,2026-09-30T19:06:57.082865,MOIL-UKW-03-BH-010,104.11,116.04,calc-granulite,Sausar Group / Mansar Formation,fresh
1.0.0,True,nakshatra-synthetic-v1,2026-09-30T19:06:57.082872,MOIL-UKW-03-BH-010,116.04,145.09,mica-schist,Sausar Group / Mansar Formation,moderately
1.0.0,True,nakshatra-synthetic-v1,2026-09-30T19:06:57.082879,MOIL-UKW-03-BH-010,145.09,158.0,phyllite,Sausar Group / Mansar Formation,moderately
1.0.0,True,nakshatra-synthetic-v1,2026-09-30T19:06:57.082886,MOIL-UKW-03-BH-011,0.0,4.49,gondite,Sausar Group / Mansar Formation,fresh
1.0.0,True,nakshatra-synthetic-v1,2026-09-30T19:06:57.082893,MOIL-UKW-03-BH-011,4.49,41.93,phyllite,Sausar Group / Mansar Formation,fresh
1.0.0,True,nakshatra-synthetic-v1,2026-09-30T19:06:57.082900,MOIL-UKW-03-BH-011,41.93,60.54,quartzite,Sausar Group / Mansar Formation,slightly
1.0.0,True,nakshatra-synthetic-v1,2026-09-30T19:06:57.082907,MOIL-UKW-03-BH-011,60.54,72.33,quartzite,Sausar Group / Mansar Formation,fresh
1.0.0,True,nakshatra-synthetic-v1,2026-09-30T19:06:57.082914,MOIL-UKW-03-BH-011,72.33,95.04,phyllite,Sausar Group / Mansar Formation,slightly
1.0.0,True,nakshatra-synthetic-v1,2026-09-30T19:06:57.082921,MOIL-UKW-03-BH-011,95.04,97.18,calc-granulite,Sausar Group / Mansar Formation,slightly
1.0.0,True,nakshatra-synthetic-v1,2026-09-30T19:06:57.082928,MOIL-UKW-03-BH-011,97.18,116.42,quartzite,Sausar Group / Mansar Formation,fresh
1.0.0,True,nakshatra-synthetic-v1,2026-09-30T19:06:57.082935,MOIL-UKW-03-BH-011,116.42,141.67,calc-granulite,Sausar Group / Mansar Formation,slightly
1.0.0,True,nakshatra-synthetic-v1,2026-09-30T19:06:57.082942,MOIL-UKW-03-BH-011,141.67,149.12,calc-granulite,Sausar Group / Mansar Formation,fresh
1.0.0,True,nakshatra-synthetic-v1,2026-09-30T19:06:57.082949,MOIL-UKW-03-BH-011,149.12,175.77,manganese ore,Sausar Group / Mansar Formation,moderately
1.0.0,True,nakshatra-synthetic-v1,2026-09-30T19:06:57.082957,MOIL-UKW-03-BH-011,175.77,182.95,calc-granulite,Sausar Group / Mansar Formation,slightly
1.0.0,True,nakshatra-synthetic-v1,2026-09-30T19:06:57.082964,MOIL-UKW-03-BH-011,182.95,193.3,manganese ore,Sausar Group / Mansar Formation,slightly
1.0.0,True,nakshatra-synthetic-v1,2026-09-30T19:06:57.082971,MOIL-UKW-03-BH-012,0.0,34.98,calc-granulite,Sausar Group / Mansar Formation,slightly
1.0.0,True,nakshatra-synthetic-v1,2026-09-30T19:06:57.082978,MOIL-UKW-03-BH-012,34.98,50.83,manganese ore,Sausar Group / Mansar Formation,slightly
1.0.0,True,nakshatra-synthetic-v1,2026-09-30T19:06:57.082985,MOIL-UKW-03-BH-012,50.83,63.96,mica-schist,Sausar Group / Mansar Formation,moderately
1.0.0,True,nakshatra-synthetic-v1,2026-09-30T19:06:57.082992,MOIL-UKW-03-BH-012,63.96,78.34,mica-schist,Sausar Group / Mansar Formation,slightly
1.0.0,True,nakshatra-synthetic-v1,2026-09-30T19:06:57.082999,MOIL-UKW-03-BH-012,78.34,90.11,quartzite,Sausar Group / Mansar Formation,slightly
1.0.0,True,nakshatra-synthetic-v1,2026-09-30T19:06:57.083006,MOIL-UKW-03-BH-012,90.11,96.11,phyllite,Sausar Group / Mansar Formation,slightly
1.0.0,True,nakshatra-synthetic-v1,2026-09-30T19:06:57.083014,MOIL-UKW-03-BH-012,96.11,111.34,gondite,Sausar Group / Mansar Formation,slightly
1.0.0,True,nakshatra-synthetic-v1,2026-09-30T19:06:57.083021,MOIL-UKW-03-BH-012,111.34,115.94,phyllite,Sausar Group / Mansar Formation,fresh
1.0.0,True,nakshatra-synthetic-v1,2026-09-30T19:06:57.083028,MOIL-UKW-03-BH-012,115.94,133.77,gondite,Sausar Group / Mansar Formation,slightly
1.0.0,True,nakshatra-synthetic-v1,2026-09-30T19:06:57.083035,MOIL-UKW-03-BH-012,133.77,142.45,manganese ore,Sausar Group / Mansar Formation,slightly
1.0.0,True,nakshatra-synthetic-v1,2026-09-30T19:06:57.083045,MOIL-UKW-03-BH-012,142.45,157.3,calc-granulite,Sausar Group / Mansar Formation,fresh
1.0.0,True,nakshatra-synthetic-v1,2026-09-30T19:06:57.083054,MOIL-TIR-04-BH-001,0.0,34.9,gondite,Sausar Group / Mansar Formation,fresh
1.0.0,True,nakshatra-synthetic-v1,2026-09-30T19:06:57.083062,MOIL-TIR-04-BH-001,34.9,41.88,phyllite,Sausar Group / Mansar Formation,slightly
1.0.0,True,nakshatra-synthetic-v1,2026-09-30T19:06:57.083069,MOIL-TIR-04-BH-001,41.88,84.05,mica-schist,Sausar Group / Mansar Formation,moderately
1.0.0,True,nakshatra-synthetic-v1,2026-09-30T19:06:57.083076,MOIL-TIR-04-BH-001,84.05,84.4,mica-schist,Sausar Group / Mansar Formation,fresh
1.0.0,True,nakshatra-synthetic-v1,2026-09-30T19:06:57.083084,MOIL-TIR-04-BH-002,0.0,15.79,manganese ore,Sausar Group / Mansar Formation,fresh
1.0.0,True,nakshatra-synthetic-v1,2026-09-30T19:06:57.083091,MOIL-TIR-04-BH-002,15.79,29.7,phyllite,Sausar Group / Mansar Formation,fresh
1.0.0,True,nakshatra-synthetic-v1,2026-09-30T19:06:57.083098,MOIL-TIR-04-BH-002,29.7,33.2,calc-granulite,Sausar Group / Mansar Formation,fresh
1.0.0,True,nakshatra-synthetic-v1,2026-09-30T19:06:57.083105,MOIL-TIR-04-BH-002,33.2,37.92,mica-schist,Sausar Group / Mansar Formation,moderately
1.0.0,True,nakshatra-synthetic-v1,2026-09-30T19:06:57.083112,MOIL-TIR-04-BH-002,37.92,68.2,gondite,Sausar Group / Mansar Formation,fresh
1.0.0,True,nakshatra-synthetic-v1,2026-09-30T19:06:57.083119,MOIL-TIR-04-BH-002,68.2,82.48,quartzite,Sausar Group / Mansar Formation,slightly
1.0.0,True,nakshatra-synthetic-v1,2026-09-30T19:06:57.083126,MOIL-TIR-04-BH-002,82.48,101.79,phyllite,Sausar Group / Mansar Formation,slightly
1.0.0,True,nakshatra-synthetic-v1,2026-09-30T19:06:57.083135,MOIL-TIR-04-BH-002,101.79,110.96,quartzite,Sausar Group / Mansar Formation,fresh
1.0.0,True,nakshatra-synthetic-v1,2026-09-30T19:06:57.083143,MOIL-TIR-04-BH-002,110.96,121.95,calc-granulite,Sausar Group / Mansar Formation,fresh
1.0.0,True,nakshatra-synthetic-v1,2026-09-30T19:06:57.083151,MOIL-TIR-04-BH-002,121.95,145.41,phyllite,Sausar Group / Mansar Formation,fresh
1.0.0,True,nakshatra-synthetic-v1,2026-09-30T19:06:57.083158,MOIL-TIR-04-BH-002,145.41,155.88,gondite,Sausar Group / Mansar Formation,slightly
1.0.0,True,nakshatra-synthetic-v1,2026-09-30T19:06:57.083165,MOIL-TIR-04-BH-002,155.88,163.4,gondite,Sausar Group / Mansar Formation,slightly
1.0.0,True,nakshatra-synthetic-v1,2026-09-30T19:06:57.083173,MOIL-TIR-04-BH-002,163.4,173.26,phyllite,Sausar Group / Mansar Formation,moderately
1.0.0,True,nakshatra-synthetic-v1,2026-09-30T19:06:57.083180,MOIL-TIR-04-BH-002,173.26,191.17,quartzite,Sausar Group / Mansar Formation,highly
1.0.0,True,nakshatra-synthetic-v1,2026-09-30T19:06:57.083187,MOIL-TIR-04-BH-002,191.17,203.1,manganese ore,Sausar Group / Mansar Formation,moderately
1.0.0,True,nakshatra-synthetic-v1,2026-09-30T19:06:57.083194,MOIL-TIR-04-BH-003,0.0,36.81,phyllite,Sausar Group / Mansar Formation,fresh
1.0.0,True,nakshatra-synthetic-v1,2026-09-30T19:06:57.083202,MOIL-TIR-04-BH-003,36.81,61.49,phyllite,Sausar Group / Mansar Formation,slightly
1.0.0,True,nakshatra-synthetic-v1,2026-09-30T19:06:57.083209,MOIL-TIR-04-BH-003,61.49,72.3,gondite,Sausar Group / Mansar Formation,fresh
1.0.0,True,nakshatra-synthetic-v1,2026-09-30T19:06:57.083216,MOIL-TIR-04-BH-003,72.3,91.45,quartzite,Sausar Group / Mansar Formation,slightly
1.0.0,True,nakshatra-synthetic-v1,2026-09-30T19:06:57.083223,MOIL-TIR-04-BH-003,91.45,105.14,mica-schist,Sausar Group / Mansar Formation,highly
1.0.0,True,nakshatra-synthetic-v1,2026-09-30T19:06:57.083232,MOIL-TIR-04-BH-003,105.14,114.63,phyllite,Sausar Group / Mansar Formation,moderately
1.0.0,True,nakshatra-synthetic-v1,2026-09-30T19:06:57.083239,MOIL-TIR-04-BH-003,114.63,139.59,mica-schist,Sausar Group / Mansar Formation,highly
1.0.0,True,nakshatra-synthetic-v1,2026-09-30T19:06:57.083246,MOIL-TIR-04-BH-003,139.59,154.67,mica-schist,Sausar Group / Mansar Formation,fresh
1.0.0,True,nakshatra-synthetic-v1,2026-09-30T19:06:57.083254,MOIL-TIR-04-BH-003,154.67,177.6,manganese ore,Sausar Group / Mansar Formation,slightly
1.0.0,True,nakshatra-synthetic-v1,2026-09-30T19:06:57.083261,MOIL-TIR-04-BH-003,177.6,190.13,calc-granulite,Sausar Group / Mansar Formation,highly
1.0.0,True,nakshatra-synthetic-v1,2026-09-30T19:06:57.083268,MOIL-TIR-04-BH-003,190.13,198.77,gondite,Sausar Group / Mansar Formation,slightly
1.0.0,True,nakshatra-synthetic-v1,2026-09-30T19:06:57.083276,MOIL-TIR-04-BH-003,198.77,206.32,quartzite,Sausar Group / Mansar Formation,fresh
1.0.0,True,nakshatra-synthetic-v1,2026-09-30T19:06:57.083283,MOIL-TIR-04-BH-003,206.32,211.5,mica-schist,Sausar Group / Mansar Formation,slightly
1.0.0,True,nakshatra-synthetic-v1,2026-09-30T19:06:57.083291,MOIL-TIR-04-BH-003,211.5,240.07,manganese ore,Sausar Group / Mansar Formation,fresh
1.0.0,True,nakshatra-synthetic-v1,2026-09-30T19:06:57.083298,MOIL-TIR-04-BH-003,240.07,241.0,manganese ore,Sausar Group / Mansar Formation,slightly
1.0.0,True,nakshatra-synthetic-v1,2026-09-30T19:06:57.083305,MOIL-TIR-04-BH-004,0.0,5.36,phyllite,Sausar Group / Mansar Formation,fresh
1.0.0,True,nakshatra-synthetic-v1,2026-09-30T19:06:57.083312,MOIL-TIR-04-BH-004,5.36,19.32,calc-granulite,Sausar Group / Mansar Formation,slightly
1.0.0,True,nakshatra-synthetic-v1,2026-09-30T19:06:57.083319,MOIL-TIR-04-BH-004,19.32,45.3,quartzite,Sausar Group / Mansar Formation,moderately
1.0.0,True,nakshatra-synthetic-v1,2026-09-30T19:06:57.083326,MOIL-TIR-04-BH-004,45.3,66.92,mica-schist,Sausar Group / Mansar Formation,moderately
1.0.0,True,nakshatra-synthetic-v1,2026-09-30T19:06:57.083334,MOIL-TIR-04-BH-004,66.92,83.8,mica-schist,Sausar Group / Mansar Formation,fresh
1.0.0,True,nakshatra-synthetic-v1,2026-09-30T19:06:57.083341,MOIL-TIR-04-BH-004,83.8,105.94,quartzite,Sausar Group / Mansar Formation,moderately
1.0.0,True,nakshatra-synthetic-v1,2026-09-30T19:06:57.083348,MOIL-TIR-04-BH-004,105.94,115.85,quartzite,Sausar Group / Mansar Formation,fresh
1.0.0,True,nakshatra-synthetic-v1,2026-09-30T19:06:57.083355,MOIL-TIR-04-BH-004,115.85,116.8,quartzite,Sausar Group / Mansar Formation,fresh
1.0.0,True,nakshatra-synthetic-v1,2026-09-30T19:06:57.083362,MOIL-TIR-04-BH-005,0.0,8.3,mica-schist,Sausar Group / Mansar Formation,moderately
1.0.0,True,nakshatra-synthetic-v1,2026-09-30T19:06:57.083369,MOIL-TIR-04-BH-005,8.3,29.48,manganese ore,Sausar Group / Mansar Formation,highly
1.0.0,True,nakshatra-synthetic-v1,2026-09-30T19:06:57.083376,MOIL-TIR-04-BH-005,29.48,34.22,mica-schist,Sausar Group / Mansar Formation,fresh
1.0.0,True,nakshatra-synthetic-v1,2026-09-30T19:06:57.083383,MOIL-TIR-04-BH-005,34.22,41.85,mica-schist,Sausar Group / Mansar Formation,highly
1.0.0,True,nakshatra-synthetic-v1,2026-09-30T19:06:57.083390,MOIL-TIR-04-BH-005,41.85,85.1,gondite,Sausar Group / Mansar Formation,slightly
1.0.0,True,nakshatra-synthetic-v1,2026-09-30T19:06:57.083397,MOIL-TIR-04-BH-005,85.1,87.28,mica-schist,Sausar Group / Mansar Formation,fresh
1.0.0,True,nakshatra-synthetic-v1,2026-09-30T19:06:57.083405,MOIL-TIR-04-BH-005,87.28,122.58,quartzite,Sausar Group / Mansar Formation,fresh
1.0.0,True,nakshatra-synthetic-v1,2026-09-30T19:06:57.083412,MOIL-TIR-04-BH-005,122.58,131.3,calc-granulite,Sausar Group / Mansar Formation,slightly
1.0.0,True,nakshatra-synthetic-v1,2026-09-30T19:06:57.083419,MOIL-TIR-04-BH-006,0.0,23.0,calc-granulite,Sausar Group / Mansar Formation,slightly
1.0.0,True,nakshatra-synthetic-v1,2026-09-30T19:06:57.083426,MOIL-TIR-04-BH-006,23.0,33.4,gondite,Sausar Group / Mansar Formation,slightly
1.0.0,True,nakshatra-synthetic-v1,2026-09-30T19:06:57.083433,MOIL-TIR-04-BH-006,33.4,45.83,calc-granulite,Sausar Group / Mansar Formation,fresh
1.0.0,True,nakshatra-synthetic-v1,2026-09-30T19:06:57.083440,MOIL-TIR-04-BH-006,45.83,51.5,gondite,Sausar Group / Mansar Formation,fresh
1.0.0,True,nakshatra-synthetic-v1,2026-09-30T19:06:57.083447,MOIL-TIR-04-BH-006,51.5,60.34,mica-schist,Sausar Group / Mansar Formation,moderately
1.0.0,True,nakshatra-synthetic-v1,2026-09-30T19:06:57.083454,MOIL-TIR-04-BH-006,60.34,90.61,mica-schist,Sausar Group / Mansar Formation,fresh
1.0.0,True,nakshatra-synthetic-v1,2026-09-30T19:06:57.083461,MOIL-TIR-04-BH-006,90.61,111.7,calc-granulite,Sausar Group / Mansar Formation,fresh
1.0.0,True,nakshatra-synthetic-v1,2026-09-30T19:06:57.083468,MOIL-TIR-04-BH-006,111.7,138.17,calc-granulite,Sausar Group / Mansar Formation,fresh
1.0.0,True,nakshatra-synthetic-v1,2026-09-30T19:06:57.083475,MOIL-TIR-04-BH-006,138.17,143.23,manganese ore,Sausar Group / Mansar Formation,fresh
1.0.0,True,nakshatra-synthetic-v1,2026-09-30T19:06:57.083483,MOIL-TIR-04-BH-006,143.23,159.16,phyllite,Sausar Group / Mansar Formation,fresh
1.0.0,True,nakshatra-synthetic-v1,2026-09-30T19:06:57.083490,MOIL-TIR-04-BH-006,159.16,167.45,gondite,Sausar Group / Mansar Formation,moderately
1.0.0,True,nakshatra-synthetic-v1,2026-09-30T19:06:57.083499,MOIL-TIR-04-BH-006,167.45,193.1,gondite,Sausar Group / Mansar Formation,fresh
1.0.0,True,nakshatra-synthetic-v1,2026-09-30T19:06:57.083506,MOIL-TIR-04-BH-007,0.0,13.28,manganese ore,Sausar Group / Mansar Formation,highly
1.0.0,True,nakshatra-synthetic-v1,2026-09-30T19:06:57.083513,MOIL-TIR-04-BH-007,13.28,33.57,phyllite,Sausar Group / Mansar Formation,fresh
1.0.0,True,nakshatra-synthetic-v1,2026-09-30T19:06:57.083520,MOIL-TIR-04-BH-007,33.57,62.7,mica-schist,Sausar Group / Mansar Formation,moderately
1.0.0,True,nakshatra-synthetic-v1,2026-09-30T19:06:57.083527,MOIL-TIR-04-BH-007,62.7,70.94,phyllite,Sausar Group / Mansar Formation,fresh
1.0.0,True,nakshatra-synthetic-v1,2026-09-30T19:06:57.083534,MOIL-TIR-04-BH-007,70.94,87.66,manganese ore,Sausar Group / Mansar Formation,fresh
1.0.0,True,nakshatra-synthetic-v1,2026-09-30T19:06:57.083541,MOIL-TIR-04-BH-007,87.66,111.68,mica-schist,Sausar Group / Mansar Formation,fresh
1.0.0,True,nakshatra-synthetic-v1,2026-09-30T19:06:57.083548,MOIL-TIR-04-BH-007,111.68,125.93,manganese ore,Sausar Group / Mansar Formation,slightly
1.0.0,True,nakshatra-synthetic-v1,2026-09-30T19:06:57.083555,MOIL-TIR-04-BH-007,125.93,132.68,quartzite,Sausar Group / Mansar Formation,slightly
1.0.0,True,nakshatra-synthetic-v1,2026-09-30T19:06:57.083563,MOIL-TIR-04-BH-007,132.68,138.04,mica-schist,Sausar Group / Mansar Formation,moderately
1.0.0,True,nakshatra-synthetic-v1,2026-09-30T19:06:57.083570,MOIL-TIR-04-BH-007,138.04,164.0,phyllite,Sausar Group / Mansar Formation,fresh
1.0.0,True,nakshatra-synthetic-v1,2026-09-30T19:06:57.083577,MOIL-TIR-04-BH-007,164.0,174.05,gondite,Sausar Group / Mansar Formation,moderately
1.0.0,True,nakshatra-synthetic-v1,2026-09-30T19:06:57.083585,MOIL-TIR-04-BH-007,174.05,195.25,quartzite,Sausar Group / Mansar Formation,fresh
1.0.0,True,nakshatra-synthetic-v1,2026-09-30T19:06:57.083592,MOIL-TIR-04-BH-007,195.25,202.02,calc-granulite,Sausar Group / Mansar Formation,slightly
1.0.0,True,nakshatra-synthetic-v1,2026-09-30T19:06:57.083600,MOIL-TIR-04-BH-007,202.02,203.1,mica-schist,Sausar Group / Mansar Formation,highly
1.0.0,True,nakshatra-synthetic-v1,2026-09-30T19:06:57.083607,MOIL-TIR-04-BH-008,0.0,5.53,mica-schist,Sausar Group / Mansar Formation,slightly
1.0.0,True,nakshatra-synthetic-v1,2026-09-30T19:06:57.083614,MOIL-TIR-04-BH-008,5.53,8.38,mica-schist,Sausar Group / Mansar Formation,fresh
1.0.0,True,nakshatra-synthetic-v1,2026-09-30T19:06:57.083621,MOIL-TIR-04-BH-008,8.38,22.85,mica-schist,Sausar Group / Mansar Formation,moderately
1.0.0,True,nakshatra-synthetic-v1,2026-09-30T19:06:57.083628,MOIL-TIR-04-BH-008,22.85,26.47,manganese ore,Sausar Group / Mansar Formation,slightly
1.0.0,True,nakshatra-synthetic-v1,2026-09-30T19:06:57.083635,MOIL-TIR-04-BH-008,26.47,32.24,quartzite,Sausar Group / Mansar Formation,fresh
1.0.0,True,nakshatra-synthetic-v1,2026-09-30T19:06:57.083642,MOIL-TIR-04-BH-008,32.24,42.5,manganese ore,Sausar Group / Mansar Formation,slightly
1.0.0,True,nakshatra-synthetic-v1,2026-09-30T19:06:57.083649,MOIL-TIR-04-BH-008,42.5,72.03,quartzite,Sausar Group / Mansar Formation,fresh
1.0.0,True,nakshatra-synthetic-v1,2026-09-30T19:06:57.083656,MOIL-TIR-04-BH-008,72.03,91.18,gondite,Sausar Group / Mansar Formation,fresh
1.0.0,True,nakshatra-synthetic-v1,2026-09-30T19:06:57.083663,MOIL-TIR-04-BH-008,91.18,103.85,calc-granulite,Sausar Group / Mansar Formation,slightly
1.0.0,True,nakshatra-synthetic-v1,2026-09-30T19:06:57.083670,MOIL-TIR-04-BH-008,103.85,125.29,calc-granulite,Sausar Group / Mansar Formation,slightly
1.0.0,True,nakshatra-synthetic-v1,2026-09-30T19:06:57.083677,MOIL-TIR-04-BH-008,125.29,133.07,quartzite,Sausar Group / Mansar Formation,slightly
1.0.0,True,nakshatra-synthetic-v1,2026-09-30T19:06:57.083684,MOIL-TIR-04-BH-008,133.07,145.2,mica-schist,Sausar Group / Mansar Formation,fresh
1.0.0,True,nakshatra-synthetic-v1,2026-09-30T19:06:57.083691,MOIL-TIR-04-BH-008,145.2,169.64,quartzite,Sausar Group / Mansar Formation,slightly
1.0.0,True,nakshatra-synthetic-v1,2026-09-30T19:06:57.083698,MOIL-TIR-04-BH-008,169.64,185.8,phyllite,Sausar Group / Mansar Formation,moderately
1.0.0,True,nakshatra-synthetic-v1,2026-09-30T19:06:57.083705,MOIL-TIR-04-BH-008,185.8,200.38,manganese ore,Sausar Group / Mansar Formation,slightly
1.0.0,True,nakshatra-synthetic-v1,2026-09-30T19:06:57.083712,MOIL-TIR-04-BH-008,200.38,207.92,calc-granulite,Sausar Group / Mansar Formation,moderately
1.0.0,True,nakshatra-synthetic-v1,2026-09-30T19:06:57.083721,MOIL-TIR-04-BH-008,207.92,223.61,calc-granulite,Sausar Group / Mansar Formation,highly
1.0.0,True,nakshatra-synthetic-v1,2026-09-30T19:06:57.083730,MOIL-TIR-04-BH-008,223.61,254.46,quartzite,Sausar Group / Mansar Formation,moderately
1.0.0,True,nakshatra-synthetic-v1,2026-09-30T19:06:57.083737,MOIL-TIR-04-BH-008,254.46,293.7,quartzite,Sausar Group / Mansar Formation,slightly
1.0.0,True,nakshatra-synthetic-v1,2026-09-30T19:06:57.083744,MOIL-TIR-04-BH-008,293.7,309.6,calc-granulite,Sausar Group / Mansar Formation,fresh
1.0.0,True,nakshatra-synthetic-v1,2026-09-30T19:06:57.083752,MOIL-TIR-04-BH-009,0.0,8.53,manganese ore,Sausar Group / Mansar Formation,slightly
1.0.0,True,nakshatra-synthetic-v1,2026-09-30T19:06:57.083760,MOIL-TIR-04-BH-009,8.53,18.01,calc-granulite,Sausar Group / Mansar Formation,fresh
1.0.0,True,nakshatra-synthetic-v1,2026-09-30T19:06:57.083767,MOIL-TIR-04-BH-009,18.01,45.7,gondite,Sausar Group / Mansar Formation,moderately
1.0.0,True,nakshatra-synthetic-v1,2026-09-30T19:06:57.083774,MOIL-TIR-04-BH-009,45.7,55.2,calc-granulite,Sausar Group / Mansar Formation,fresh
1.0.0,True,nakshatra-synthetic-v1,2026-09-30T19:06:57.083781,MOIL-TIR-04-BH-009,55.2,66.29,mica-schist,Sausar Group / Mansar Formation,fresh
1.0.0,True,nakshatra-synthetic-v1,2026-09-30T19:06:57.083788,MOIL-TIR-04-BH-009,66.29,82.88,mica-schist,Sausar Group / Mansar Formation,moderately
1.0.0,True,nakshatra-synthetic-v1,2026-09-30T19:06:57.083795,MOIL-TIR-04-BH-009,82.88,98.85,manganese ore,Sausar Group / Mansar Formation,slightly
1.0.0,True,nakshatra-synthetic-v1,2026-09-30T19:06:57.083802,MOIL-TIR-04-BH-009,98.85,111.4,manganese ore,Sausar Group / Mansar Formation,fresh
1.0.0,True,nakshatra-synthetic-v1,2026-09-30T19:06:57.083809,MOIL-TIR-04-BH-009,111.4,157.76,gondite,Sausar Group / Mansar Formation,slightly
1.0.0,True,nakshatra-synthetic-v1,2026-09-30T19:06:57.083817,MOIL-TIR-04-BH-009,157.76,176.02,mica-schist,Sausar Group / Mansar Formation,fresh
1.0.0,True,nakshatra-synthetic-v1,2026-09-30T19:06:57.083824,MOIL-TIR-04-BH-009,176.02,230.4,mica-schist,Sausar Group / Mansar Formation,slightly
1.0.0,True,nakshatra-synthetic-v1,2026-09-30T19:06:57.083831,MOIL-TIR-04-BH-010,0.0,8.76,manganese ore,Sausar Group / Mansar Formation,fresh
1.0.0,True,nakshatra-synthetic-v1,2026-09-30T19:06:57.083838,MOIL-TIR-04-BH-010,8.76,22.34,mica-schist,Sausar Group / Mansar Formation,slightly
1.0.0,True,nakshatra-synthetic-v1,2026-09-30T19:06:57.083845,MOIL-TIR-04-BH-010,22.34,30.65,calc-granulite,Sausar Group / Mansar Formation,moderately
1.0.0,True,nakshatra-synthetic-v1,2026-09-30T19:06:57.083852,MOIL-TIR-04-BH-010,30.65,53.0,gondite,Sausar Group / Mansar Formation,slightly
1.0.0,True,nakshatra-synthetic-v1,2026-09-30T19:06:57.083859,MOIL-TIR-04-BH-010,53.0,66.61,calc-granulite,Sausar Group / Mansar Formation,slightly
1.0.0,True,nakshatra-synthetic-v1,2026-09-30T19:06:57.083867,MOIL-TIR-04-BH-010,66.61,101.18,manganese ore,Sausar Group / Mansar Formation,highly
1.0.0,True,nakshatra-synthetic-v1,2026-09-30T19:06:57.083874,MOIL-TIR-04-BH-010,101.18,121.63,calc-granulite,Sausar Group / Mansar Formation,fresh
1.0.0,True,nakshatra-synthetic-v1,2026-09-30T19:06:57.083881,MOIL-TIR-04-BH-010,121.63,138.5,gondite,Sausar Group / Mansar Formation,fresh
1.0.0,True,nakshatra-synthetic-v1,2026-09-30T19:06:57.083888,MOIL-TIR-04-BH-010,138.5,143.61,gondite,Sausar Group / Mansar Formation,fresh
1.0.0,True,nakshatra-synthetic-v1,2026-09-30T19:06:57.083895,MOIL-TIR-04-BH-010,143.61,151.2,gondite,Sausar Group / Mansar Formation,slightly
1.0.0,True,nakshatra-synthetic-v1,2026-09-30T19:06:57.083903,MOIL-TIR-04-BH-011,0.0,9.73,manganese ore,Sausar Group / Mansar Formation,slightly
1.0.0,True,nakshatra-synthetic-v1,2026-09-30T19:06:57.083910,MOIL-TIR-04-BH-011,9.73,25.71,mica-schist,Sausar Group / Mansar Formation,completely
1.0.0,True,nakshatra-synthetic-v1,2026-09-30T19:06:57.083917,MOIL-TIR-04-BH-011,25.71,37.15,manganese ore,Sausar Group / Mansar Formation,slightly
1.0.0,True,nakshatra-synthetic-v1,2026-09-30T19:06:57.083925,MOIL-TIR-04-BH-011,37.15,43.15,phyllite,Sausar Group / Mansar Formation,slightly
1.0.0,True,nakshatra-synthetic-v1,2026-09-30T19:06:57.083932,MOIL-TIR-04-BH-011,43.15,56.37,calc-granulite,Sausar Group / Mansar Formation,slightly
1.0.0,True,nakshatra-synthetic-v1,2026-09-30T19:06:57.083939,MOIL-TIR-04-BH-011,56.37,87.27,mica-schist,Sausar Group / Mansar Formation,moderately
1.0.0,True,nakshatra-synthetic-v1,2026-09-30T19:06:57.083947,MOIL-TIR-04-BH-011,87.27,98.18,phyllite,Sausar Group / Mansar Formation,slightly
1.0.0,True,nakshatra-synthetic-v1,2026-09-30T19:06:57.083954,MOIL-TIR-04-BH-011,98.18,113.8,calc-granulite,Sausar Group / Mansar Formation,moderately
1.0.0,True,nakshatra-synthetic-v1,2026-09-30T19:06:57.083961,MOIL-TIR-04-BH-012,0.0,4.06,gondite,Sausar Group / Mansar Formation,fresh
1.0.0,True,nakshatra-synthetic-v1,2026-09-30T19:06:57.083968,MOIL-TIR-04-BH-012,4.06,7.52,manganese ore,Sausar Group / Mansar Formation,slightly
1.0.0,True,nakshatra-synthetic-v1,2026-09-30T19:06:57.083975,MOIL-TIR-04-BH-012,7.52,27.67,gondite,Sausar Group / Mansar Formation,fresh
1.0.0,True,nakshatra-synthetic-v1,2026-09-30T19:06:57.083982,MOIL-TIR-04-BH-012,27.67,32.13,calc-granulite,Sausar Group / Mansar Formation,fresh
1.0.0,True,nakshatra-synthetic-v1,2026-09-30T19:06:57.083989,MOIL-TIR-04-BH-012,32.13,39.25,calc-granulite,Sausar Group / Mansar Formation,fresh
1.0.0,True,nakshatra-synthetic-v1,2026-09-30T19:06:57.083996,MOIL-TIR-04-BH-012,39.25,59.49,quartzite,Sausar Group / Mansar Formation,fresh
1.0.0,True,nakshatra-synthetic-v1,2026-09-30T19:06:57.084003,MOIL-TIR-04-BH-012,59.49,75.03,calc-granulite,Sausar Group / Mansar Formation,fresh
1.0.0,True,nakshatra-synthetic-v1,2026-09-30T19:06:57.084010,MOIL-TIR-04-BH-012,75.03,96.73,phyllite,Sausar Group / Mansar Formation,slightly
1.0.0,True,nakshatra-synthetic-v1,2026-09-30T19:06:57.084017,MOIL-TIR-04-BH-012,96.73,109.91,manganese ore,Sausar Group / Mansar Formation,slightly
1.0.0,True,nakshatra-synthetic-v1,2026-09-30T19:06:57.084024,MOIL-TIR-04-BH-012,109.91,130.11,mica-schist,Sausar Group / Mansar Formation,completely
1.0.0,True,nakshatra-synthetic-v1,2026-09-30T19:06:57.084031,MOIL-TIR-04-BH-012,130.11,147.93,phyllite,Sausar Group / Mansar Formation,slightly
1.0.0,True,nakshatra-synthetic-v1,2026-09-30T19:06:57.084039,MOIL-TIR-04-BH-012,147.93,184.58,quartzite,Sausar Group / Mansar Formation,fresh
1.0.0,True,nakshatra-synthetic-v1,2026-09-30T19:06:57.084046,MOIL-TIR-04-BH-012,184.58,200.73,phyllite,Sausar Group / Mansar Formation,highly
1.0.0,True,nakshatra-synthetic-v1,2026-09-30T19:06:57.084053,MOIL-TIR-04-BH-012,200.73,207.0,mica-schist,Sausar Group / Mansar Formation,fresh
1.0.0,True,nakshatra-synthetic-v1,2026-09-30T19:06:57.084060,MOIL-DON-05-BH-001,0.0,26.93,quartzite,Sausar Group / Mansar Formation,fresh
1.0.0,True,nakshatra-synthetic-v1,2026-09-30T19:06:57.084067,MOIL-DON-05-BH-001,26.93,52.43,gondite,Sausar Group / Mansar Formation,fresh
1.0.0,True,nakshatra-synthetic-v1,2026-09-30T19:06:57.084074,MOIL-DON-05-BH-001,52.43,57.31,quartzite,Sausar Group / Mansar Formation,fresh
1.0.0,True,nakshatra-synthetic-v1,2026-09-30T19:06:57.084082,MOIL-DON-05-BH-001,57.31,85.85,calc-granulite,Sausar Group / Mansar Formation,slightly
1.0.0,True,nakshatra-synthetic-v1,2026-09-30T19:06:57.084089,MOIL-DON-05-BH-001,85.85,105.62,phyllite,Sausar Group / Mansar Formation,moderately
1.0.0,True,nakshatra-synthetic-v1,2026-09-30T19:06:57.084096,MOIL-DON-05-BH-001,105.62,133.02,manganese ore,Sausar Group / Mansar Formation,slightly
1.0.0,True,nakshatra-synthetic-v1,2026-09-30T19:06:57.084103,MOIL-DON-05-BH-001,133.02,134.9,gondite,Sausar Group / Mansar Formation,fresh
1.0.0,True,nakshatra-synthetic-v1,2026-09-30T19:06:57.084110,MOIL-DON-05-BH-002,0.0,10.87,quartzite,Sausar Group / Mansar Formation,moderately
1.0.0,True,nakshatra-synthetic-v1,2026-09-30T19:06:57.084117,MOIL-DON-05-BH-002,10.87,25.0,quartzite,Sausar Group / Mansar Formation,slightly
1.0.0,True,nakshatra-synthetic-v1,2026-09-30T19:06:57.084124,MOIL-DON-05-BH-002,25.0,42.42,calc-granulite,Sausar Group / Mansar Formation,fresh
1.0.0,True,nakshatra-synthetic-v1,2026-09-30T19:06:57.084132,MOIL-DON-05-BH-002,42.42,56.31,calc-granulite,Sausar Group / Mansar Formation,slightly
1.0.0,True,nakshatra-synthetic-v1,2026-09-30T19:06:57.084139,MOIL-DON-05-BH-002,56.31,82.71,calc-granulite,Sausar Group / Mansar Formation,fresh
1.0.0,True,nakshatra-synthetic-v1,2026-09-30T19:06:57.084147,MOIL-DON-05-BH-002,82.71,103.14,gondite,Sausar Group / Mansar Formation,moderately
1.0.0,True,nakshatra-synthetic-v1,2026-09-30T19:06:57.084156,MOIL-DON-05-BH-002,103.14,114.1,quartzite,Sausar Group / Mansar Formation,slightly
1.0.0,True,nakshatra-synthetic-v1,2026-09-30T19:06:57.084163,MOIL-DON-05-BH-003,0.0,32.59,mica-schist,Sausar Group / Mansar Formation,fresh
1.0.0,True,nakshatra-synthetic-v1,2026-09-30T19:06:57.084172,MOIL-DON-05-BH-003,32.59,47.08,quartzite,Sausar Group / Mansar Formation,slightly
1.0.0,True,nakshatra-synthetic-v1,2026-09-30T19:06:57.084179,MOIL-DON-05-BH-003,47.08,47.6,calc-granulite,Sausar Group / Mansar Formation,fresh
1.0.0,True,nakshatra-synthetic-v1,2026-09-30T19:06:57.084186,MOIL-DON-05-BH-004,0.0,19.12,mica-schist,Sausar Group / Mansar Formation,fresh
1.0.0,True,nakshatra-synthetic-v1,2026-09-30T19:06:57.084193,MOIL-DON-05-BH-004,19.12,31.03,gondite,Sausar Group / Mansar Formation,slightly
1.0.0,True,nakshatra-synthetic-v1,2026-09-30T19:06:57.084200,MOIL-DON-05-BH-004,31.03,47.41,calc-granulite,Sausar Group / Mansar Formation,moderately
1.0.0,True,nakshatra-synthetic-v1,2026-09-30T19:06:57.084207,MOIL-DON-05-BH-004,47.41,69.13,phyllite,Sausar Group / Mansar Formation,fresh
