contract_version,is_synthetic,source,ingested_at,mine_code,grade,period_start,period_end,target_tonnes,plan_version
1.0.0,True,nakshatra-synthetic-v1,2026-10-07T20:37:11.249651,MOIL-BAL-01,ferro_manganese,2023-10-01,2023-10-31,8197.51,v1
1.0.0,True,nakshatra-synthetic-v1,2026-10-07T20:37:11.249656,MOIL-BAL-01,silico_manganese,2023-10-01,2023-10-31,12296.27,v1
1.0.0,True,nakshatra-synthetic-v1,2026-10-07T20:37:11.249659,MOIL-BAL-01,blast_furnace,2023-10-01,2023-10-31,5465.01,v1
1.0.0,True,nakshatra-synthetic-v1,2026-10-07T20:37:11.249661,MOIL-BAL-01,dioxide,2023-10-01,2023-10-31,1366.25,v1
1.0.0,True,nakshatra-synthetic-v1,2026-10-07T20:37:11.249668,MOIL-BAL-01,ferro_manganese,2023-11-01,2023-11-30,7837.72,v1
1.0.0,True,nakshatra-synthetic-v1,2026-10-07T20:37:11.249672,MOIL-BAL-01,silico_manganese,2023-11-01,2023-11-30,11756.57,v1
1.0.0,True,nakshatra-synthetic-v1,2026-10-07T20:37:11.249674,MOIL-BAL-01,blast_furnace,2023-11-01,2023-11-30,5225.14,v1
1.0.0,True,nakshatra-synthetic-v1,2026-10-07T20:37:11.249675,MOIL-BAL-01,dioxide,2023-11-01,2023-11-30,1306.29,v1
1.0.0,True,nakshatra-synthetic-v1,2026-10-07T20:37:11.249681,MOIL-BAL-01,ferro_manganese,2023-12-01,2023-12-31,8533.26,v1
1.0.0,True,nakshatra-synthetic-v1,2026-10-07T20:37:11.249683,MOIL-BAL-01,silico_manganese,2023-12-01,2023-12-31,12799.89,v1
1.0.0,True,nakshatra-synthetic-v1,2026-10-07T20:37:11.249684,MOIL-BAL-01,blast_furnace,2023-12-01,2023-12-31,5688.84,v1
1.0.0,True,nakshatra-synthetic-v1,2026-10-07T20:37:11.249686,MOIL-BAL-01,dioxide,2023-12-01,2023-12-31,1422.21,v1
1.0.0,True,nakshatra-synthetic-v1,2026-10-07T20:37:11.249691,MOIL-BAL-01,ferro_manganese,2024-01-01,2024-01-31,8607.44,v1
1.0.0,True,nakshatra-synthetic-v1,2026-10-07T20:37:11.249692,MOIL-BAL-01,silico_manganese,2024-01-01,2024-01-31,12911.16,v1
1.0.0,True,nakshatra-synthetic-v1,2026-10-07T20:37:11.249695,MOIL-BAL-01,blast_furnace,2024-01-01,2024-01-31,5738.29,v1
1.0.0,True,nakshatra-synthetic-v1,2026-10-07T20:37:11.249697,MOIL-BAL-01,dioxide,2024-01-01,2024-01-31,1434.57,v1
1.0.0,True,nakshatra-synthetic-v1,2026-10-07T20:37:11.249702,MOIL-BAL-01,ferro_manganese,2024-02-01,2024-02-29,8003.47,v1
1.0.0,True,nakshatra-synthetic-v1,2026-10-07T20:37:11.249703,MOIL-BAL-01,silico_manganese,2024-02-01,2024-02-29,12005.2,v1
1.0.0,True,nakshatra-synthetic-v1,2026-10-07T20:37:11.249705,MOIL-BAL-01,blast_furnace,2024-02-01,2024-02-29,5335.64,v1
1.0.0,True,nakshatra-synthetic-v1,2026-10-07T20:37:11.249707,MOIL-BAL-01,dioxide,2024-02-01,2024-02-29,1333.91,v1
1.0.0,True,nakshatra-synthetic-v1,2026-10-07T20:37:11.249711,MOIL-BAL-01,ferro_manganese,2024-03-01,2024-03-31,8122.37,v1
1.0.0,True,nakshatra-synthetic-v1,2026-10-07T20:37:11.249713,MOIL-BAL-01,silico_manganese,2024-03-01,2024-03-31,12183.56,v1
1.0.0,True,nakshatra-synthetic-v1,2026-10-07T20:37:11.249714,MOIL-BAL-01,blast_furnace,2024-03-01,2024-03-31,5414.91,v1
1.0.0,True,nakshatra-synthetic-v1,2026-10-07T20:37:11.249716,MOIL-BAL-01,dioxide,2024-03-01,2024-03-31,1353.73,v1
1.0.0,True,nakshatra-synthetic-v1,2026-10-07T20:37:11.249719,MOIL-BAL-01,ferro_manganese,2024-04-01,2024-04-30,7982.67,v1
1.0.0,True,nakshatra-synthetic-v1,2026-10-07T20:37:11.249721,MOIL-BAL-01,silico_manganese,2024-04-01,2024-04-30,11974.01,v1
1.0.0,True,nakshatra-synthetic-v1,2026-10-07T20:37:11.249723,MOIL-BAL-01,blast_furnace,2024-04-01,2024-04-30,5321.78,v1
1.0.0,True,nakshatra-synthetic-v1,2026-10-07T20:37:11.249724,MOIL-BAL-01,dioxide,2024-04-01,2024-04-30,1330.45,v1
1.0.0,True,nakshatra-synthetic-v1,2026-10-07T20:37:11.249728,MOIL-BAL-01,ferro_manganese,2024-05-01,2024-05-31,7735.68,v1
1.0.0,True,nakshatra-synthetic-v1,2026-10-07T20:37:11.249730,MOIL-BAL-01,silico_manganese,2024-05-01,2024-05-31,11603.52,v1
1.0.0,True,nakshatra-synthetic-v1,2026-10-07T20:37:11.249731,MOIL-BAL-01,blast_furnace,2024-05-01,2024-05-31,5157.12,v1
1.0.0,True,nakshatra-synthetic-v1,2026-10-07T20:37:11.249734,MOIL-BAL-01,dioxide,2024-05-01,2024-05-31,1289.28,v1
1.0.0,True,nakshatra-synthetic-v1,2026-10-07T20:37:11.249738,MOIL-BAL-01,ferro_manganese,2024-06-01,2024-06-30,7457.97,v1
1.0.0,True,nakshatra-synthetic-v1,2026-10-07T20:37:11.249740,MOIL-BAL-01,silico_manganese,2024-06-01,2024-06-30,11186.95,v1
1.0.0,True,nakshatra-synthetic-v1,2026-10-07T20:37:11.249742,MOIL-BAL-01,blast_furnace,2024-06-01,2024-06-30,4971.98,v1
1.0.0,True,nakshatra-synthetic-v1,2026-10-07T20:37:11.249743,MOIL-BAL-01,dioxide,2024-06-01,2024-06-30,1242.99,v1
1.0.0,True,nakshatra-synthetic-v1,2026-10-07T20:37:11.249747,MOIL-BAL-01,ferro_manganese,2024-07-01,2024-07-31,7532.69,v1
1.0.0,True,nakshatra-synthetic-v1,2026-10-07T20:37:11.249749,MOIL-BAL-01,silico_manganese,2024-07-01,2024-07-31,11299.04,v1
1.0.0,True,nakshatra-synthetic-v1,2026-10-07T20:37:11.249750,MOIL-BAL-01,blast_furnace,2024-07-01,2024-07-31,5021.8,v1
1.0.0,True,nakshatra-synthetic-v1,2026-10-07T20:37:11.249752,MOIL-BAL-01,dioxide,2024-07-01,2024-07-31,1255.45,v1
1.0.0,True,nakshatra-synthetic-v1,2026-10-07T20:37:11.249756,MOIL-BAL-01,ferro_manganese,2024-08-01,2024-08-31,8029.61,v1
1.0.0,True,nakshatra-synthetic-v1,2026-10-07T20:37:11.249757,MOIL-BAL-01,silico_manganese,2024-08-01,2024-08-31,12044.42,v1
1.0.0,True,nakshatra-synthetic-v1,2026-10-07T20:37:11.249759,MOIL-BAL-01,blast_furnace,2024-08-01,2024-08-31,5353.07,v1
1.0.0,True,nakshatra-synthetic-v1,2026-10-07T20:37:11.249760,MOIL-BAL-01,dioxide,2024-08-01,2024-08-31,1338.27,v1
1.0.0,True,nakshatra-synthetic-v1,2026-10-07T20:37:11.249764,MOIL-BAL-01,ferro_manganese,2024-09-01,2024-09-30,7653.93,v1
1.0.0,True,nakshatra-synthetic-v1,2026-10-07T20:37:11.249767,MOIL-BAL-01,silico_manganese,2024-09-01,2024-09-30,11480.89,v1
1.0.0,True,nakshatra-synthetic-v1,2026-10-07T20:37:11.249769,MOIL-BAL-01,blast_furnace,2024-09-01,2024-09-30,5102.62,v1
1.0.0,True,nakshatra-synthetic-v1,2026-10-07T20:37:11.249771,MOIL-BAL-01,dioxide,2024-09-01,2024-09-30,1275.65,v1
1.0.0,True,nakshatra-synthetic-v1,2026-10-07T20:37:11.249775,MOIL-BAL-01,ferro_manganese,2024-10-01,2024-10-31,8200.15,v1
1.0.0,True,nakshatra-synthetic-v1,2026-10-07T20:37:11.249776,MOIL-BAL-01,silico_manganese,2024-10-01,2024-10-31,12300.23,v1
1.0.0,True,nakshatra-synthetic-v1,2026-10-07T20:37:11.249778,MOIL-BAL-01,blast_furnace,2024-10-01,2024-10-31,5466.77,v1
1.0.0,True,nakshatra-synthetic-v1,2026-10-07T20:37:11.249780,MOIL-BAL-01,dioxide,2024-10-01,2024-10-31,1366.69,v1
1.0.0,True,nakshatra-synthetic-v1,2026-10-07T20:37:11.249783,MOIL-BAL-01,ferro_manganese,2024-11-01,2024-11-30,8185.64,v1
1.0.0,True,nakshatra-synthetic-v1,2026-10-07T20:37:11.249785,MOIL-BAL-01,silico_manganese,2024-11-01,2024-11-30,12278.47,v1
1.0.0,True,nakshatra-synthetic-v1,2026-10-07T20:37:11.249787,MOIL-BAL-01,blast_furnace,2024-11-01,2024-11-30,5457.1,v1
1.0.0,True,nakshatra-synthetic-v1,2026-10-07T20:37:11.249788,MOIL-BAL-01,dioxide,2024-11-01,2024-11-30,1364.27,v1
1.0.0,True,nakshatra-synthetic-v1,2026-10-07T20:37:11.249792,MOIL-BAL-01,ferro_manganese,2024-12-01,2024-12-31,8219.39,v1
1.0.0,True,nakshatra-synthetic-v1,2026-10-07T20:37:11.249794,MOIL-BAL-01,silico_manganese,2024-12-01,2024-12-31,12329.09,v1
1.0.0,True,nakshatra-synthetic-v1,2026-10-07T20:37:11.249796,MOIL-BAL-01,blast_furnace,2024-12-01,2024-12-31,5479.59,v1
1.0.0,True,nakshatra-synthetic-v1,2026-10-07T20:37:11.249797,MOIL-BAL-01,dioxide,2024-12-01,2024-12-31,1369.9,v1
1.0.0,True,nakshatra-synthetic-v1,2026-10-07T20:37:11.249801,MOIL-BAL-01,ferro_manganese,2025-01-01,2025-01-31,8504.7,v1
1.0.0,True,nakshatra-synthetic-v1,2026-10-07T20:37:11.249803,MOIL-BAL-01,silico_manganese,2025-01-01,2025-01-31,12757.04,v1
1.0.0,True,nakshatra-synthetic-v1,2026-10-07T20:37:11.249804,MOIL-BAL-01,blast_furnace,2025-01-01,2025-01-31,5669.8,v1
1.0.0,True,nakshatra-synthetic-v1,2026-10-07T20:37:11.249806,MOIL-BAL-01,dioxide,2025-01-01,2025-01-31,1417.45,v1
1.0.0,True,nakshatra-synthetic-v1,2026-10-07T20:37:11.249810,MOIL-BAL-01,ferro_manganese,2025-02-01,2025-02-28,7739.89,v1
1.0.0,True,nakshatra-synthetic-v1,2026-10-07T20:37:11.249811,MOIL-BAL-01,silico_manganese,2025-02-01,2025-02-28,11609.84,v1
1.0.0,True,nakshatra-synthetic-v1,2026-10-07T20:37:11.249813,MOIL-BAL-01,blast_furnace,2025-02-01,2025-02-28,5159.93,v1
1.0.0,True,nakshatra-synthetic-v1,2026-10-07T20:37:11.249815,MOIL-BAL-01,dioxide,2025-02-01,2025-02-28,1289.98,v1
1.0.0,True,nakshatra-synthetic-v1,2026-10-07T20:37:11.249818,MOIL-BAL-01,ferro_manganese,2025-03-01,2025-03-31,8395.96,v1
1.0.0,True,nakshatra-synthetic-v1,2026-10-07T20:37:11.249820,MOIL-BAL-01,silico_manganese,2025-03-01,2025-03-31,12593.93,v1
1.0.0,True,nakshatra-synthetic-v1,2026-10-07T20:37:11.249822,MOIL-BAL-01,blast_furnace,2025-03-01,2025-03-31,5597.3,v1
1.0.0,True,nakshatra-synthetic-v1,2026-10-07T20:37:11.249823,MOIL-BAL-01,dioxide,2025-03-01,2025-03-31,1399.33,v1
1.0.0,True,nakshatra-synthetic-v1,2026-10-07T20:37:11.249827,MOIL-BAL-01,ferro_manganese,2025-04-01,2025-04-30,7978.16,v1
1.0.0,True,nakshatra-synthetic-v1,2026-10-07T20:37:11.249829,MOIL-BAL-01,silico_manganese,2025-04-01,2025-04-30,11967.25,v1
1.0.0,True,nakshatra-synthetic-v1,2026-10-07T20:37:11.249830,MOIL-BAL-01,blast_furnace,2025-04-01,2025-04-30,5318.78,v1
1.0.0,True,nakshatra-synthetic-v1,2026-10-07T20:37:11.249832,MOIL-BAL-01,dioxide,2025-04-01,2025-04-30,1329.69,v1
1.0.0,True,nakshatra-synthetic-v1,2026-10-07T20:37:11.249837,MOIL-BAL-01,ferro_manganese,2025-05-01,2025-05-31,8313.18,v1
1.0.0,True,nakshatra-synthetic-v1,2026-10-07T20:37:11.249839,MOIL-BAL-01,silico_manganese,2025-05-01,2025-05-31,12469.78,v1
1.0.0,True,nakshatra-synthetic-v1,2026-10-07T20:37:11.249840,MOIL-BAL-01,blast_furnace,2025-05-01,2025-05-31,5542.12,v1
1.0.0,True,nakshatra-synthetic-v1,2026-10-07T20:37:11.249842,MOIL-BAL-01,dioxide,2025-05-01,2025-05-31,1385.53,v1
1.0.0,True,nakshatra-synthetic-v1,2026-10-07T20:37:11.249848,MOIL-BAL-01,ferro_manganese,2025-06-01,2025-06-30,7682.39,v1
1.0.0,True,nakshatra-synthetic-v1,2026-10-07T20:37:11.249850,MOIL-BAL-01,silico_manganese,2025-06-01,2025-06-30,11523.58,v1
1.0.0,True,nakshatra-synthetic-v1,2026-10-07T20:37:11.249852,MOIL-BAL-01,blast_furnace,2025-06-01,2025-06-30,5121.59,v1
1.0.0,True,nakshatra-synthetic-v1,2026-10-07T20:37:11.249855,MOIL-BAL-01,dioxide,2025-06-01,2025-06-30,1280.4,v1
1.0.0,True,nakshatra-synthetic-v1,2026-10-07T20:37:11.249859,MOIL-BAL-01,ferro_manganese,2025-07-01,2025-07-31,7792.67,v1
1.0.0,True,nakshatra-synthetic-v1,2026-10-07T20:37:11.249861,MOIL-BAL-01,silico_manganese,2025-07-01,2025-07-31,11689.01,v1
1.0.0,True,nakshatra-synthetic-v1,2026-10-07T20:37:11.249862,MOIL-BAL-01,blast_furnace,2025-07-01,2025-07-31,5195.12,v1
1.0.0,True,nakshatra-synthetic-v1,2026-10-07T20:37:11.249864,MOIL-BAL-01,dioxide,2025-07-01,2025-07-31,1298.78,v1
1.0.0,True,nakshatra-synthetic-v1,2026-10-07T20:37:11.249867,MOIL-BAL-01,ferro_manganese,2025-08-01,2025-08-31,7859.88,v1
1.0.0,True,nakshatra-synthetic-v1,2026-10-07T20:37:11.249869,MOIL-BAL-01,silico_manganese,2025-08-01,2025-08-31,11789.83,v1
1.0.0,True,nakshatra-synthetic-v1,2026-10-07T20:37:11.249871,MOIL-BAL-01,blast_furnace,2025-08-01,2025-08-31,5239.92,v1
1.0.0,True,nakshatra-synthetic-v1,2026-10-07T20:37:11.249872,MOIL-BAL-01,dioxide,2025-08-01,2025-08-31,1309.98,v1
1.0.0,True,nakshatra-synthetic-v1,2026-10-07T20:37:11.249876,MOIL-BAL-01,ferro_manganese,2025-09-01,2025-09-30,7844.74,v1
1.0.0,True,nakshatra-synthetic-v1,2026-10-07T20:37:11.249878,MOIL-BAL-01,silico_manganese,2025-09-01,2025-09-30,11767.1,v1
1.0.0,True,nakshatra-synthetic-v1,2026-10-07T20:37:11.249880,MOIL-BAL-01,blast_furnace,2025-09-01,2025-09-30,5229.82,v1
1.0.0,True,nakshatra-synthetic-v1,2026-10-07T20:37:11.249881,MOIL-BAL-01,dioxide,2025-09-01,2025-09-30,1307.46,v1
1.0.0,True,nakshatra-synthetic-v1,2026-10-07T20:37:11.249885,MOIL-BAL-01,ferro_manganese,2025-10-01,2025-10-31,8384.88,v1
1.0.0,True,nakshatra-synthetic-v1,2026-10-07T20:37:11.249887,MOIL-BAL-01,silico_manganese,2025-10-01,2025-10-31,12577.33,v1
1.0.0,True,nakshatra-synthetic-v1,2026-10-07T20:37:11.249888,MOIL-BAL-01,blast_furnace,2025-10-01,2025-10-31,5589.92,v1
1.0.0,True,nakshatra-synthetic-v1,2026-10-07T20:37:11.249890,MOIL-BAL-01,dioxide,2025-10-01,2025-10-31,1397.48,v1
1.0.0,True,nakshatra-synthetic-v1,2026-10-07T20:37:11.249894,MOIL-BAL-01,ferro_manganese,2025-11-01,2025-11-30,8306.62,v1
1.0.0,True,nakshatra-synthetic-v1,2026-10-07T20:37:11.249895,MOIL-BAL-01,silico_manganese,2025-11-01,2025-11-30,12459.93,v1
1.0.0,True,nakshatra-synthetic-v1,2026-10-07T20:37:11.249897,MOIL-BAL-01,blast_furnace,2025-11-01,2025-11-30,5537.75,v1
1.0.0,True,nakshatra-synthetic-v1,2026-10-07T20:37:11.249900,MOIL-BAL-01,dioxide,2025-11-01,2025-11-30,1384.44,v1
1.0.0,True,nakshatra-synthetic-v1,2026-10-07T20:37:11.249904,MOIL-BAL-01,ferro_manganese,2025-12-01,2025-12-31,8627.0,v1
1.0.0,True,nakshatra-synthetic-v1,2026-10-07T20:37:11.249905,MOIL-BAL-01,silico_manganese,2025-12-01,2025-12-31,12940.5,v1
1.0.0,True,nakshatra-synthetic-v1,2026-10-07T20:37:11.249907,MOIL-BAL-01,blast_furnace,2025-12-01,2025-12-31,5751.33,v1
1.0.0,True,nakshatra-synthetic-v1,2026-10-07T20:37:11.249910,MOIL-BAL-01,dioxide,2025-12-01,2025-12-31,1437.83,v1
1.0.0,True,nakshatra-synthetic-v1,2026-10-07T20:37:11.249914,MOIL-BAL-01,ferro_manganese,2026-01-01,2026-01-31,8711.49,v1
1.0.0,True,nakshatra-synthetic-v1,2026-10-07T20:37:11.249916,MOIL-BAL-01,silico_manganese,2026-01-01,2026-01-31,13067.24,v1
1.0.0,True,nakshatra-synthetic-v1,2026-10-07T20:37:11.249919,MOIL-BAL-01,blast_furnace,2026-01-01,2026-01-31,5807.66,v1
1.0.0,True,nakshatra-synthetic-v1,2026-10-07T20:37:11.249920,MOIL-BAL-01,dioxide,2026-01-01,2026-01-31,1451.92,v1
1.0.0,True,nakshatra-synthetic-v1,2026-10-07T20:37:11.249924,MOIL-BAL-01,ferro_manganese,2026-02-01,2026-02-28,7985.99,v1
1.0.0,True,nakshatra-synthetic-v1,2026-10-07T20:37:11.249926,MOIL-BAL-01,silico_manganese,2026-02-01,2026-02-28,11978.98,v1
1.0.0,True,nakshatra-synthetic-v1,2026-10-07T20:37:11.249927,MOIL-BAL-01,blast_furnace,2026-02-01,2026-02-28,5323.99,v1
1.0.0,True,nakshatra-synthetic-v1,2026-10-07T20:37:11.249929,MOIL-BAL-01,dioxide,2026-02-01,2026-02-28,1331.0,v1
1.0.0,True,nakshatra-synthetic-v1,2026-10-07T20:37:11.249933,MOIL-BAL-01,ferro_manganese,2026-03-01,2026-03-31,8582.17,v1
1.0.0,True,nakshatra-synthetic-v1,2026-10-07T20:37:11.249935,MOIL-BAL-01,silico_manganese,2026-03-01,2026-03-31,12873.26,v1
1.0.0,True,nakshatra-synthetic-v1,2026-10-07T20:37:11.249936,MOIL-BAL-01,blast_furnace,2026-03-01,2026-03-31,5721.45,v1
1.0.0,True,nakshatra-synthetic-v1,2026-10-07T20:37:11.249938,MOIL-BAL-01,dioxide,2026-03-01,2026-03-31,1430.36,v1
1.0.0,True,nakshatra-synthetic-v1,2026-10-07T20:37:11.249941,MOIL-BAL-01,ferro_manganese,2026-04-01,2026-04-30,8446.87,v1
1.0.0,True,nakshatra-synthetic-v1,2026-10-07T20:37:11.249943,MOIL-BAL-01,silico_manganese,2026-04-01,2026-04-30,12670.3,v1
1.0.0,True,nakshatra-synthetic-v1,2026-10-07T20:37:11.249945,MOIL-BAL-01,blast_furnace,2026-04-01,2026-04-30,5631.25,v1
1.0.0,True,nakshatra-synthetic-v1,2026-10-07T20:37:11.249946,MOIL-BAL-01,dioxide,2026-04-01,2026-04-30,1407.81,v1
1.0.0,True,nakshatra-synthetic-v1,2026-10-07T20:37:11.249950,MOIL-BAL-01,ferro_manganese,2026-05-01,2026-05-31,8545.22,v1
1.0.0,True,nakshatra-synthetic-v1,2026-10-07T20:37:11.249951,MOIL-BAL-01,silico_manganese,2026-05-01,2026-05-31,12817.83,v1
1.0.0,True,nakshatra-synthetic-v1,2026-10-07T20:37:11.249953,MOIL-BAL-01,blast_furnace,2026-05-01,2026-05-31,5696.81,v1
1.0.0,True,nakshatra-synthetic-v1,2026-10-07T20:37:11.249955,MOIL-BAL-01,dioxide,2026-05-01,2026-05-31,1424.2,v1
1.0.0,True,nakshatra-synthetic-v1,2026-10-07T20:37:11.249958,MOIL-BAL-01,ferro_manganese,2026-06-01,2026-06-30,7500.05,v1
1.0.0,True,nakshatra-synthetic-v1,2026-10-07T20:37:11.249960,MOIL-BAL-01,silico_manganese,2026-06-01,2026-06-30,11250.08,v1
1.0.0,True,nakshatra-synthetic-v1,2026-10-07T20:37:11.249962,MOIL-BAL-01,blast_furnace,2026-06-01,2026-06-30,5000.03,v1
1.0.0,True,nakshatra-synthetic-v1,2026-10-07T20:37:11.249963,MOIL-BAL-01,dioxide,2026-06-01,2026-06-30,1250.01,v1
1.0.0,True,nakshatra-synthetic-v1,2026-10-07T20:37:11.250019,MOIL-BAL-01,ferro_manganese,2026-07-01,2026-07-31,7786.89,v1
1.0.0,True,nakshatra-synthetic-v1,2026-10-07T20:37:11.250021,MOIL-BAL-01,silico_manganese,2026-07-01,2026-07-31,11680.34,v1
1.0.0,True,nakshatra-synthetic-v1,2026-10-07T20:37:11.250023,MOIL-BAL-01,blast_furnace,2026-07-01,2026-07-31,5191.26,v1
1.0.0,True,nakshatra-synthetic-v1,2026-10-07T20:37:11.250024,MOIL-BAL-01,dioxide,2026-07-01,2026-07-31,1297.82,v1
1.0.0,True,nakshatra-synthetic-v1,2026-10-07T20:37:11.250028,MOIL-BAL-01,ferro_manganese,2026-08-01,2026-08-31,8193.65,v1
1.0.0,True,nakshatra-synthetic-v1,2026-10-07T20:37:11.250030,MOIL-BAL-01,silico_manganese,2026-08-01,2026-08-31,12290.47,v1
1.0.0,True,nakshatra-synthetic-v1,2026-10-07T20:37:11.250033,MOIL-BAL-01,blast_furnace,2026-08-01,2026-08-31,5462.43,v1
1.0.0,True,nakshatra-synthetic-v1,2026-10-07T20:37:11.250034,MOIL-BAL-01,dioxide,2026-08-01,2026-08-31,1365.61,v1
1.0.0,True,nakshatra-synthetic-v1,2026-10-07T20:37:11.250038,MOIL-BAL-01,ferro_manganese,2026-09-01,2026-09-30,8075.53,v1
1.0.0,True,nakshatra-synthetic-v1,2026-10-07T20:37:11.250040,MOIL-BAL-01,silico_manganese,2026-09-01,2026-09-30,12113.3,v1
1.0.0,True,nakshatra-synthetic-v1,2026-10-07T20:37:11.250042,MOIL-BAL-01,blast_furnace,2026-09-01,2026-09-30,5383.69,v1
1.0.0,True,nakshatra-synthetic-v1,2026-10-07T20:37:11.250043,MOIL-BAL-01,dioxide,2026-09-01,2026-09-30,1345.92,v1
1.0.0,True,nakshatra-synthetic-v1,2026-10-07T20:37:11.250047,MOIL-BAL-01,ferro_manganese,2026-10-01,2026-10-31,8655.66,v1
1.0.0,True,nakshatra-synthetic-v1,2026-10-07T20:37:11.250049,MOIL-BAL-01,silico_manganese,2026-10-01,2026-10-31,12983.49,v1
1.0.0,True,nakshatra-synthetic-v1,2026-10-07T20:37:11.250050,MOIL-BAL-01,blast_furnace,2026-10-01,2026-10-31,5770.44,v1
1.0.0,True,nakshatra-synthetic-v1,2026-10-07T20:37:11.250052,MOIL-BAL-01,dioxide,2026-10-01,2026-10-31,1442.61,v1
1.0.0,True,nakshatra-synthetic-v1,2026-10-07T20:37:11.250055,MOIL-BAL-01,ferro_manganese,2026-11-01,2026-11-30,8289.76,v1
1.0.0,True,nakshatra-synthetic-v1,2026-10-07T20:37:11.250057,MOIL-BAL-01,silico_manganese,2026-11-01,2026-11-30,12434.64,v1
1.0.0,True,nakshatra-synthetic-v1,2026-10-07T20:37:11.250059,MOIL-BAL-01,blast_furnace,2026-11-01,2026-11-30,5526.51,v1
1.0.0,True,nakshatra-synthetic-v1,2026-10-07T20:37:11.250061,MOIL-BAL-01,dioxide,2026-11-01,2026-11-30,1381.63,v1
1.0.0,True,nakshatra-synthetic-v1,2026-10-07T20:37:11.250064,MOIL-BAL-01,ferro_manganese,2026-12-01,2026-12-31,8853.47,v1
1.0.0,True,nakshatra-synthetic-v1,2026-10-07T20:37:11.250066,MOIL-BAL-01,silico_manganese,2026-12-01,2026-12-31,13280.21,v1
1.0.0,True,nakshatra-synthetic-v1,2026-10-07T20:37:11.250068,MOIL-BAL-01,blast_furnace,2026-12-01,2026-12-31,5902.31,v1
1.0.0,True,nakshatra-synthetic-v1,2026-10-07T20:37:11.250069,MOIL-BAL-01,dioxide,2026-12-01,2026-12-31,1475.58,v1
1.0.0,True,nakshatra-synthetic-v1,2026-10-07T20:37:11.250073,MOIL-BAL-01,ferro_manganese,2027-01-01,2027-01-31,9002.25,v1
1.0.0,True,nakshatra-synthetic-v1,2026-10-07T20:37:11.250075,MOIL-BAL-01,silico_manganese,2027-01-01,2027-01-31,13503.38,v1
1.0.0,True,nakshatra-synthetic-v1,2026-10-07T20:37:11.250076,MOIL-BAL-01,blast_furnace,2027-01-01,2027-01-31,6001.5,v1
1.0.0,True,nakshatra-synthetic-v1,2026-10-07T20:37:11.250078,MOIL-BAL-01,dioxide,2027-01-01,2027-01-31,1500.38,v1
1.0.0,True,nakshatra-synthetic-v1,2026-10-07T20:37:11.250083,MOIL-BHR-02,ferro_manganese,2023-10-01,2023-10-31,3909.49,v1
1.0.0,True,nakshatra-synthetic-v1,2026-10-07T20:37:11.250086,MOIL-BHR-02,silico_manganese,2023-10-01,2023-10-31,7506.22,v1
1.0.0,True,nakshatra-synthetic-v1,2026-10-07T20:37:11.250088,MOIL-BHR-02,blast_furnace,2023-10-01,2023-10-31,3753.11,v1
1.0.0,True,nakshatra-synthetic-v1,2026-10-07T20:37:11.250089,MOIL-BHR-02,dioxide,2023-10-01,2023-10-31,469.14,v1
1.0.0,True,nakshatra-synthetic-v1,2026-10-07T20:37:11.250093,MOIL-BHR-02,ferro_manganese,2023-11-01,2023-11-30,3827.61,v1
1.0.0,True,nakshatra-synthetic-v1,2026-10-07T20:37:11.250095,MOIL-BHR-02,silico_manganese,2023-11-01,2023-11-30,7349.02,v1
1.0.0,True,nakshatra-synthetic-v1,2026-10-07T20:37:11.250096,MOIL-BHR-02,blast_furnace,2023-11-01,2023-11-30,3674.51,v1
1.0.0,True,nakshatra-synthetic-v1,2026-10-07T20:37:11.250098,MOIL-BHR-02,dioxide,2023-11-01,2023-11-30,459.31,v1
1.0.0,True,nakshatra-synthetic-v1,2026-10-07T20:37:11.250102,MOIL-BHR-02,ferro_manganese,2023-12-01,2023-12-31,4037.71,v1
1.0.0,True,nakshatra-synthetic-v1,2026-10-07T20:37:11.250105,MOIL-BHR-02,silico_manganese,2023-12-01,2023-12-31,7752.41,v1
1.0.0,True,nakshatra-synthetic-v1,2026-10-07T20:37:11.250106,MOIL-BHR-02,blast_furnace,2023-12-01,2023-12-31,3876.2,v1
1.0.0,True,nakshatra-synthetic-v1,2026-10-07T20:37:11.250108,MOIL-BHR-02,dioxide,2023-12-01,2023-12-31,484.53,v1
1.0.0,True,nakshatra-synthetic-v1,2026-10-07T20:37:11.250112,MOIL-BHR-02,ferro_manganese,2024-01-01,2024-01-31,4068.72,v1
1.0.0,True,nakshatra-synthetic-v1,2026-10-07T20:37:11.250114,MOIL-BHR-02,silico_manganese,2024-01-01,2024-01-31,7811.94,v1
1.0.0,True,nakshatra-synthetic-v1,2026-10-07T20:37:11.250115,MOIL-BHR-02,blast_furnace,2024-01-01,2024-01-31,3905.97,v1
1.0.0,True,nakshatra-synthetic-v1,2026-10-07T20:37:11.250118,MOIL-BHR-02,dioxide,2024-01-01,2024-01-31,488.25,v1
1.0.0,True,nakshatra-synthetic-v1,2026-10-07T20:37:11.250122,MOIL-BHR-02,ferro_manganese,2024-02-01,2024-02-29,3722.87,v1
1.0.0,True,nakshatra-synthetic-v1,2026-10-07T20:37:11.250123,MOIL-BHR-02,silico_manganese,2024-02-01,2024-02-29,7147.92,v1
1.0.0,True,nakshatra-synthetic-v1,2026-10-07T20:37:11.250125,MOIL-BHR-02,blast_furnace,2024-02-01,2024-02-29,3573.96,v1
1.0.0,True,nakshatra-synthetic-v1,2026-10-07T20:37:11.250127,MOIL-BHR-02,dioxide,2024-02-01,2024-02-29,446.74,v1
1.0.0,True,nakshatra-synthetic-v1,2026-10-07T20:37:11.250131,MOIL-BHR-02,ferro_manganese,2024-03-01,2024-03-31,3968.85,v1
1.0.0,True,nakshatra-synthetic-v1,2026-10-07T20:37:11.250132,MOIL-BHR-02,silico_manganese,2024-03-01,2024-03-31,7620.19,v1
1.0.0,True,nakshatra-synthetic-v1,2026-10-07T20:37:11.250134,MOIL-BHR-02,blast_furnace,2024-03-01,2024-03-31,3810.1,v1
1.0.0,True,nakshatra-synthetic-v1,2026-10-07T20:37:11.250135,MOIL-BHR-02,dioxide,2024-03-01,2024-03-31,476.26,v1
1.0.0,True,nakshatra-synthetic-v1,2026-10-07T20:37:11.250139,MOIL-BHR-02,ferro_manganese,2024-04-01,2024-04-30,3855.29,v1
1.0.0,True,nakshatra-synthetic-v1,2026-10-07T20:37:11.250141,MOIL-BHR-02,silico_manganese,2024-04-01,2024-04-30,7402.17,v1
1.0.0,True,nakshatra-synthetic-v1,2026-10-07T20:37:11.250142,MOIL-BHR-02,blast_furnace,2024-04-01,2024-04-30,3701.08,v1
1.0.0,True,nakshatra-synthetic-v1,2026-10-07T20:37:11.250144,MOIL-BHR-02,dioxide,2024-04-01,2024-04-30,462.64,v1
1.0.0,True,nakshatra-synthetic-v1,2026-10-07T20:37:11.250147,MOIL-BHR-02,ferro_manganese,2024-05-01,2024-05-31,3821.93,v1
1.0.0,True,nakshatra-synthetic-v1,2026-10-07T20:37:11.250149,MOIL-BHR-02,silico_manganese,2024-05-01,2024-05-31,7338.1,v1
1.0.0,True,nakshatra-synthetic-v1,2026-10-07T20:37:11.250151,MOIL-BHR-02,blast_furnace,2024-05-01,2024-05-31,3669.05,v1
1.0.0,True,nakshatra-synthetic-v1,2026-10-07T20:37:11.250152,MOIL-BHR-02,dioxide,2024-05-01,2024-05-31,458.63,v1
1.0.0,True,nakshatra-synthetic-v1,2026-10-07T20:37:11.250156,MOIL-BHR-02,ferro_manganese,2024-06-01,2024-06-30,3541.2,v1
1.0.0,True,nakshatra-synthetic-v1,2026-10-07T20:37:11.250158,MOIL-BHR-02,silico_manganese,2024-06-01,2024-06-30,6799.1,v1
1.0.0,True,nakshatra-synthetic-v1,2026-10-07T20:37:11.250159,MOIL-BHR-02,blast_furnace,2024-06-01,2024-06-30,3399.55,v1
1.0.0,True,nakshatra-synthetic-v1,2026-10-07T20:37:11.250161,MOIL-BHR-02,dioxide,2024-06-01,2024-06-30,424.94,v1
1.0.0,True,nakshatra-synthetic-v1,2026-10-07T20:37:11.250165,MOIL-BHR-02,ferro_manganese,2024-07-01,2024-07-31,3612.28,v1
1.0.0,True,nakshatra-synthetic-v1,2026-10-07T20:37:11.250166,MOIL-BHR-02,silico_manganese,2024-07-01,2024-07-31,6935.57,v1
1.0.0,True,nakshatra-synthetic-v1,2026-10-07T20:37:11.250168,MOIL-BHR-02,blast_furnace,2024-07-01,2024-07-31,3467.79,v1
1.0.0,True,nakshatra-synthetic-v1,2026-10-07T20:37:11.250169,MOIL-BHR-02,dioxide,2024-07-01,2024-07-31,433.47,v1
1.0.0,True,nakshatra-synthetic-v1,2026-10-07T20:37:11.250174,MOIL-BHR-02,ferro_manganese,2024-08-01,2024-08-31,3811.39,v1
1.0.0,True,nakshatra-synthetic-v1,2026-10-07T20:37:11.250176,MOIL-BHR-02,silico_manganese,2024-08-01,2024-08-31,7317.87,v1
1.0.0,True,nakshatra-synthetic-v1,2026-10-07T20:37:11.250178,MOIL-BHR-02,blast_furnace,2024-08-01,2024-08-31,3658.94,v1
1.0.0,True,nakshatra-synthetic-v1,2026-10-07T20:37:11.250180,MOIL-BHR-02,dioxide,2024-08-01,2024-08-31,457.37,v1
1.0.0,True,nakshatra-synthetic-v1,2026-10-07T20:37:11.250183,MOIL-BHR-02,ferro_manganese,2024-09-01,2024-09-30,3881.72,v1
1.0.0,True,nakshatra-synthetic-v1,2026-10-07T20:37:11.250185,MOIL-BHR-02,silico_manganese,2024-09-01,2024-09-30,7452.9,v1
1.0.0,True,nakshatra-synthetic-v1,2026-10-07T20:37:11.250186,MOIL-BHR-02,blast_furnace,2024-09-01,2024-09-30,3726.45,v1
1.0.0,True,nakshatra-synthetic-v1,2026-10-07T20:37:11.250188,MOIL-BHR-02,dioxide,2024-09-01,2024-09-30,465.81,v1
1.0.0,True,nakshatra-synthetic-v1,2026-10-07T20:37:11.250192,MOIL-BHR-02,ferro_manganese,2024-10-01,2024-10-31,4063.79,v1
1.0.0,True,nakshatra-synthetic-v1,2026-10-07T20:37:11.250193,MOIL-BHR-02,silico_manganese,2024-10-01,2024-10-31,7802.47,v1
1.0.0,True,nakshatra-synthetic-v1,2026-10-07T20:37:11.250195,MOIL-BHR-02,blast_furnace,2024-10-01,2024-10-31,3901.24,v1
1.0.0,True,nakshatra-synthetic-v1,2026-10-07T20:37:11.250197,MOIL-BHR-02,dioxide,2024-10-01,2024-10-31,487.65,v1
1.0.0,True,nakshatra-synthetic-v1,2026-10-07T20:37:11.250200,MOIL-BHR-02,ferro_manganese,2024-11-01,2024-11-30,3908.46,v1
1.0.0,True,nakshatra-synthetic-v1,2026-10-07T20:37:11.250202,MOIL-BHR-02,silico_manganese,2024-11-01,2024-11-30,7504.25,v1
1.0.0,True,nakshatra-synthetic-v1,2026-10-07T20:37:11.250203,MOIL-BHR-02,blast_furnace,2024-11-01,2024-11-30,3752.13,v1
1.0.0,True,nakshatra-synthetic-v1,2026-10-07T20:37:11.250205,MOIL-BHR-02,dioxide,2024-11-01,2024-11-30,469.02,v1
1.0.0,True,nakshatra-synthetic-v1,2026-10-07T20:37:11.250209,MOIL-BHR-02,ferro_manganese,2024-12-01,2024-12-31,4160.61,v1
1.0.0,True,nakshatra-synthetic-v1,2026-10-07T20:37:11.250210,MOIL-BHR-02,silico_manganese,2024-12-01,2024-12-31,7988.37,v1
1.0.0,True,nakshatra-synthetic-v1,2026-10-07T20:37:11.250212,MOIL-BHR-02,blast_furnace,2024-12-01,2024-12-31,3994.19,v1
1.0.0,True,nakshatra-synthetic-v1,2026-10-07T20:37:11.250214,MOIL-BHR-02,dioxide,2024-12-01,2024-12-31,499.27,v1
1.0.0,True,nakshatra-synthetic-v1,2026-10-07T20:37:11.250217,MOIL-BHR-02,ferro_manganese,2025-01-01,2025-01-31,4076.67,v1
1.0.0,True,nakshatra-synthetic-v1,2026-10-07T20:37:11.250219,MOIL-BHR-02,silico_manganese,2025-01-01,2025-01-31,7827.21,v1
1.0.0,True,nakshatra-synthetic-v1,2026-10-07T20:37:11.250220,MOIL-BHR-02,blast_furnace,2025-01-01,2025-01-31,3913.61,v1
1.0.0,True,nakshatra-synthetic-v1,2026-10-07T20:37:11.250222,MOIL-BHR-02,dioxide,2025-01-01,2025-01-31,489.2,v1
1.0.0,True,nakshatra-synthetic-v1,2026-10-07T20:37:11.250226,MOIL-BHR-02,ferro_manganese,2025-02-01,2025-02-28,3805.1,v1
1.0.0,True,nakshatra-synthetic-v1,2026-10-07T20:37:11.250227,MOIL-BHR-02,silico_manganese,2025-02-01,2025-02-28,7305.79,v1
1.0.0,True,nakshatra-synthetic-v1,2026-10-07T20:37:11.250229,MOIL-BHR-02,blast_furnace,2025-02-01,2025-02-28,3652.9,v1
1.0.0,True,nakshatra-synthetic-v1,2026-10-07T20:37:11.250230,MOIL-BHR-02,dioxide,2025-02-01,2025-02-28,456.61,v1
1.0.0,True,nakshatra-synthetic-v1,2026-10-07T20:37:11.250234,MOIL-BHR-02,ferro_manganese,2025-03-01,2025-03-31,4086.6,v1
1.0.0,True,nakshatra-synthetic-v1,2026-10-07T20:37:11.250236,MOIL-BHR-02,silico_manganese,2025-03-01,2025-03-31,7846.27,v1
1.0.0,True,nakshatra-synthetic-v1,2026-10-07T20:37:11.250237,MOIL-BHR-02,blast_furnace,2025-03-01,2025-03-31,3923.13,v1
1.0.0,True,nakshatra-synthetic-v1,2026-10-07T20:37:11.250240,MOIL-BHR-02,dioxide,2025-03-01,2025-03-31,490.39,v1
1.0.0,True,nakshatra-synthetic-v1,2026-10-07T20:37:11.250244,MOIL-BHR-02,ferro_manganese,2025-04-01,2025-04-30,3940.59,v1
1.0.0,True,nakshatra-synthetic-v1,2026-10-07T20:37:11.250246,MOIL-BHR-02,silico_manganese,2025-04-01,2025-04-30,7565.93,v1
1.0.0,True,nakshatra-synthetic-v1,2026-10-07T20:37:11.250247,MOIL-BHR-02,blast_furnace,2025-04-01,2025-04-30,3782.96,v1
1.0.0,True,nakshatra-synthetic-v1,2026-10-07T20:37:11.250249,MOIL-BHR-02,dioxide,2025-04-01,2025-04-30,472.87,v1
1.0.0,True,nakshatra-synthetic-v1,2026-10-07T20:37:11.250253,MOIL-BHR-02,ferro_manganese,2025-05-01,2025-05-31,3927.0,v1
1.0.0,True,nakshatra-synthetic-v1,2026-10-07T20:37:11.250254,MOIL-BHR-02,silico_manganese,2025-05-01,2025-05-31,7539.85,v1
1.0.0,True,nakshatra-synthetic-v1,2026-10-07T20:37:11.250256,MOIL-BHR-02,blast_furnace,2025-05-01,2025-05-31,3769.92,v1
1.0.0,True,nakshatra-synthetic-v1,2026-10-07T20:37:11.250259,MOIL-BHR-02,dioxide,2025-05-01,2025-05-31,471.24,v1
1.0.0,True,nakshatra-synthetic-v1,2026-10-07T20:37:11.250263,MOIL-BHR-02,ferro_manganese,2025-06-01,2025-06-30,3636.19,v1
1.0.0,True,nakshatra-synthetic-v1,2026-10-07T20:37:11.250264,MOIL-BHR-02,silico_manganese,2025-06-01,2025-06-30,6981.48,v1
1.0.0,True,nakshatra-synthetic-v1,2026-10-07T20:37:11.250266,MOIL-BHR-02,blast_furnace,2025-06-01,2025-06-30,3490.74,v1
1.0.0,True,nakshatra-synthetic-v1,2026-10-07T20:37:11.250267,MOIL-BHR-02,dioxide,2025-06-01,2025-06-30,436.34,v1
1.0.0,True,nakshatra-synthetic-v1,2026-10-07T20:37:11.250271,MOIL-BHR-02,ferro_manganese,2025-07-01,2025-07-31,3806.23,v1
1.0.0,True,nakshatra-synthetic-v1,2026-10-07T20:37:11.250273,MOIL-BHR-02,silico_manganese,2025-07-01,2025-07-31,7307.96,v1
1.0.0,True,nakshatra-synthetic-v1,2026-10-07T20:37:11.250274,MOIL-BHR-02,blast_furnace,2025-07-01,2025-07-31,3653.98,v1
1.0.0,True,nakshatra-synthetic-v1,2026-10-07T20:37:11.250277,MOIL-BHR-02,dioxide,2025-07-01,2025-07-31,456.75,v1
1.0.0,True,nakshatra-synthetic-v1,2026-10-07T20:37:11.250281,MOIL-BHR-02,ferro_manganese,2025-08-01,2025-08-31,3862.78,v1
1.0.0,True,nakshatra-synthetic-v1,2026-10-07T20:37:11.250282,MOIL-BHR-02,silico_manganese,2025-08-01,2025-08-31,7416.54,v1
1.0.0,True,nakshatra-synthetic-v1,2026-10-07T20:37:11.250284,MOIL-BHR-02,blast_furnace,2025-08-01,2025-08-31,3708.27,v1
1.0.0,True,nakshatra-synthetic-v1,2026-10-07T20:37:11.250286,MOIL-BHR-02,dioxide,2025-08-01,2025-08-31,463.53,v1
1.0.0,True,nakshatra-synthetic-v1,2026-10-07T20:37:11.250289,MOIL-BHR-02,ferro_manganese,2025-09-01,2025-09-30,3801.2,v1
1.0.0,True,nakshatra-synthetic-v1,2026-10-07T20:37:11.250291,MOIL-BHR-02,silico_manganese,2025-09-01,2025-09-30,7298.31,v1
1.0.0,True,nakshatra-synthetic-v1,2026-10-07T20:37:11.250293,MOIL-BHR-02,blast_furnace,2025-09-01,2025-09-30,3649.15,v1
1.0.0,True,nakshatra-synthetic-v1,2026-10-07T20:37:11.250294,MOIL-BHR-02,dioxide,2025-09-01,2025-09-30,456.14,v1
1.0.0,True,nakshatra-synthetic-v1,2026-10-07T20:37:11.250298,MOIL-BHR-02,ferro_manganese,2025-10-01,2025-10-31,3981.04,v1
1.0.0,True,nakshatra-synthetic-v1,2026-10-07T20:37:11.250299,MOIL-BHR-02,silico_manganese,2025-10-01,2025-10-31,7643.6,v1
1.0.0,True,nakshatra-synthetic-v1,2026-10-07T20:37:11.250301,MOIL-BHR-02,blast_furnace,2025-10-01,2025-10-31,3821.8,v1
1.0.0,True,nakshatra-synthetic-v1,2026-10-07T20:37:11.250303,MOIL-BHR-02,dioxide,2025-10-01,2025-10-31,477.73,v1
1.0.0,True,nakshatra-synthetic-v1,2026-10-07T20:37:11.250306,MOIL-BHR-02,ferro_manganese,2025-11-01,2025-11-30,3965.41,v1
1.0.0,True,nakshatra-synthetic-v1,2026-10-07T20:37:11.250308,MOIL-BHR-02,silico_manganese,2025-11-01,2025-11-30,7613.6,v1
1.0.0,True,nakshatra-synthetic-v1,2026-10-07T20:37:11.250311,MOIL-BHR-02,blast_furnace,2025-11-01,2025-11-30,3806.8,v1
1.0.0,True,nakshatra-synthetic-v1,2026-10-07T20:37:11.250313,MOIL-BHR-02,dioxide,2025-11-01,2025-11-30,475.85,v1
1.0.0,True,nakshatra-synthetic-v1,2026-10-07T20:37:11.250316,MOIL-BHR-02,ferro_manganese,2025-12-01,2025-12-31,4057.15,v1
1.0.0,True,nakshatra-synthetic-v1,2026-10-07T20:37:11.250318,MOIL-BHR-02,silico_manganese,2025-12-01,2025-12-31,7789.73,v1
1.0.0,True,nakshatra-synthetic-v1,2026-10-07T20:37:11.250320,MOIL-BHR-02,blast_furnace,2025-12-01,2025-12-31,3894.86,v1
1.0.0,True,nakshatra-synthetic-v1,2026-10-07T20:37:11.250321,MOIL-BHR-02,dioxide,2025-12-01,2025-12-31,486.86,v1
1.0.0,True,nakshatra-synthetic-v1,2026-10-07T20:37:11.250325,MOIL-BHR-02,ferro_manganese,2026-01-01,2026-01-31,4151.5,v1
1.0.0,True,nakshatra-synthetic-v1,2026-10-07T20:37:11.250327,MOIL-BHR-02,silico_manganese,2026-01-01,2026-01-31,7970.87,v1
1.0.0,True,nakshatra-synthetic-v1,2026-10-07T20:37:11.250328,MOIL-BHR-02,blast_furnace,2026-01-01,2026-01-31,3985.44,v1
1.0.0,True,nakshatra-synthetic-v1,2026-10-07T20:37:11.250330,MOIL-BHR-02,dioxide,2026-01-01,2026-01-31,498.18,v1
1.0.0,True,nakshatra-synthetic-v1,2026-10-07T20:37:11.250334,MOIL-BHR-02,ferro_manganese,2026-02-01,2026-02-28,3735.12,v1
1.0.0,True,nakshatra-synthetic-v1,2026-10-07T20:37:11.250335,MOIL-BHR-02,silico_manganese,2026-02-01,2026-02-28,7171.42,v1
1.0.0,True,nakshatra-synthetic-v1,2026-10-07T20:37:11.250337,MOIL-BHR-02,blast_furnace,2026-02-01,2026-02-28,3585.71,v1
1.0.0,True,nakshatra-synthetic-v1,2026-10-07T20:37:11.250338,MOIL-BHR-02,dioxide,2026-02-01,2026-02-28,448.21,v1
1.0.0,True,nakshatra-synthetic-v1,2026-10-07T20:37:11.250342,MOIL-BHR-02,ferro_manganese,2026-03-01,2026-03-31,4186.43,v1
1.0.0,True,nakshatra-synthetic-v1,2026-10-07T20:37:11.250344,MOIL-BHR-02,silico_manganese,2026-03-01,2026-03-31,8037.95,v1
1.0.0,True,nakshatra-synthetic-v1,2026-10-07T20:37:11.250345,MOIL-BHR-02,blast_furnace,2026-03-01,2026-03-31,4018.98,v1
1.0.0,True,nakshatra-synthetic-v1,2026-10-07T20:37:11.250347,MOIL-BHR-02,dioxide,2026-03-01,2026-03-31,502.37,v1
1.0.0,True,nakshatra-synthetic-v1,2026-10-07T20:37:11.250351,MOIL-BHR-02,ferro_manganese,2026-04-01,2026-04-30,3995.44,v1
1.0.0,True,nakshatra-synthetic-v1,2026-10-07T20:37:11.250352,MOIL-BHR-02,silico_manganese,2026-04-01,2026-04-30,7671.25,v1
1.0.0,True,nakshatra-synthetic-v1,2026-10-07T20:37:11.250354,MOIL-BHR-02,blast_furnace,2026-04-01,2026-04-30,3835.63,v1
1.0.0,True,nakshatra-synthetic-v1,2026-10-07T20:37:11.250355,MOIL-BHR-02,dioxide,2026-04-01,2026-04-30,479.45,v1
1.0.0,True,nakshatra-synthetic-v1,2026-10-07T20:37:11.250359,MOIL-BHR-02,ferro_manganese,2026-05-01,2026-05-31,3965.94,v1
1.0.0,True,nakshatra-synthetic-v1,2026-10-07T20:37:11.250361,MOIL-BHR-02,silico_manganese,2026-05-01,2026-05-31,7614.61,v1
1.0.0,True,nakshatra-synthetic-v1,2026-10-07T20:37:11.250362,MOIL-BHR-02,blast_furnace,2026-05-01,2026-05-31,3807.3,v1
1.0.0,True,nakshatra-synthetic-v1,2026-10-07T20:37:11.250364,MOIL-BHR-02,dioxide,2026-05-01,2026-05-31,475.91,v1
1.0.0,True,nakshatra-synthetic-v1,2026-10-07T20:37:11.250367,MOIL-BHR-02,ferro_manganese,2026-06-01,2026-06-30,3764.79,v1
1.0.0,True,nakshatra-synthetic-v1,2026-10-07T20:37:11.250369,MOIL-BHR-02,silico_manganese,2026-06-01,2026-06-30,7228.4,v1
1.0.0,True,nakshatra-synthetic-v1,2026-10-07T20:37:11.250371,MOIL-BHR-02,blast_furnace,2026-06-01,2026-06-30,3614.2,v1
1.0.0,True,nakshatra-synthetic-v1,2026-10-07T20:37:11.250372,MOIL-BHR-02,dioxide,2026-06-01,2026-06-30,451.77,v1
1.0.0,True,nakshatra-synthetic-v1,2026-10-07T20:37:11.250376,MOIL-BHR-02,ferro_manganese,2026-07-01,2026-07-31,3942.32,v1
1.0.0,True,nakshatra-synthetic-v1,2026-10-07T20:37:11.250379,MOIL-BHR-02,silico_manganese,2026-07-01,2026-07-31,7569.25,v1
1.0.0,True,nakshatra-synthetic-v1,2026-10-07T20:37:11.250381,MOIL-BHR-02,blast_furnace,2026-07-01,2026-07-31,3784.63,v1
1.0.0,True,nakshatra-synthetic-v1,2026-10-07T20:37:11.250383,MOIL-BHR-02,dioxide,2026-07-01,2026-07-31,473.08,v1
1.0.0,True,nakshatra-synthetic-v1,2026-10-07T20:37:11.250386,MOIL-BHR-02,ferro_manganese,2026-08-01,2026-08-31,3805.76,v1
1.0.0,True,nakshatra-synthetic-v1,2026-10-07T20:37:11.250388,MOIL-BHR-02,silico_manganese,2026-08-01,2026-08-31,7307.06,v1
1.0.0,True,nakshatra-synthetic-v1,2026-10-07T20:37:11.250389,MOIL-BHR-02,blast_furnace,2026-08-01,2026-08-31,3653.53,v1
1.0.0,True,nakshatra-synthetic-v1,2026-10-07T20:37:11.250391,MOIL-BHR-02,dioxide,2026-08-01,2026-08-31,456.69,v1
1.0.0,True,nakshatra-synthetic-v1,2026-10-07T20:37:11.250394,MOIL-BHR-02,ferro_manganese,2026-09-01,2026-09-30,3955.96,v1
1.0.0,True,nakshatra-synthetic-v1,2026-10-07T20:37:11.250396,MOIL-BHR-02,silico_manganese,2026-09-01,2026-09-30,7595.45,v1
1.0.0,True,nakshatra-synthetic-v1,2026-10-07T20:37:11.250398,MOIL-BHR-02,blast_furnace,2026-09-01,2026-09-30,3797.72,v1
1.0.0,True,nakshatra-synthetic-v1,2026-10-07T20:37:11.250399,MOIL-BHR-02,dioxide,2026-09-01,2026-09-30,474.72,v1
1.0.0,True,nakshatra-synthetic-v1,2026-10-07T20:37:11.250403,MOIL-BHR-02,ferro_manganese,2026-10-01,2026-10-31,4224.22,v1
1.0.0,True,nakshatra-synthetic-v1,2026-10-07T20:37:11.250405,MOIL-BHR-02,silico_manganese,2026-10-01,2026-10-31,8110.5,v1
1.0.0,True,nakshatra-synthetic-v1,2026-10-07T20:37:11.250406,MOIL-BHR-02,blast_furnace,2026-10-01,2026-10-31,4055.25,v1
1.0.0,True,nakshatra-synthetic-v1,2026-10-07T20:37:11.250408,MOIL-BHR-02,dioxide,2026-10-01,2026-10-31,506.91,v1
1.0.0,True,nakshatra-synthetic-v1,2026-10-07T20:37:11.250411,MOIL-BHR-02,ferro_manganese,2026-11-01,2026-11-30,4161.51,v1
1.0.0,True,nakshatra-synthetic-v1,2026-10-07T20:37:11.250413,MOIL-BHR-02,silico_manganese,2026-11-01,2026-11-30,7990.09,v1
1.0.0,True,nakshatra-synthetic-v1,2026-10-07T20:37:11.250415,MOIL-BHR-02,blast_furnace,2026-11-01,2026-11-30,3995.05,v1
1.0.0,True,nakshatra-synthetic-v1,2026-10-07T20:37:11.250416,MOIL-BHR-02,dioxide,2026-11-01,2026-11-30,499.38,v1
1.0.0,True,nakshatra-synthetic-v1,2026-10-07T20:37:11.250420,MOIL-BHR-02,ferro_manganese,2026-12-01,2026-12-31,4264.4,v1
1.0.0,True,nakshatra-synthetic-v1,2026-10-07T20:37:11.250422,MOIL-BHR-02,silico_manganese,2026-12-01,2026-12-31,8187.65,v1
1.0.0,True,nakshatra-synthetic-v1,2026-10-07T20:37:11.250424,MOIL-BHR-02,blast_furnace,2026-12-01,2026-12-31,4093.83,v1
1.0.0,True,nakshatra-synthetic-v1,2026-10-07T20:37:11.250426,MOIL-BHR-02,dioxide,2026-12-01,2026-12-31,511.73,v1
1.0.0,True,nakshatra-synthetic-v1,2026-10-07T20:37:11.250430,MOIL-BHR-02,ferro_manganese,2027-01-01,2027-01-31,4174.42,v1
1.0.0,True,nakshatra-synthetic-v1,2026-10-07T20:37:11.250432,MOIL-BHR-02,silico_manganese,2027-01-01,2027-01-31,8014.89,v1
1.0.0,True,nakshatra-synthetic-v1,2026-10-07T20:37:11.250434,MOIL-BHR-02,blast_furnace,2027-01-01,2027-01-31,4007.45,v1
1.0.0,True,nakshatra-synthetic-v1,2026-10-07T20:37:11.250436,MOIL-BHR-02,dioxide,2027-01-01,2027-01-31,500.93,v1
1.0.0,True,nakshatra-synthetic-v1,2026-10-07T20:37:11.250441,MOIL-UKW-03,ferro_manganese,2023-10-01,2023-10-31,1727.07,v1
1.0.0,True,nakshatra-synthetic-v1,2026-10-07T20:37:11.250443,MOIL-UKW-03,silico_manganese,2023-10-01,2023-10-31,4317.66,v1
1.0.0,True,nakshatra-synthetic-v1,2026-10-07T20:37:11.250444,MOIL-UKW-03,blast_furnace,2023-10-01,2023-10-31,2590.6,v1
1.0.0,True,nakshatra-synthetic-v1,2026-10-07T20:37:11.250448,MOIL-UKW-03,ferro_manganese,2023-11-01,2023-11-30,1637.69,v1
1.0.0,True,nakshatra-synthetic-v1,2026-10-07T20:37:11.250451,MOIL-UKW-03,silico_manganese,2023-11-01,2023-11-30,4094.22,v1
1.0.0,True,nakshatra-synthetic-v1,2026-10-07T20:37:11.250453,MOIL-UKW-03,blast_furnace,2023-11-01,2023-11-30,2456.53,v1
1.0.0,True,nakshatra-synthetic-v1,2026-10-07T20:37:11.250456,MOIL-UKW-03,ferro_manganese,2023-12-01,2023-12-31,1722.85,v1
1.0.0,True,nakshatra-synthetic-v1,2026-10-07T20:37:11.250458,MOIL-UKW-03,silico_manganese,2023-12-01,2023-12-31,4307.13,v1
1.0.0,True,nakshatra-synthetic-v1,2026-10-07T20:37:11.250460,MOIL-UKW-03,blast_furnace,2023-12-01,2023-12-31,2584.28,v1
1.0.0,True,nakshatra-synthetic-v1,2026-10-07T20:37:11.250464,MOIL-UKW-03,ferro_manganese,2024-01-01,2024-01-31,1711.66,v1
1.0.0,True,nakshatra-synthetic-v1,2026-10-07T20:37:11.250465,MOIL-UKW-03,silico_manganese,2024-01-01,2024-01-31,4279.15,v1
1.0.0,True,nakshatra-synthetic-v1,2026-10-07T20:37:11.250467,MOIL-UKW-03,blast_furnace,2024-01-01,2024-01-31,2567.49,v1
1.0.0,True,nakshatra-synthetic-v1,2026-10-07T20:37:11.250471,MOIL-UKW-03,ferro_manganese,2024-02-01,2024-02-29,1592.07,v1
1.0.0,True,nakshatra-synthetic-v1,2026-10-07T20:37:11.250472,MOIL-UKW-03,silico_manganese,2024-02-01,2024-02-29,3980.17,v1
1.0.0,True,nakshatra-synthetic-v1,2026-10-07T20:37:11.250474,MOIL-UKW-03,blast_furnace,2024-02-01,2024-02-29,2388.1,v1
1.0.0,True,nakshatra-synthetic-v1,2026-10-07T20:37:11.250478,MOIL-UKW-03,ferro_manganese,2024-03-01,2024-03-31,1699.17,v1
1.0.0,True,nakshatra-synthetic-v1,2026-10-07T20:37:11.250480,MOIL-UKW-03,silico_manganese,2024-03-01,2024-03-31,4247.94,v1
1.0.0,True,nakshatra-synthetic-v1,2026-10-07T20:37:11.250482,MOIL-UKW-03,blast_furnace,2024-03-01,2024-03-31,2548.76,v1
1.0.0,True,nakshatra-synthetic-v1,2026-10-07T20:37:11.250486,MOIL-UKW-03,ferro_manganese,2024-04-01,2024-04-30,1674.0,v1
1.0.0,True,nakshatra-synthetic-v1,2026-10-07T20:37:11.250487,MOIL-UKW-03,silico_manganese,2024-04-01,2024-04-30,4185.0,v1
1.0.0,True,nakshatra-synthetic-v1,2026-10-07T20:37:11.250489,MOIL-UKW-03,blast_furnace,2024-04-01,2024-04-30,2511.0,v1
1.0.0,True,nakshatra-synthetic-v1,2026-10-07T20:37:11.250494,MOIL-UKW-03,ferro_manganese,2024-05-01,2024-05-31,1609.05,v1
1.0.0,True,nakshatra-synthetic-v1,2026-10-07T20:37:11.250495,MOIL-UKW-03,silico_manganese,2024-05-01,2024-05-31,4022.64,v1
1.0.0,True,nakshatra-synthetic-v1,2026-10-07T20:37:11.250497,MOIL-UKW-03,blast_furnace,2024-05-01,2024-05-31,2413.58,v1
1.0.0,True,nakshatra-synthetic-v1,2026-10-07T20:37:11.250501,MOIL-UKW-03,ferro_manganese,2024-06-01,2024-06-30,1585.26,v1
1.0.0,True,nakshatra-synthetic-v1,2026-10-07T20:37:11.250502,MOIL-UKW-03,silico_manganese,2024-06-01,2024-06-30,3963.14,v1
1.0.0,True,nakshatra-synthetic-v1,2026-10-07T20:37:11.250504,MOIL-UKW-03,blast_furnace,2024-06-01,2024-06-30,2377.88,v1
1.0.0,True,nakshatra-synthetic-v1,2026-10-07T20:37:11.250508,MOIL-UKW-03,ferro_manganese,2024-07-01,2024-07-31,1554.42,v1
1.0.0,True,nakshatra-synthetic-v1,2026-10-07T20:37:11.250509,MOIL-UKW-03,silico_manganese,2024-07-01,2024-07-31,3886.04,v1
1.0.0,True,nakshatra-synthetic-v1,2026-10-07T20:37:11.250511,MOIL-UKW-03,blast_furnace,2024-07-01,2024-07-31,2331.63,v1
1.0.0,True,nakshatra-synthetic-v1,2026-10-07T20:37:11.250515,MOIL-UKW-03,ferro_manganese,2024-08-01,2024-08-31,1605.03,v1
1.0.0,True,nakshatra-synthetic-v1,2026-10-07T20:37:11.250516,MOIL-UKW-03,silico_manganese,2024-08-01,2024-08-31,4012.57,v1
1.0.0,True,nakshatra-synthetic-v1,2026-10-07T20:37:11.250518,MOIL-UKW-03,blast_furnace,2024-08-01,2024-08-31,2407.54,v1
1.0.0,True,nakshatra-synthetic-v1,2026-10-07T20:37:11.250522,MOIL-UKW-03,ferro_manganese,2024-09-01,2024-09-30,1622.63,v1
1.0.0,True,nakshatra-synthetic-v1,2026-10-07T20:37:11.250524,MOIL-UKW-03,silico_manganese,2024-09-01,2024-09-30,4056.58,v1
1.0.0,True,nakshatra-synthetic-v1,2026-10-07T20:37:11.250526,MOIL-UKW-03,blast_furnace,2024-09-01,2024-09-30,2433.95,v1
1.0.0,True,nakshatra-synthetic-v1,2026-10-07T20:37:11.250530,MOIL-UKW-03,ferro_manganese,2024-10-01,2024-10-31,1741.41,v1
1.0.0,True,nakshatra-synthetic-v1,2026-10-07T20:37:11.250532,MOIL-UKW-03,silico_manganese,2024-10-01,2024-10-31,4353.53,v1
1.0.0,True,nakshatra-synthetic-v1,2026-10-07T20:37:11.250533,MOIL-UKW-03,blast_furnace,2024-10-01,2024-10-31,2612.12,v1
1.0.0,True,nakshatra-synthetic-v1,2026-10-07T20:37:11.250537,MOIL-UKW-03,ferro_manganese,2024-11-01,2024-11-30,1671.13,v1
1.0.0,True,nakshatra-synthetic-v1,2026-10-07T20:37:11.250539,MOIL-UKW-03,silico_manganese,2024-11-01,2024-11-30,4177.83,v1
1.0.0,True,nakshatra-synthetic-v1,2026-10-07T20:37:11.250540,MOIL-UKW-03,blast_furnace,2024-11-01,2024-11-30,2506.7,v1
1.0.0,True,nakshatra-synthetic-v1,2026-10-07T20:37:11.250544,MOIL-UKW-03,ferro_manganese,2024-12-01,2024-12-31,1745.06,v1
1.0.0,True,nakshatra-synthetic-v1,2026-10-07T20:37:11.250546,MOIL-UKW-03,silico_manganese,2024-12-01,2024-12-31,4362.64,v1
1.0.0,True,nakshatra-synthetic-v1,2026-10-07T20:37:11.250547,MOIL-UKW-03,blast_furnace,2024-12-01,2024-12-31,2617.58,v1
1.0.0,True,nakshatra-synthetic-v1,2026-10-07T20:37:11.250551,MOIL-UKW-03,ferro_manganese,2025-01-01,2025-01-31,1775.27,v1
1.0.0,True,nakshatra-synthetic-v1,2026-10-07T20:37:11.250553,MOIL-UKW-03,silico_manganese,2025-01-01,2025-01-31,4438.18,v1
1.0.0,True,nakshatra-synthetic-v1,2026-10-07T20:37:11.250554,MOIL-UKW-03,blast_furnace,2025-01-01,2025-01-31,2662.91,v1
1.0.0,True,nakshatra-synthetic-v1,2026-10-07T20:37:11.250558,MOIL-UKW-03,ferro_manganese,2025-02-01,2025-02-28,1616.53,v1
1.0.0,True,nakshatra-synthetic-v1,2026-10-07T20:37:11.250560,MOIL-UKW-03,silico_manganese,2025-02-01,2025-02-28,4041.33,v1
1.0.0,True,nakshatra-synthetic-v1,2026-10-07T20:37:11.250561,MOIL-UKW-03,blast_furnace,2025-02-01,2025-02-28,2424.8,v1
1.0.0,True,nakshatra-synthetic-v1,2026-10-07T20:37:11.250565,MOIL-UKW-03,ferro_manganese,2025-03-01,2025-03-31,1766.95,v1
1.0.0,True,nakshatra-synthetic-v1,2026-10-07T20:37:11.250566,MOIL-UKW-03,silico_manganese,2025-03-01,2025-03-31,4417.37,v1
1.0.0,True,nakshatra-synthetic-v1,2026-10-07T20:37:11.250568,MOIL-UKW-03,blast_furnace,2025-03-01,2025-03-31,2650.42,v1
1.0.0,True,nakshatra-synthetic-v1,2026-10-07T20:37:11.250571,MOIL-UKW-03,ferro_manganese,2025-04-01,2025-04-30,1668.47,v1
1.0.0,True,nakshatra-synthetic-v1,2026-10-07T20:37:11.250573,MOIL-UKW-03,silico_manganese,2025-04-01,2025-04-30,4171.18,v1
1.0.0,True,nakshatra-synthetic-v1,2026-10-07T20:37:11.250575,MOIL-UKW-03,blast_furnace,2025-04-01,2025-04-30,2502.71,v1
1.0.0,True,nakshatra-synthetic-v1,2026-10-07T20:37:11.250578,MOIL-UKW-03,ferro_manganese,2025-05-01,2025-05-31,1645.05,v1
1.0.0,True,nakshatra-synthetic-v1,2026-10-07T20:37:11.250580,MOIL-UKW-03,silico_manganese,2025-05-01,2025-05-31,4112.63,v1
1.0.0,True,nakshatra-synthetic-v1,2026-10-07T20:37:11.250582,MOIL-UKW-03,blast_furnace,2025-05-01,2025-05-31,2467.58,v1
1.0.0,True,nakshatra-synthetic-v1,2026-10-07T20:37:11.250585,MOIL-UKW-03,ferro_manganese,2025-06-01,2025-06-30,1520.72,v1
1.0.0,True,nakshatra-synthetic-v1,2026-10-07T20:37:11.250587,MOIL-UKW-03,silico_manganese,2025-06-01,2025-06-30,3801.81,v1
1.0.0,True,nakshatra-synthetic-v1,2026-10-07T20:37:11.250588,MOIL-UKW-03,blast_furnace,2025-06-01,2025-06-30,2281.09,v1
1.0.0,True,nakshatra-synthetic-v1,2026-10-07T20:37:11.250592,MOIL-UKW-03,ferro_manganese,2025-07-01,2025-07-31,1595.98,v1
1.0.0,True,nakshatra-synthetic-v1,2026-10-07T20:37:11.250594,MOIL-UKW-03,silico_manganese,2025-07-01,2025-07-31,3989.94,v1
1.0.0,True,nakshatra-synthetic-v1,2026-10-07T20:37:11.250595,MOIL-UKW-03,blast_furnace,2025-07-01,2025-07-31,2393.97,v1
1.0.0,True,nakshatra-synthetic-v1,2026-10-07T20:37:11.250600,MOIL-UKW-03,ferro_manganese,2025-08-01,2025-08-31,1698.72,v1
1.0.0,True,nakshatra-synthetic-v1,2026-10-07T20:37:11.250602,MOIL-UKW-03,silico_manganese,2025-08-01,2025-08-31,4246.8,v1
1.0.0,True,nakshatra-synthetic-v1,2026-10-07T20:37:11.250604,MOIL-UKW-03,blast_furnace,2025-08-01,2025-08-31,2548.08,v1
1.0.0,True,nakshatra-synthetic-v1,2026-10-07T20:37:11.250607,MOIL-UKW-03,ferro_manganese,2025-09-01,2025-09-30,1691.74,v1
1.0.0,True,nakshatra-synthetic-v1,2026-10-07T20:37:11.250609,MOIL-UKW-03,silico_manganese,2025-09-01,2025-09-30,4229.34,v1
1.0.0,True,nakshatra-synthetic-v1,2026-10-07T20:37:11.250612,MOIL-UKW-03,blast_furnace,2025-09-01,2025-09-30,2537.61,v1
1.0.0,True,nakshatra-synthetic-v1,2026-10-07T20:37:11.250616,MOIL-UKW-03,ferro_manganese,2025-10-01,2025-10-31,1743.44,v1
1.0.0,True,nakshatra-synthetic-v1,2026-10-07T20:37:11.250617,MOIL-UKW-03,silico_manganese,2025-10-01,2025-10-31,4358.6,v1
1.0.0,True,nakshatra-synthetic-v1,2026-10-07T20:37:11.250619,MOIL-UKW-03,blast_furnace,2025-10-01,2025-10-31,2615.16,v1
1.0.0,True,nakshatra-synthetic-v1,2026-10-07T20:37:11.250624,MOIL-UKW-03,ferro_manganese,2025-11-01,2025-11-30,1702.89,v1
1.0.0,True,nakshatra-synthetic-v1,2026-10-07T20:37:11.250626,MOIL-UKW-03,silico_manganese,2025-11-01,2025-11-30,4257.22,v1
1.0.0,True,nakshatra-synthetic-v1,2026-10-07T20:37:11.250627,MOIL-UKW-03,blast_furnace,2025-11-01,2025-11-30,2554.33,v1
1.0.0,True,nakshatra-synthetic-v1,2026-10-07T20:37:11.250631,MOIL-UKW-03,ferro_manganese,2025-12-01,2025-12-31,1709.75,v1
1.0.0,True,nakshatra-synthetic-v1,2026-10-07T20:37:11.250632,MOIL-UKW-03,silico_manganese,2025-12-01,2025-12-31,4274.39,v1
1.0.0,True,nakshatra-synthetic-v1,2026-10-07T20:37:11.250634,MOIL-UKW-03,blast_furnace,2025-12-01,2025-12-31,2564.63,v1
1.0.0,True,nakshatra-synthetic-v1,2026-10-07T20:37:11.250638,MOIL-UKW-03,ferro_manganese,2026-01-01,2026-01-31,1816.38,v1
1.0.0,True,nakshatra-synthetic-v1,2026-10-07T20:37:11.250640,MOIL-UKW-03,silico_manganese,2026-01-01,2026-01-31,4540.94,v1
1.0.0,True,nakshatra-synthetic-v1,2026-10-07T20:37:11.250641,MOIL-UKW-03,blast_furnace,2026-01-01,2026-01-31,2724.56,v1
1.0.0,True,nakshatra-synthetic-v1,2026-10-07T20:37:11.250645,MOIL-UKW-03,ferro_manganese,2026-02-01,2026-02-28,1573.75,v1
1.0.0,True,nakshatra-synthetic-v1,2026-10-07T20:37:11.250647,MOIL-UKW-03,silico_manganese,2026-02-01,2026-02-28,3934.38,v1
1.0.0,True,nakshatra-synthetic-v1,2026-10-07T20:37:11.250648,MOIL-UKW-03,blast_furnace,2026-02-01,2026-02-28,2360.63,v1
1.0.0,True,nakshatra-synthetic-v1,2026-10-07T20:37:11.250652,MOIL-UKW-03,ferro_manganese,2026-03-01,2026-03-31,1766.88,v1
1.0.0,True,nakshatra-synthetic-v1,2026-10-07T20:37:11.250654,MOIL-UKW-03,silico_manganese,2026-03-01,2026-03-31,4417.19,v1
1.0.0,True,nakshatra-synthetic-v1,2026-10-07T20:37:11.250655,MOIL-UKW-03,blast_furnace,2026-03-01,2026-03-31,2650.32,v1
1.0.0,True,nakshatra-synthetic-v1,2026-10-07T20:37:11.250660,MOIL-UKW-03,ferro_manganese,2026-04-01,2026-04-30,1699.81,v1
1.0.0,True,nakshatra-synthetic-v1,2026-10-07T20:37:11.250662,MOIL-UKW-03,silico_manganese,2026-04-01,2026-04-30,4249.53,v1
1.0.0,True,nakshatra-synthetic-v1,2026-10-07T20:37:11.250664,MOIL-UKW-03,blast_furnace,2026-04-01,2026-04-30,2549.72,v1
1.0.0,True,nakshatra-synthetic-v1,2026-10-07T20:37:11.250668,MOIL-UKW-03,ferro_manganese,2026-05-01,2026-05-31,1709.83,v1
1.0.0,True,nakshatra-synthetic-v1,2026-10-07T20:37:11.250669,MOIL-UKW-03,silico_manganese,2026-05-01,2026-05-31,4274.58,v1
1.0.0,True,nakshatra-synthetic-v1,2026-10-07T20:37:11.250671,MOIL-UKW-03,blast_furnace,2026-05-01,2026-05-31,2564.75,v1
1.0.0,True,nakshatra-synthetic-v1,2026-10-07T20:37:11.250675,MOIL-UKW-03,ferro_manganese,2026-06-01,2026-06-30,1604.62,v1
1.0.0,True,nakshatra-synthetic-v1,2026-10-07T20:37:11.250678,MOIL-UKW-03,silico_manganese,2026-06-01,2026-06-30,4011.54,v1
1.0.0,True,nakshatra-synthetic-v1,2026-10-07T20:37:11.250679,MOIL-UKW-03,blast_furnace,2026-06-01,2026-06-30,2406.93,v1
1.0.0,True,nakshatra-synthetic-v1,2026-10-07T20:37:11.250683,MOIL-UKW-03,ferro_manganese,2026-07-01,2026-07-31,1572.15,v1
1.0.0,True,nakshatra-synthetic-v1,2026-10-07T20:37:11.250685,MOIL-UKW-03,silico_manganese,2026-07-01,2026-07-31,3930.38,v1
1.0.0,True,nakshatra-synthetic-v1,2026-10-07T20:37:11.250686,MOIL-UKW-03,blast_furnace,2026-07-01,2026-07-31,2358.23,v1
1.0.0,True,nakshatra-synthetic-v1,2026-10-07T20:37:11.250691,MOIL-UKW-03,ferro_manganese,2026-08-01,2026-08-31,1604.5,v1
1.0.0,True,nakshatra-synthetic-v1,2026-10-07T20:37:11.250693,MOIL-UKW-03,silico_manganese,2026-08-01,2026-08-31,4011.25,v1
1.0.0,True,nakshatra-synthetic-v1,2026-10-07T20:37:11.250694,MOIL-UKW-03,blast_furnace,2026-08-01,2026-08-31,2406.75,v1
1.0.0,True,nakshatra-synthetic-v1,2026-10-07T20:37:11.250698,MOIL-UKW-03,ferro_manganese,2026-09-01,2026-09-30,1629.95,v1
1.0.0,True,nakshatra-synthetic-v1,2026-10-07T20:37:11.250700,MOIL-UKW-03,silico_manganese,2026-09-01,2026-09-30,4074.88,v1
1.0.0,True,nakshatra-synthetic-v1,2026-10-07T20:37:11.250701,MOIL-UKW-03,blast_furnace,2026-09-01,2026-09-30,2444.93,v1
1.0.0,True,nakshatra-synthetic-v1,2026-10-07T20:37:11.250705,MOIL-UKW-03,ferro_manganese,2026-10-01,2026-10-31,1719.42,v1
1.0.0,True,nakshatra-synthetic-v1,2026-10-07T20:37:11.250707,MOIL-UKW-03,silico_manganese,2026-10-01,2026-10-31,4298.55,v1
1.0.0,True,nakshatra-synthetic-v1,2026-10-07T20:37:11.250708,MOIL-UKW-03,blast_furnace,2026-10-01,2026-10-31,2579.13,v1
1.0.0,True,nakshatra-synthetic-v1,2026-10-07T20:37:11.250712,MOIL-UKW-03,ferro_manganese,2026-11-01,2026-11-30,1764.04,v1
1.0.0,True,nakshatra-synthetic-v1,2026-10-07T20:37:11.250713,MOIL-UKW-03,silico_manganese,2026-11-01,2026-11-30,4410.1,v1
1.0.0,True,nakshatra-synthetic-v1,2026-10-07T20:37:11.250715,MOIL-UKW-03,blast_furnace,2026-11-01,2026-11-30,2646.06,v1
1.0.0,True,nakshatra-synthetic-v1,2026-10-07T20:37:11.250719,MOIL-UKW-03,ferro_manganese,2026-12-01,2026-12-31,1810.03,v1
1.0.0,True,nakshatra-synthetic-v1,2026-10-07T20:37:11.250720,MOIL-UKW-03,silico_manganese,2026-12-01,2026-12-31,4525.06,v1
1.0.0,True,nakshatra-synthetic-v1,2026-10-07T20:37:11.250722,MOIL-UKW-03,blast_furnace,2026-12-01,2026-12-31,2715.04,v1
1.0.0,True,nakshatra-synthetic-v1,2026-10-07T20:37:11.250725,MOIL-UKW-03,ferro_manganese,2027-01-01,2027-01-31,1809.31,v1
1.0.0,True,nakshatra-synthetic-v1,2026-10-07T20:37:11.250727,MOIL-UKW-03,silico_manganese,2027-01-01,2027-01-31,4523.26,v1
1.0.0,True,nakshatra-synthetic-v1,2026-10-07T20:37:11.250729,MOIL-UKW-03,blast_furnace,2027-01-01,2027-01-31,2713.96,v1
1.0.0,True,nakshatra-synthetic-v1,2026-10-07T20:37:11.250733,MOIL-TIR-04,ferro_manganese,2023-10-01,2023-10-31,1696.84,v1
1.0.0,True,nakshatra-synthetic-v1,2026-10-07T20:37:11.250735,MOIL-TIR-04,silico_manganese,2023-10-01,2023-10-31,4901.98,v1
1.0.0,True,nakshatra-synthetic-v1,2026-10-07T20:37:11.250737,MOIL-TIR-04,blast_furnace,2023-10-01,2023-10-31,2828.06,v1
1.0.0,True,nakshatra-synthetic-v1,2026-10-07T20:37:11.250740,MOIL-TIR-04,ferro_manganese,2023-11-01,2023-11-30,1669.42,v1
1.0.0,True,nakshatra-synthetic-v1,2026-10-07T20:37:11.250742,MOIL-TIR-04,silico_manganese,2023-11-01,2023-11-30,4822.76,v1
1.0.0,True,nakshatra-synthetic-v1,2026-10-07T20:37:11.250744,MOIL-TIR-04,blast_furnace,2023-11-01,2023-11-30,2782.36,v1
1.0.0,True,nakshatra-synthetic-v1,2026-10-07T20:37:11.250747,MOIL-TIR-04,ferro_manganese,2023-12-01,2023-12-31,1714.3,v1
1.0.0,True,nakshatra-synthetic-v1,2026-10-07T20:37:11.250749,MOIL-TIR-04,silico_manganese,2023-12-01,2023-12-31,4952.42,v1
1.0.0,True,nakshatra-synthetic-v1,2026-10-07T20:37:11.250752,MOIL-TIR-04,blast_furnace,2023-12-01,2023-12-31,2857.17,v1
1.0.0,True,nakshatra-synthetic-v1,2026-10-07T20:37:11.250755,MOIL-TIR-04,ferro_manganese,2024-01-01,2024-01-31,1749.47,v1
1.0.0,True,nakshatra-synthetic-v1,2026-10-07T20:37:11.250757,MOIL-TIR-04,silico_manganese,2024-01-01,2024-01-31,5054.03,v1
1.0.0,True,nakshatra-synthetic-v1,2026-10-07T20:37:11.250759,MOIL-TIR-04,blast_furnace,2024-01-01,2024-01-31,2915.78,v1
1.0.0,True,nakshatra-synthetic-v1,2026-10-07T20:37:11.250762,MOIL-TIR-04,ferro_manganese,2024-02-01,2024-02-29,1613.01,v1
1.0.0,True,nakshatra-synthetic-v1,2026-10-07T20:37:11.250764,MOIL-TIR-04,silico_manganese,2024-02-01,2024-02-29,4659.8,v1
1.0.0,True,nakshatra-synthetic-v1,2026-10-07T20:37:11.250765,MOIL-TIR-04,blast_furnace,2024-02-01,2024-02-29,2688.35,v1
1.0.0,True,nakshatra-synthetic-v1,2026-10-07T20:37:11.250769,MOIL-TIR-04,ferro_manganese,2024-03-01,2024-03-31,1704.08,v1
1.0.0,True,nakshatra-synthetic-v1,2026-10-07T20:37:11.250771,MOIL-TIR-04,silico_manganese,2024-03-01,2024-03-31,4922.91,v1
1.0.0,True,nakshatra-synthetic-v1,2026-10-07T20:37:11.250773,MOIL-TIR-04,blast_furnace,2024-03-01,2024-03-31,2840.14,v1
1.0.0,True,nakshatra-synthetic-v1,2026-10-07T20:37:11.250776,MOIL-TIR-04,ferro_manganese,2024-04-01,2024-04-30,1657.78,v1
1.0.0,True,nakshatra-synthetic-v1,2026-10-07T20:37:11.250778,MOIL-TIR-04,silico_manganese,2024-04-01,2024-04-30,4789.15,v1
1.0.0,True,nakshatra-synthetic-v1,2026-10-07T20:37:11.250779,MOIL-TIR-04,blast_furnace,2024-04-01,2024-04-30,2762.97,v1
1.0.0,True,nakshatra-synthetic-v1,2026-10-07T20:37:11.250783,MOIL-TIR-04,ferro_manganese,2024-05-01,2024-05-31,1661.63,v1
1.0.0,True,nakshatra-synthetic-v1,2026-10-07T20:37:11.250785,MOIL-TIR-04,silico_manganese,2024-05-01,2024-05-31,4800.25,v1
1.0.0,True,nakshatra-synthetic-v1,2026-10-07T20:37:11.250787,MOIL-TIR-04,blast_furnace,2024-05-01,2024-05-31,2769.38,v1
1.0.0,True,nakshatra-synthetic-v1,2026-10-07T20:37:11.250791,MOIL-TIR-04,ferro_manganese,2024-06-01,2024-06-30,1554.79,v1
1.0.0,True,nakshatra-synthetic-v1,2026-10-07T20:37:11.250793,MOIL-TIR-04,silico_manganese,2024-06-01,2024-06-30,4491.61,v1
1.0.0,True,nakshatra-synthetic-v1,2026-10-07T20:37:11.250795,MOIL-TIR-04,blast_furnace,2024-06-01,2024-06-30,2591.31,v1
1.0.0,True,nakshatra-synthetic-v1,2026-10-07T20:37:11.250798,MOIL-TIR-04,ferro_manganese,2024-07-01,2024-07-31,1583.79,v1
1.0.0,True,nakshatra-synthetic-v1,2026-10-07T20:37:11.250800,MOIL-TIR-04,silico_manganese,2024-07-01,2024-07-31,4575.38,v1
1.0.0,True,nakshatra-synthetic-v1,2026-10-07T20:37:11.250802,MOIL-TIR-04,blast_furnace,2024-07-01,2024-07-31,2639.65,v1
1.0.0,True,nakshatra-synthetic-v1,2026-10-07T20:37:11.250805,MOIL-TIR-04,ferro_manganese,2024-08-01,2024-08-31,1567.34,v1
1.0.0,True,nakshatra-synthetic-v1,2026-10-07T20:37:11.250807,MOIL-TIR-04,silico_manganese,2024-08-01,2024-08-31,4527.86,v1
1.0.0,True,nakshatra-synthetic-v1,2026-10-07T20:37:11.250808,MOIL-TIR-04,blast_furnace,2024-08-01,2024-08-31,2612.23,v1
1.0.0,True,nakshatra-synthetic-v1,2026-10-07T20:37:11.250817,MOIL-TIR-04,ferro_manganese,2024-09-01,2024-09-30,1609.17,v1
1.0.0,True,nakshatra-synthetic-v1,2026-10-07T20:37:11.250819,MOIL-TIR-04,silico_manganese,2024-09-01,2024-09-30,4648.71,v1
1.0.0,True,nakshatra-synthetic-v1,2026-10-07T20:37:11.250820,MOIL-TIR-04,blast_furnace,2024-09-01,2024-09-30,2681.95,v1
1.0.0,True,nakshatra-synthetic-v1,2026-10-07T20:37:11.250824,MOIL-TIR-04,ferro_manganese,2024-10-01,2024-10-31,1716.79,v1
1.0.0,True,nakshatra-synthetic-v1,2026-10-07T20:37:11.250825,MOIL-TIR-04,silico_manganese,2024-10-01,2024-10-31,4959.62,v1
1.0.0,True,nakshatra-synthetic-v1,2026-10-07T20:37:11.250827,MOIL-TIR-04,blast_furnace,2024-10-01,2024-10-31,2861.32,v1
1.0.0,True,nakshatra-synthetic-v1,2026-10-07T20:37:11.250832,MOIL-TIR-04,ferro_manganese,2024-11-01,2024-11-30,1700.85,v1
1.0.0,True,nakshatra-synthetic-v1,2026-10-07T20:37:11.250833,MOIL-TIR-04,silico_manganese,2024-11-01,2024-11-30,4913.57,v1
1.0.0,True,nakshatra-synthetic-v1,2026-10-07T20:37:11.250835,MOIL-TIR-04,blast_furnace,2024-11-01,2024-11-30,2834.75,v1
1.0.0,True,nakshatra-synthetic-v1,2026-10-07T20:37:11.250839,MOIL-TIR-04,ferro_manganese,2024-12-01,2024-12-31,1716.84,v1
1.0.0,True,nakshatra-synthetic-v1,2026-10-07T20:37:11.250840,MOIL-TIR-04,silico_manganese,2024-12-01,2024-12-31,4959.75,v1
1.0.0,True,nakshatra-synthetic-v1,2026-10-07T20:37:11.250842,MOIL-TIR-04,blast_furnace,2024-12-01,2024-12-31,2861.39,v1
1.0.0,True,nakshatra-synthetic-v1,2026-10-07T20:37:11.250846,MOIL-TIR-04,ferro_manganese,2025-01-01,2025-01-31,1774.75,v1
1.0.0,True,nakshatra-synthetic-v1,2026-10-07T20:37:11.250847,MOIL-TIR-04,silico_manganese,2025-01-01,2025-01-31,5127.04,v1
1.0.0,True,nakshatra-synthetic-v1,2026-10-07T20:37:11.250849,MOIL-TIR-04,blast_furnace,2025-01-01,2025-01-31,2957.91,v1
1.0.0,True,nakshatra-synthetic-v1,2026-10-07T20:37:11.250852,MOIL-TIR-04,ferro_manganese,2025-02-01,2025-02-28,1608.84,v1
1.0.0,True,nakshatra-synthetic-v1,2026-10-07T20:37:11.250854,MOIL-TIR-04,silico_manganese,2025-02-01,2025-02-28,4647.75,v1
1.0.0,True,nakshatra-synthetic-v1,2026-10-07T20:37:11.250856,MOIL-TIR-04,blast_furnace,2025-02-01,2025-02-28,2681.39,v1
1.0.0,True,nakshatra-synthetic-v1,2026-10-07T20:37:11.250859,MOIL-TIR-04,ferro_manganese,2025-03-01,2025-03-31,1726.87,v1
1.0.0,True,nakshatra-synthetic-v1,2026-10-07T20:37:11.250861,MOIL-TIR-04,silico_manganese,2025-03-01,2025-03-31,4988.72,v1
1.0.0,True,nakshatra-synthetic-v1,2026-10-07T20:37:11.250863,MOIL-TIR-04,blast_furnace,2025-03-01,2025-03-31,2878.11,v1
1.0.0,True,nakshatra-synthetic-v1,2026-10-07T20:37:11.250866,MOIL-TIR-04,ferro_manganese,2025-04-01,2025-04-30,1673.9,v1
1.0.0,True,nakshatra-synthetic-v1,2026-10-07T20:37:11.250868,MOIL-TIR-04,silico_manganese,2025-04-01,2025-04-30,4835.7,v1
1.0.0,True,nakshatra-synthetic-v1,2026-10-07T20:37:11.250869,MOIL-TIR-04,blast_furnace,2025-04-01,2025-04-30,2789.83,v1
1.0.0,True,nakshatra-synthetic-v1,2026-10-07T20:37:11.250873,MOIL-TIR-04,ferro_manganese,2025-05-01,2025-05-31,1735.12,v1
1.0.0,True,nakshatra-synthetic-v1,2026-10-07T20:37:11.250874,MOIL-TIR-04,silico_manganese,2025-05-01,2025-05-31,5012.56,v1
1.0.0,True,nakshatra-synthetic-v1,2026-10-07T20:37:11.250876,MOIL-TIR-04,blast_furnace,2025-05-01,2025-05-31,2891.86,v1
