contract_version,is_synthetic,source,ingested_at,mine_code,grade,period_start,period_end,tonnes,mine_type,period_grain,operating_hours
1.0.0,True,nakshatra-synthetic-v1,2026-09-30T19:06:56.804092,MOIL-BAL-01,ferro_manganese,2023-09-21,2023-09-21,237.87,underground,daily,24.0
1.0.0,True,nakshatra-synthetic-v1,2026-09-30T19:06:56.804114,MOIL-BAL-01,silico_manganese,2023-09-21,2023-09-21,345.32,underground,daily,20.3
1.0.0,True,nakshatra-synthetic-v1,2026-09-30T19:06:56.804122,MOIL-BAL-01,blast_furnace,2023-09-21,2023-09-21,152.6,underground,daily,20.8
1.0.0,True,nakshatra-synthetic-v1,2026-09-30T19:06:56.804127,MOIL-BAL-01,dioxide,2023-09-21,2023-09-21,35.41,underground,daily,23.5
1.0.0,True,nakshatra-synthetic-v1,2026-09-30T19:06:56.804139,MOIL-BAL-01,ferro_manganese,2023-09-22,2023-09-22,232.26,underground,daily,21.5
1.0.0,True,nakshatra-synthetic-v1,2026-09-30T19:06:56.804144,MOIL-BAL-01,silico_manganese,2023-09-22,2023-09-22,346.51,underground,daily,19.4
1.0.0,True,nakshatra-synthetic-v1,2026-09-30T19:06:56.804149,MOIL-BAL-01,blast_furnace,2023-09-22,2023-09-22,151.29,underground,daily,23.2
1.0.0,True,nakshatra-synthetic-v1,2026-09-30T19:06:56.804153,MOIL-BAL-01,dioxide,2023-09-22,2023-09-22,37.84,underground,daily,20.5
1.0.0,True,nakshatra-synthetic-v1,2026-09-30T19:06:56.804161,MOIL-BAL-01,ferro_manganese,2023-09-23,2023-09-23,260.17,underground,daily,18.2
1.0.0,True,nakshatra-synthetic-v1,2026-09-30T19:06:56.804165,MOIL-BAL-01,silico_manganese,2023-09-23,2023-09-23,394.14,underground,daily,18.6
1.0.0,True,nakshatra-synthetic-v1,2026-09-30T19:06:56.804170,MOIL-BAL-01,blast_furnace,2023-09-23,2023-09-23,162.79,underground,daily,18.7
1.0.0,True,nakshatra-synthetic-v1,2026-09-30T19:06:56.804174,MOIL-BAL-01,dioxide,2023-09-23,2023-09-23,43.33,underground,daily,18.8
1.0.0,True,nakshatra-synthetic-v1,2026-09-30T19:06:56.804181,MOIL-BAL-01,ferro_manganese,2023-09-24,2023-09-24,271.57,underground,daily,18.2
1.0.0,True,nakshatra-synthetic-v1,2026-09-30T19:06:56.804186,MOIL-BAL-01,silico_manganese,2023-09-24,2023-09-24,394.27,underground,daily,19.9
1.0.0,True,nakshatra-synthetic-v1,2026-09-30T19:06:56.804191,MOIL-BAL-01,blast_furnace,2023-09-24,2023-09-24,169.32,underground,daily,20.7
1.0.0,True,nakshatra-synthetic-v1,2026-09-30T19:06:56.804196,MOIL-BAL-01,dioxide,2023-09-24,2023-09-24,44.16,underground,daily,20.8
1.0.0,True,nakshatra-synthetic-v1,2026-09-30T19:06:56.804203,MOIL-BAL-01,ferro_manganese,2023-09-25,2023-09-25,268.14,underground,daily,19.5
1.0.0,True,nakshatra-synthetic-v1,2026-09-30T19:06:56.804207,MOIL-BAL-01,silico_manganese,2023-09-25,2023-09-25,387.24,underground,daily,20.7
1.0.0,True,nakshatra-synthetic-v1,2026-09-30T19:06:56.804211,MOIL-BAL-01,blast_furnace,2023-09-25,2023-09-25,177.71,underground,daily,21.4
1.0.0,True,nakshatra-synthetic-v1,2026-09-30T19:06:56.804215,MOIL-BAL-01,dioxide,2023-09-25,2023-09-25,41.92,underground,daily,24.0
1.0.0,True,nakshatra-synthetic-v1,2026-09-30T19:06:56.804222,MOIL-BAL-01,ferro_manganese,2023-09-26,2023-09-26,249.45,underground,daily,18.5
1.0.0,True,nakshatra-synthetic-v1,2026-09-30T19:06:56.804226,MOIL-BAL-01,silico_manganese,2023-09-26,2023-09-26,371.52,underground,daily,20.0
1.0.0,True,nakshatra-synthetic-v1,2026-09-30T19:06:56.804230,MOIL-BAL-01,blast_furnace,2023-09-26,2023-09-26,162.47,underground,daily,24.0
1.0.0,True,nakshatra-synthetic-v1,2026-09-30T19:06:56.804235,MOIL-BAL-01,dioxide,2023-09-26,2023-09-26,42.22,underground,daily,19.0
1.0.0,True,nakshatra-synthetic-v1,2026-09-30T19:06:56.804241,MOIL-BAL-01,ferro_manganese,2023-09-27,2023-09-27,247.16,underground,daily,18.6
1.0.0,True,nakshatra-synthetic-v1,2026-09-30T19:06:56.804247,MOIL-BAL-01,silico_manganese,2023-09-27,2023-09-27,372.36,underground,daily,19.0
1.0.0,True,nakshatra-synthetic-v1,2026-09-30T19:06:56.804252,MOIL-BAL-01,blast_furnace,2023-09-27,2023-09-27,149.36,underground,daily,24.0
1.0.0,True,nakshatra-synthetic-v1,2026-09-30T19:06:56.804256,MOIL-BAL-01,dioxide,2023-09-27,2023-09-27,42.71,underground,daily,19.8
1.0.0,True,nakshatra-synthetic-v1,2026-09-30T19:06:56.804262,MOIL-BAL-01,ferro_manganese,2023-09-28,2023-09-28,261.64,underground,daily,16.9
1.0.0,True,nakshatra-synthetic-v1,2026-09-30T19:06:56.804267,MOIL-BAL-01,silico_manganese,2023-09-28,2023-09-28,415.92,underground,daily,17.5
1.0.0,True,nakshatra-synthetic-v1,2026-09-30T19:06:56.804271,MOIL-BAL-01,blast_furnace,2023-09-28,2023-09-28,183.88,underground,daily,22.1
1.0.0,True,nakshatra-synthetic-v1,2026-09-30T19:06:56.804275,MOIL-BAL-01,dioxide,2023-09-28,2023-09-28,44.16,underground,daily,18.0
1.0.0,True,nakshatra-synthetic-v1,2026-09-30T19:06:56.804282,MOIL-BAL-01,ferro_manganese,2023-09-29,2023-09-29,246.15,underground,daily,22.0
1.0.0,True,nakshatra-synthetic-v1,2026-09-30T19:06:56.804287,MOIL-BAL-01,silico_manganese,2023-09-29,2023-09-29,369.2,underground,daily,17.9
1.0.0,True,nakshatra-synthetic-v1,2026-09-30T19:06:56.804291,MOIL-BAL-01,blast_furnace,2023-09-29,2023-09-29,158.54,underground,daily,21.0
1.0.0,True,nakshatra-synthetic-v1,2026-09-30T19:06:56.804295,MOIL-BAL-01,dioxide,2023-09-29,2023-09-29,37.6,underground,daily,21.2
1.0.0,True,nakshatra-synthetic-v1,2026-09-30T19:06:56.804301,MOIL-BAL-01,ferro_manganese,2023-09-30,2023-09-30,212.57,underground,daily,18.5
1.0.0,True,nakshatra-synthetic-v1,2026-09-30T19:06:56.804306,MOIL-BAL-01,silico_manganese,2023-09-30,2023-09-30,315.93,underground,daily,22.6
1.0.0,True,nakshatra-synthetic-v1,2026-09-30T19:06:56.804310,MOIL-BAL-01,blast_furnace,2023-09-30,2023-09-30,144.52,underground,daily,19.4
1.0.0,True,nakshatra-synthetic-v1,2026-09-30T19:06:56.804314,MOIL-BAL-01,dioxide,2023-09-30,2023-09-30,32.82,underground,daily,21.0
1.0.0,True,nakshatra-synthetic-v1,2026-09-30T19:06:56.804320,MOIL-BAL-01,ferro_manganese,2023-10-01,2023-10-01,217.03,underground,daily,18.9
1.0.0,True,nakshatra-synthetic-v1,2026-09-30T19:06:56.804325,MOIL-BAL-01,silico_manganese,2023-10-01,2023-10-01,334.78,underground,daily,17.6
1.0.0,True,nakshatra-synthetic-v1,2026-09-30T19:06:56.804329,MOIL-BAL-01,blast_furnace,2023-10-01,2023-10-01,145.58,underground,daily,18.3
1.0.0,True,nakshatra-synthetic-v1,2026-09-30T19:06:56.804333,MOIL-BAL-01,dioxide,2023-10-01,2023-10-01,37.98,underground,daily,15.9
1.0.0,True,nakshatra-synthetic-v1,2026-09-30T19:06:56.804340,MOIL-BAL-01,ferro_manganese,2023-10-02,2023-10-02,223.63,underground,daily,19.5
1.0.0,True,nakshatra-synthetic-v1,2026-09-30T19:06:56.804344,MOIL-BAL-01,silico_manganese,2023-10-02,2023-10-02,333.04,underground,daily,19.0
1.0.0,True,nakshatra-synthetic-v1,2026-09-30T19:06:56.804348,MOIL-BAL-01,blast_furnace,2023-10-02,2023-10-02,148.35,underground,daily,16.3
1.0.0,True,nakshatra-synthetic-v1,2026-09-30T19:06:56.804352,MOIL-BAL-01,dioxide,2023-10-02,2023-10-02,34.96,underground,daily,22.9
1.0.0,True,nakshatra-synthetic-v1,2026-09-30T19:06:56.804358,MOIL-BAL-01,ferro_manganese,2023-10-03,2023-10-03,186.05,underground,daily,18.4
1.0.0,True,nakshatra-synthetic-v1,2026-09-30T19:06:56.804363,MOIL-BAL-01,silico_manganese,2023-10-03,2023-10-03,305.86,underground,daily,20.1
1.0.0,True,nakshatra-synthetic-v1,2026-09-30T19:06:56.804367,MOIL-BAL-01,blast_furnace,2023-10-03,2023-10-03,127.11,underground,daily,20.7
1.0.0,True,nakshatra-synthetic-v1,2026-09-30T19:06:56.804371,MOIL-BAL-01,dioxide,2023-10-03,2023-10-03,32.6,underground,daily,21.3
1.0.0,True,nakshatra-synthetic-v1,2026-09-30T19:06:56.804377,MOIL-BAL-01,ferro_manganese,2023-10-04,2023-10-04,252.41,underground,daily,19.8
1.0.0,True,nakshatra-synthetic-v1,2026-09-30T19:06:56.804382,MOIL-BAL-01,silico_manganese,2023-10-04,2023-10-04,368.58,underground,daily,20.3
1.0.0,True,nakshatra-synthetic-v1,2026-09-30T19:06:56.804386,MOIL-BAL-01,blast_furnace,2023-10-04,2023-10-04,165.17,underground,daily,18.8
1.0.0,True,nakshatra-synthetic-v1,2026-09-30T19:06:56.804390,MOIL-BAL-01,dioxide,2023-10-04,2023-10-04,45.31,underground,daily,18.0
1.0.0,True,nakshatra-synthetic-v1,2026-09-30T19:06:56.804396,MOIL-BAL-01,ferro_manganese,2023-10-05,2023-10-05,243.61,underground,daily,18.2
1.0.0,True,nakshatra-synthetic-v1,2026-09-30T19:06:56.804401,MOIL-BAL-01,silico_manganese,2023-10-05,2023-10-05,386.15,underground,daily,23.4
1.0.0,True,nakshatra-synthetic-v1,2026-09-30T19:06:56.804405,MOIL-BAL-01,blast_furnace,2023-10-05,2023-10-05,157.03,underground,daily,20.9
1.0.0,True,nakshatra-synthetic-v1,2026-09-30T19:06:56.804409,MOIL-BAL-01,dioxide,2023-10-05,2023-10-05,41.77,underground,daily,20.2
1.0.0,True,nakshatra-synthetic-v1,2026-09-30T19:06:56.804415,MOIL-BAL-01,ferro_manganese,2023-10-06,2023-10-06,216.22,underground,daily,19.6
1.0.0,True,nakshatra-synthetic-v1,2026-09-30T19:06:56.804420,MOIL-BAL-01,silico_manganese,2023-10-06,2023-10-06,294.38,underground,daily,16.6
1.0.0,True,nakshatra-synthetic-v1,2026-09-30T19:06:56.804425,MOIL-BAL-01,blast_furnace,2023-10-06,2023-10-06,136.79,underground,daily,20.7
1.0.0,True,nakshatra-synthetic-v1,2026-09-30T19:06:56.804429,MOIL-BAL-01,dioxide,2023-10-06,2023-10-06,35.39,underground,daily,19.3
1.0.0,True,nakshatra-synthetic-v1,2026-09-30T19:06:56.804437,MOIL-BAL-01,ferro_manganese,2023-10-07,2023-10-07,240.66,underground,daily,17.8
1.0.0,True,nakshatra-synthetic-v1,2026-09-30T19:06:56.804443,MOIL-BAL-01,silico_manganese,2023-10-07,2023-10-07,367.67,underground,daily,22.4
1.0.0,True,nakshatra-synthetic-v1,2026-09-30T19:06:56.804447,MOIL-BAL-01,blast_furnace,2023-10-07,2023-10-07,155.77,underground,daily,22.4
1.0.0,True,nakshatra-synthetic-v1,2026-09-30T19:06:56.804451,MOIL-BAL-01,dioxide,2023-10-07,2023-10-07,40.58,underground,daily,16.5
1.0.0,True,nakshatra-synthetic-v1,2026-09-30T19:06:56.804457,MOIL-BAL-01,ferro_manganese,2023-10-08,2023-10-08,230.21,underground,daily,22.1
1.0.0,True,nakshatra-synthetic-v1,2026-09-30T19:06:56.804461,MOIL-BAL-01,silico_manganese,2023-10-08,2023-10-08,376.16,underground,daily,19.4
1.0.0,True,nakshatra-synthetic-v1,2026-09-30T19:06:56.804466,MOIL-BAL-01,blast_furnace,2023-10-08,2023-10-08,154.99,underground,daily,19.2
1.0.0,True,nakshatra-synthetic-v1,2026-09-30T19:06:56.804470,MOIL-BAL-01,dioxide,2023-10-08,2023-10-08,38.96,underground,daily,18.9
1.0.0,True,nakshatra-synthetic-v1,2026-09-30T19:06:56.804476,MOIL-BAL-01,ferro_manganese,2023-10-09,2023-10-09,244.39,underground,daily,23.6
1.0.0,True,nakshatra-synthetic-v1,2026-09-30T19:06:56.804480,MOIL-BAL-01,silico_manganese,2023-10-09,2023-10-09,348.17,underground,daily,20.5
1.0.0,True,nakshatra-synthetic-v1,2026-09-30T19:06:56.804484,MOIL-BAL-01,blast_furnace,2023-10-09,2023-10-09,162.67,underground,daily,21.9
1.0.0,True,nakshatra-synthetic-v1,2026-09-30T19:06:56.804489,MOIL-BAL-01,dioxide,2023-10-09,2023-10-09,39.0,underground,daily,20.4
1.0.0,True,nakshatra-synthetic-v1,2026-09-30T19:06:56.804495,MOIL-BAL-01,ferro_manganese,2023-10-10,2023-10-10,257.62,underground,daily,22.4
1.0.0,True,nakshatra-synthetic-v1,2026-09-30T19:06:56.804500,MOIL-BAL-01,silico_manganese,2023-10-10,2023-10-10,388.84,underground,daily,18.0
1.0.0,True,nakshatra-synthetic-v1,2026-09-30T19:06:56.804504,MOIL-BAL-01,blast_furnace,2023-10-10,2023-10-10,178.86,underground,daily,20.9
1.0.0,True,nakshatra-synthetic-v1,2026-09-30T19:06:56.804508,MOIL-BAL-01,dioxide,2023-10-10,2023-10-10,42.12,underground,daily,19.1
1.0.0,True,nakshatra-synthetic-v1,2026-09-30T19:06:56.804516,MOIL-BAL-01,ferro_manganese,2023-10-11,2023-10-11,238.09,underground,daily,17.2
1.0.0,True,nakshatra-synthetic-v1,2026-09-30T19:06:56.804520,MOIL-BAL-01,silico_manganese,2023-10-11,2023-10-11,340.58,underground,daily,19.6
1.0.0,True,nakshatra-synthetic-v1,2026-09-30T19:06:56.804525,MOIL-BAL-01,blast_furnace,2023-10-11,2023-10-11,157.36,underground,daily,21.8
1.0.0,True,nakshatra-synthetic-v1,2026-09-30T19:06:56.804529,MOIL-BAL-01,dioxide,2023-10-11,2023-10-11,35.23,underground,daily,18.4
1.0.0,True,nakshatra-synthetic-v1,2026-09-30T19:06:56.804535,MOIL-BAL-01,ferro_manganese,2023-10-12,2023-10-12,281.81,underground,daily,20.7
1.0.0,True,nakshatra-synthetic-v1,2026-09-30T19:06:56.804540,MOIL-BAL-01,silico_manganese,2023-10-12,2023-10-12,411.42,underground,daily,22.4
1.0.0,True,nakshatra-synthetic-v1,2026-09-30T19:06:56.804546,MOIL-BAL-01,blast_furnace,2023-10-12,2023-10-12,181.44,underground,daily,20.4
1.0.0,True,nakshatra-synthetic-v1,2026-09-30T19:06:56.804550,MOIL-BAL-01,dioxide,2023-10-12,2023-10-12,47.93,underground,daily,19.5
1.0.0,True,nakshatra-synthetic-v1,2026-09-30T19:06:56.804557,MOIL-BAL-01,ferro_manganese,2023-10-13,2023-10-13,264.01,underground,daily,21.8
1.0.0,True,nakshatra-synthetic-v1,2026-09-30T19:06:56.804561,MOIL-BAL-01,silico_manganese,2023-10-13,2023-10-13,379.04,underground,daily,21.2
1.0.0,True,nakshatra-synthetic-v1,2026-09-30T19:06:56.804566,MOIL-BAL-01,blast_furnace,2023-10-13,2023-10-13,171.8,underground,daily,18.9
1.0.0,True,nakshatra-synthetic-v1,2026-09-30T19:06:56.804570,MOIL-BAL-01,dioxide,2023-10-13,2023-10-13,42.06,underground,daily,21.8
1.0.0,True,nakshatra-synthetic-v1,2026-09-30T19:06:56.804576,MOIL-BAL-01,ferro_manganese,2023-10-14,2023-10-14,251.33,underground,daily,22.0
1.0.0,True,nakshatra-synthetic-v1,2026-09-30T19:06:56.804581,MOIL-BAL-01,silico_manganese,2023-10-14,2023-10-14,380.06,underground,daily,18.5
1.0.0,True,nakshatra-synthetic-v1,2026-09-30T19:06:56.804586,MOIL-BAL-01,blast_furnace,2023-10-14,2023-10-14,171.89,underground,daily,18.6
1.0.0,True,nakshatra-synthetic-v1,2026-09-30T19:06:56.804591,MOIL-BAL-01,dioxide,2023-10-14,2023-10-14,44.14,underground,daily,20.4
1.0.0,True,nakshatra-synthetic-v1,2026-09-30T19:06:56.804597,MOIL-BAL-01,ferro_manganese,2023-10-15,2023-10-15,220.63,underground,daily,17.6
1.0.0,True,nakshatra-synthetic-v1,2026-09-30T19:06:56.804601,MOIL-BAL-01,silico_manganese,2023-10-15,2023-10-15,323.91,underground,daily,18.8
1.0.0,True,nakshatra-synthetic-v1,2026-09-30T19:06:56.804605,MOIL-BAL-01,blast_furnace,2023-10-15,2023-10-15,145.73,underground,daily,19.1
1.0.0,True,nakshatra-synthetic-v1,2026-09-30T19:06:56.804610,MOIL-BAL-01,dioxide,2023-10-15,2023-10-15,34.74,underground,daily,15.2
1.0.0,True,nakshatra-synthetic-v1,2026-09-30T19:06:56.804616,MOIL-BAL-01,ferro_manganese,2023-10-16,2023-10-16,283.37,underground,daily,21.8
1.0.0,True,nakshatra-synthetic-v1,2026-09-30T19:06:56.804620,MOIL-BAL-01,silico_manganese,2023-10-16,2023-10-16,420.07,underground,daily,21.9
1.0.0,True,nakshatra-synthetic-v1,2026-09-30T19:06:56.804624,MOIL-BAL-01,blast_furnace,2023-10-16,2023-10-16,184.53,underground,daily,17.5
1.0.0,True,nakshatra-synthetic-v1,2026-09-30T19:06:56.804628,MOIL-BAL-01,dioxide,2023-10-16,2023-10-16,44.3,underground,daily,16.3
1.0.0,True,nakshatra-synthetic-v1,2026-09-30T19:06:56.804634,MOIL-BAL-01,ferro_manganese,2023-10-17,2023-10-17,290.13,underground,daily,20.8
1.0.0,True,nakshatra-synthetic-v1,2026-09-30T19:06:56.804665,MOIL-BAL-01,silico_manganese,2023-10-17,2023-10-17,409.51,underground,daily,18.7
1.0.0,True,nakshatra-synthetic-v1,2026-09-30T19:06:56.804670,MOIL-BAL-01,blast_furnace,2023-10-17,2023-10-17,188.91,underground,daily,21.6
1.0.0,True,nakshatra-synthetic-v1,2026-09-30T19:06:56.804674,MOIL-BAL-01,dioxide,2023-10-17,2023-10-17,44.79,underground,daily,21.9
1.0.0,True,nakshatra-synthetic-v1,2026-09-30T19:06:56.804680,MOIL-BAL-01,ferro_manganese,2023-10-18,2023-10-18,279.89,underground,daily,21.4
1.0.0,True,nakshatra-synthetic-v1,2026-09-30T19:06:56.804685,MOIL-BAL-01,silico_manganese,2023-10-18,2023-10-18,430.24,underground,daily,19.6
1.0.0,True,nakshatra-synthetic-v1,2026-09-30T19:06:56.804690,MOIL-BAL-01,blast_furnace,2023-10-18,2023-10-18,185.9,underground,daily,19.0
1.0.0,True,nakshatra-synthetic-v1,2026-09-30T19:06:56.804694,MOIL-BAL-01,dioxide,2023-10-18,2023-10-18,46.59,underground,daily,19.9
1.0.0,True,nakshatra-synthetic-v1,2026-09-30T19:06:56.804700,MOIL-BAL-01,ferro_manganese,2023-10-19,2023-10-19,227.1,underground,daily,16.2
1.0.0,True,nakshatra-synthetic-v1,2026-09-30T19:06:56.804704,MOIL-BAL-01,silico_manganese,2023-10-19,2023-10-19,334.81,underground,daily,18.1
1.0.0,True,nakshatra-synthetic-v1,2026-09-30T19:06:56.804708,MOIL-BAL-01,blast_furnace,2023-10-19,2023-10-19,156.54,underground,daily,19.3
1.0.0,True,nakshatra-synthetic-v1,2026-09-30T19:06:56.804713,MOIL-BAL-01,dioxide,2023-10-19,2023-10-19,36.36,underground,daily,18.9
1.0.0,True,nakshatra-synthetic-v1,2026-09-30T19:06:56.804719,MOIL-BAL-01,ferro_manganese,2023-10-20,2023-10-20,239.22,underground,daily,17.6
1.0.0,True,nakshatra-synthetic-v1,2026-09-30T19:06:56.804723,MOIL-BAL-01,silico_manganese,2023-10-20,2023-10-20,373.62,underground,daily,20.9
1.0.0,True,nakshatra-synthetic-v1,2026-09-30T19:06:56.804727,MOIL-BAL-01,blast_furnace,2023-10-20,2023-10-20,156.52,underground,daily,19.4
1.0.0,True,nakshatra-synthetic-v1,2026-09-30T19:06:56.804731,MOIL-BAL-01,dioxide,2023-10-20,2023-10-20,40.25,underground,daily,23.5
1.0.0,True,nakshatra-synthetic-v1,2026-09-30T19:06:56.804737,MOIL-BAL-01,ferro_manganese,2023-10-21,2023-10-21,272.18,underground,daily,23.1
1.0.0,True,nakshatra-synthetic-v1,2026-09-30T19:06:56.804741,MOIL-BAL-01,silico_manganese,2023-10-21,2023-10-21,399.66,underground,daily,18.3
1.0.0,True,nakshatra-synthetic-v1,2026-09-30T19:06:56.804745,MOIL-BAL-01,blast_furnace,2023-10-21,2023-10-21,177.92,underground,daily,22.1
1.0.0,True,nakshatra-synthetic-v1,2026-09-30T19:06:56.804750,MOIL-BAL-01,dioxide,2023-10-21,2023-10-21,42.72,underground,daily,18.2
1.0.0,True,nakshatra-synthetic-v1,2026-09-30T19:06:56.804756,MOIL-BAL-01,ferro_manganese,2023-10-22,2023-10-22,194.06,underground,daily,21.8
1.0.0,True,nakshatra-synthetic-v1,2026-09-30T19:06:56.804761,MOIL-BAL-01,silico_manganese,2023-10-22,2023-10-22,289.07,underground,daily,21.6
1.0.0,True,nakshatra-synthetic-v1,2026-09-30T19:06:56.804765,MOIL-BAL-01,blast_furnace,2023-10-22,2023-10-22,131.11,underground,daily,19.9
1.0.0,True,nakshatra-synthetic-v1,2026-09-30T19:06:56.804769,MOIL-BAL-01,dioxide,2023-10-22,2023-10-22,32.6,underground,daily,21.9
1.0.0,True,nakshatra-synthetic-v1,2026-09-30T19:06:56.804776,MOIL-BAL-01,ferro_manganese,2023-10-23,2023-10-23,282.22,underground,daily,20.0
1.0.0,True,nakshatra-synthetic-v1,2026-09-30T19:06:56.804781,MOIL-BAL-01,silico_manganese,2023-10-23,2023-10-23,402.3,underground,daily,17.8
1.0.0,True,nakshatra-synthetic-v1,2026-09-30T19:06:56.804785,MOIL-BAL-01,blast_furnace,2023-10-23,2023-10-23,183.62,underground,daily,17.8
1.0.0,True,nakshatra-synthetic-v1,2026-09-30T19:06:56.804789,MOIL-BAL-01,dioxide,2023-10-23,2023-10-23,46.43,underground,daily,24.0
1.0.0,True,nakshatra-synthetic-v1,2026-09-30T19:06:56.804795,MOIL-BAL-01,ferro_manganese,2023-10-24,2023-10-24,250.91,underground,daily,22.4
1.0.0,True,nakshatra-synthetic-v1,2026-09-30T19:06:56.804799,MOIL-BAL-01,silico_manganese,2023-10-24,2023-10-24,402.69,underground,daily,20.2
1.0.0,True,nakshatra-synthetic-v1,2026-09-30T19:06:56.804803,MOIL-BAL-01,blast_furnace,2023-10-24,2023-10-24,175.67,underground,daily,18.2
1.0.0,True,nakshatra-synthetic-v1,2026-09-30T19:06:56.804808,MOIL-BAL-01,dioxide,2023-10-24,2023-10-24,44.33,underground,daily,24.0
1.0.0,True,nakshatra-synthetic-v1,2026-09-30T19:06:56.804814,MOIL-BAL-01,ferro_manganese,2023-10-25,2023-10-25,215.4,underground,daily,23.1
1.0.0,True,nakshatra-synthetic-v1,2026-09-30T19:06:56.804818,MOIL-BAL-01,silico_manganese,2023-10-25,2023-10-25,335.16,underground,daily,17.9
1.0.0,True,nakshatra-synthetic-v1,2026-09-30T19:06:56.804822,MOIL-BAL-01,blast_furnace,2023-10-25,2023-10-25,143.92,underground,daily,22.9
1.0.0,True,nakshatra-synthetic-v1,2026-09-30T19:06:56.804826,MOIL-BAL-01,dioxide,2023-10-25,2023-10-25,37.62,underground,daily,21.2
1.0.0,True,nakshatra-synthetic-v1,2026-09-30T19:06:56.804832,MOIL-BAL-01,ferro_manganese,2023-10-26,2023-10-26,273.34,underground,daily,19.0
1.0.0,True,nakshatra-synthetic-v1,2026-09-30T19:06:56.804836,MOIL-BAL-01,silico_manganese,2023-10-26,2023-10-26,419.91,underground,daily,16.0
1.0.0,True,nakshatra-synthetic-v1,2026-09-30T19:06:56.804840,MOIL-BAL-01,blast_furnace,2023-10-26,2023-10-26,177.11,underground,daily,18.1
1.0.0,True,nakshatra-synthetic-v1,2026-09-30T19:06:56.804845,MOIL-BAL-01,dioxide,2023-10-26,2023-10-26,46.26,underground,daily,22.9
1.0.0,True,nakshatra-synthetic-v1,2026-09-30T19:06:56.804851,MOIL-BAL-01,ferro_manganese,2023-10-27,2023-10-27,276.57,underground,daily,17.3
1.0.0,True,nakshatra-synthetic-v1,2026-09-30T19:06:56.804856,MOIL-BAL-01,silico_manganese,2023-10-27,2023-10-27,410.83,underground,daily,18.3
1.0.0,True,nakshatra-synthetic-v1,2026-09-30T19:06:56.804860,MOIL-BAL-01,blast_furnace,2023-10-27,2023-10-27,173.46,underground,daily,18.1
1.0.0,True,nakshatra-synthetic-v1,2026-09-30T19:06:56.804865,MOIL-BAL-01,dioxide,2023-10-27,2023-10-27,45.33,underground,daily,21.3
1.0.0,True,nakshatra-synthetic-v1,2026-09-30T19:06:56.804871,MOIL-BAL-01,ferro_manganese,2023-10-28,2023-10-28,229.84,underground,daily,18.1
1.0.0,True,nakshatra-synthetic-v1,2026-09-30T19:06:56.804875,MOIL-BAL-01,silico_manganese,2023-10-28,2023-10-28,365.59,underground,daily,18.9
1.0.0,True,nakshatra-synthetic-v1,2026-09-30T19:06:56.804880,MOIL-BAL-01,blast_furnace,2023-10-28,2023-10-28,155.95,underground,daily,20.5
1.0.0,True,nakshatra-synthetic-v1,2026-09-30T19:06:56.804884,MOIL-BAL-01,dioxide,2023-10-28,2023-10-28,39.82,underground,daily,20.2
1.0.0,True,nakshatra-synthetic-v1,2026-09-30T19:06:56.804890,MOIL-BAL-01,ferro_manganese,2023-10-29,2023-10-29,217.17,underground,daily,20.9
1.0.0,True,nakshatra-synthetic-v1,2026-09-30T19:06:56.804894,MOIL-BAL-01,silico_manganese,2023-10-29,2023-10-29,352.56,underground,daily,19.8
1.0.0,True,nakshatra-synthetic-v1,2026-09-30T19:06:56.804898,MOIL-BAL-01,blast_furnace,2023-10-29,2023-10-29,146.09,underground,daily,19.1
1.0.0,True,nakshatra-synthetic-v1,2026-09-30T19:06:56.804902,MOIL-BAL-01,dioxide,2023-10-29,2023-10-29,35.68,underground,daily,19.3
1.0.0,True,nakshatra-synthetic-v1,2026-09-30T19:06:56.804910,MOIL-BAL-01,ferro_manganese,2023-10-30,2023-10-30,248.88,underground,daily,23.0
1.0.0,True,nakshatra-synthetic-v1,2026-09-30T19:06:56.804914,MOIL-BAL-01,silico_manganese,2023-10-30,2023-10-30,369.74,underground,daily,17.2
1.0.0,True,nakshatra-synthetic-v1,2026-09-30T19:06:56.804919,MOIL-BAL-01,blast_furnace,2023-10-30,2023-10-30,157.83,underground,daily,21.4
1.0.0,True,nakshatra-synthetic-v1,2026-09-30T19:06:56.804924,MOIL-BAL-01,dioxide,2023-10-30,2023-10-30,40.49,underground,daily,22.2
1.0.0,True,nakshatra-synthetic-v1,2026-09-30T19:06:56.804930,MOIL-BAL-01,ferro_manganese,2023-10-31,2023-10-31,241.23,underground,daily,19.2
1.0.0,True,nakshatra-synthetic-v1,2026-09-30T19:06:56.804934,MOIL-BAL-01,silico_manganese,2023-10-31,2023-10-31,403.46,underground,daily,17.4
1.0.0,True,nakshatra-synthetic-v1,2026-09-30T19:06:56.804938,MOIL-BAL-01,blast_furnace,2023-10-31,2023-10-31,171.3,underground,daily,19.3
1.0.0,True,nakshatra-synthetic-v1,2026-09-30T19:06:56.804942,MOIL-BAL-01,dioxide,2023-10-31,2023-10-31,40.56,underground,daily,20.2
1.0.0,True,nakshatra-synthetic-v1,2026-09-30T19:06:56.804948,MOIL-BAL-01,ferro_manganese,2023-11-01,2023-11-01,233.55,underground,daily,23.2
1.0.0,True,nakshatra-synthetic-v1,2026-09-30T19:06:56.804952,MOIL-BAL-01,silico_manganese,2023-11-01,2023-11-01,345.42,underground,daily,21.7
1.0.0,True,nakshatra-synthetic-v1,2026-09-30T19:06:56.804957,MOIL-BAL-01,blast_furnace,2023-11-01,2023-11-01,165.12,underground,daily,19.1
1.0.0,True,nakshatra-synthetic-v1,2026-09-30T19:06:56.804961,MOIL-BAL-01,dioxide,2023-11-01,2023-11-01,42.44,underground,daily,16.6
1.0.0,True,nakshatra-synthetic-v1,2026-09-30T19:06:56.804967,MOIL-BAL-01,ferro_manganese,2023-11-02,2023-11-02,254.12,underground,daily,18.3
1.0.0,True,nakshatra-synthetic-v1,2026-09-30T19:06:56.804971,MOIL-BAL-01,silico_manganese,2023-11-02,2023-11-02,379.94,underground,daily,14.6
1.0.0,True,nakshatra-synthetic-v1,2026-09-30T19:06:56.804975,MOIL-BAL-01,blast_furnace,2023-11-02,2023-11-02,169.46,underground,daily,19.6
1.0.0,True,nakshatra-synthetic-v1,2026-09-30T19:06:56.804979,MOIL-BAL-01,dioxide,2023-11-02,2023-11-02,40.26,underground,daily,17.9
1.0.0,True,nakshatra-synthetic-v1,2026-09-30T19:06:56.804986,MOIL-BAL-01,ferro_manganese,2023-11-03,2023-11-03,253.38,underground,daily,18.3
1.0.0,True,nakshatra-synthetic-v1,2026-09-30T19:06:56.804990,MOIL-BAL-01,silico_manganese,2023-11-03,2023-11-03,373.81,underground,daily,22.4
1.0.0,True,nakshatra-synthetic-v1,2026-09-30T19:06:56.804994,MOIL-BAL-01,blast_furnace,2023-11-03,2023-11-03,171.99,underground,daily,18.4
1.0.0,True,nakshatra-synthetic-v1,2026-09-30T19:06:56.804999,MOIL-BAL-01,dioxide,2023-11-03,2023-11-03,42.55,underground,daily,18.9
1.0.0,True,nakshatra-synthetic-v1,2026-09-30T19:06:56.805005,MOIL-BAL-01,ferro_manganese,2023-11-04,2023-11-04,281.0,underground,daily,18.0
1.0.0,True,nakshatra-synthetic-v1,2026-09-30T19:06:56.805009,MOIL-BAL-01,silico_manganese,2023-11-04,2023-11-04,416.83,underground,daily,20.6
1.0.0,True,nakshatra-synthetic-v1,2026-09-30T19:06:56.805013,MOIL-BAL-01,blast_furnace,2023-11-04,2023-11-04,183.29,underground,daily,19.8
1.0.0,True,nakshatra-synthetic-v1,2026-09-30T19:06:56.805017,MOIL-BAL-01,dioxide,2023-11-04,2023-11-04,44.44,underground,daily,14.2
1.0.0,True,nakshatra-synthetic-v1,2026-09-30T19:06:56.805023,MOIL-BAL-01,ferro_manganese,2023-11-05,2023-11-05,261.22,underground,daily,22.1
1.0.0,True,nakshatra-synthetic-v1,2026-09-30T19:06:56.805027,MOIL-BAL-01,silico_manganese,2023-11-05,2023-11-05,402.74,underground,daily,17.7
1.0.0,True,nakshatra-synthetic-v1,2026-09-30T19:06:56.805032,MOIL-BAL-01,blast_furnace,2023-11-05,2023-11-05,168.62,underground,daily,20.3
1.0.0,True,nakshatra-synthetic-v1,2026-09-30T19:06:56.805036,MOIL-BAL-01,dioxide,2023-11-05,2023-11-05,43.94,underground,daily,17.2
1.0.0,True,nakshatra-synthetic-v1,2026-09-30T19:06:56.805042,MOIL-BAL-01,ferro_manganese,2023-11-06,2023-11-06,219.86,underground,daily,19.2
1.0.0,True,nakshatra-synthetic-v1,2026-09-30T19:06:56.805047,MOIL-BAL-01,silico_manganese,2023-11-06,2023-11-06,324.74,underground,daily,19.6
1.0.0,True,nakshatra-synthetic-v1,2026-09-30T19:06:56.805051,MOIL-BAL-01,blast_furnace,2023-11-06,2023-11-06,146.16,underground,daily,19.8
1.0.0,True,nakshatra-synthetic-v1,2026-09-30T19:06:56.805057,MOIL-BAL-01,dioxide,2023-11-06,2023-11-06,34.0,underground,daily,20.4
1.0.0,True,nakshatra-synthetic-v1,2026-09-30T19:06:56.805063,MOIL-BAL-01,ferro_manganese,2023-11-07,2023-11-07,269.36,underground,daily,17.9
1.0.0,True,nakshatra-synthetic-v1,2026-09-30T19:06:56.805067,MOIL-BAL-01,silico_manganese,2023-11-07,2023-11-07,411.23,underground,daily,20.1
1.0.0,True,nakshatra-synthetic-v1,2026-09-30T19:06:56.805071,MOIL-BAL-01,blast_furnace,2023-11-07,2023-11-07,187.47,underground,daily,19.5
1.0.0,True,nakshatra-synthetic-v1,2026-09-30T19:06:56.805075,MOIL-BAL-01,dioxide,2023-11-07,2023-11-07,46.62,underground,daily,19.5
1.0.0,True,nakshatra-synthetic-v1,2026-09-30T19:06:56.805081,MOIL-BAL-01,ferro_manganese,2023-11-08,2023-11-08,242.04,underground,daily,20.8
1.0.0,True,nakshatra-synthetic-v1,2026-09-30T19:06:56.805085,MOIL-BAL-01,silico_manganese,2023-11-08,2023-11-08,380.53,underground,daily,18.0
1.0.0,True,nakshatra-synthetic-v1,2026-09-30T19:06:56.805090,MOIL-BAL-01,blast_furnace,2023-11-08,2023-11-08,172.78,underground,daily,18.0
1.0.0,True,nakshatra-synthetic-v1,2026-09-30T19:06:56.805094,MOIL-BAL-01,dioxide,2023-11-08,2023-11-08,43.11,underground,daily,24.0
1.0.0,True,nakshatra-synthetic-v1,2026-09-30T19:06:56.805100,MOIL-BAL-01,ferro_manganese,2023-11-09,2023-11-09,279.85,underground,daily,19.3
1.0.0,True,nakshatra-synthetic-v1,2026-09-30T19:06:56.805104,MOIL-BAL-01,silico_manganese,2023-11-09,2023-11-09,433.91,underground,daily,21.6
1.0.0,True,nakshatra-synthetic-v1,2026-09-30T19:06:56.805108,MOIL-BAL-01,blast_furnace,2023-11-09,2023-11-09,184.63,underground,daily,22.4
1.0.0,True,nakshatra-synthetic-v1,2026-09-30T19:06:56.805112,MOIL-BAL-01,dioxide,2023-11-09,2023-11-09,48.75,underground,daily,17.1
1.0.0,True,nakshatra-synthetic-v1,2026-09-30T19:06:56.805118,MOIL-BAL-01,ferro_manganese,2023-11-10,2023-11-10,248.78,underground,daily,20.3
1.0.0,True,nakshatra-synthetic-v1,2026-09-30T19:06:56.805123,MOIL-BAL-01,silico_manganese,2023-11-10,2023-11-10,389.33,underground,daily,16.9
1.0.0,True,nakshatra-synthetic-v1,2026-09-30T19:06:56.805127,MOIL-BAL-01,blast_furnace,2023-11-10,2023-11-10,177.31,underground,daily,18.5
1.0.0,True,nakshatra-synthetic-v1,2026-09-30T19:06:56.805131,MOIL-BAL-01,dioxide,2023-11-10,2023-11-10,46.39,underground,daily,22.4
1.0.0,True,nakshatra-synthetic-v1,2026-09-30T19:06:56.805139,MOIL-BAL-01,ferro_manganese,2023-11-11,2023-11-11,231.41,underground,daily,20.5
1.0.0,True,nakshatra-synthetic-v1,2026-09-30T19:06:56.805144,MOIL-BAL-01,silico_manganese,2023-11-11,2023-11-11,337.96,underground,daily,22.7
1.0.0,True,nakshatra-synthetic-v1,2026-09-30T19:06:56.805148,MOIL-BAL-01,blast_furnace,2023-11-11,2023-11-11,156.88,underground,daily,22.0
1.0.0,True,nakshatra-synthetic-v1,2026-09-30T19:06:56.805152,MOIL-BAL-01,dioxide,2023-11-11,2023-11-11,37.77,underground,daily,18.4
1.0.0,True,nakshatra-synthetic-v1,2026-09-30T19:06:56.805158,MOIL-BAL-01,ferro_manganese,2023-11-12,2023-11-12,230.7,underground,daily,22.0
1.0.0,True,nakshatra-synthetic-v1,2026-09-30T19:06:56.805163,MOIL-BAL-01,silico_manganese,2023-11-12,2023-11-12,340.72,underground,daily,18.2
1.0.0,True,nakshatra-synthetic-v1,2026-09-30T19:06:56.805167,MOIL-BAL-01,blast_furnace,2023-11-12,2023-11-12,156.51,underground,daily,21.3
1.0.0,True,nakshatra-synthetic-v1,2026-09-30T19:06:56.805171,MOIL-BAL-01,dioxide,2023-11-12,2023-11-12,38.06,underground,daily,19.4
1.0.0,True,nakshatra-synthetic-v1,2026-09-30T19:06:56.805177,MOIL-BAL-01,ferro_manganese,2023-11-13,2023-11-13,250.5,underground,daily,20.3
1.0.0,True,nakshatra-synthetic-v1,2026-09-30T19:06:56.805181,MOIL-BAL-01,silico_manganese,2023-11-13,2023-11-13,392.37,underground,daily,18.9
1.0.0,True,nakshatra-synthetic-v1,2026-09-30T19:06:56.805186,MOIL-BAL-01,blast_furnace,2023-11-13,2023-11-13,171.56,underground,daily,22.6
1.0.0,True,nakshatra-synthetic-v1,2026-09-30T19:06:56.805190,MOIL-BAL-01,dioxide,2023-11-13,2023-11-13,41.36,underground,daily,16.8
1.0.0,True,nakshatra-synthetic-v1,2026-09-30T19:06:56.805196,MOIL-BAL-01,ferro_manganese,2023-11-14,2023-11-14,235.68,underground,daily,13.2
1.0.0,True,nakshatra-synthetic-v1,2026-09-30T19:06:56.805200,MOIL-BAL-01,silico_manganese,2023-11-14,2023-11-14,357.75,underground,daily,19.9
1.0.0,True,nakshatra-synthetic-v1,2026-09-30T19:06:56.805206,MOIL-BAL-01,blast_furnace,2023-11-14,2023-11-14,158.95,underground,daily,22.0
1.0.0,True,nakshatra-synthetic-v1,2026-09-30T19:06:56.805210,MOIL-BAL-01,dioxide,2023-11-14,2023-11-14,38.7,underground,daily,18.1
1.0.0,True,nakshatra-synthetic-v1,2026-09-30T19:06:56.805216,MOIL-BAL-01,ferro_manganese,2023-11-15,2023-11-15,240.32,underground,daily,20.1
1.0.0,True,nakshatra-synthetic-v1,2026-09-30T19:06:56.805220,MOIL-BAL-01,silico_manganese,2023-11-15,2023-11-15,368.62,underground,daily,21.2
1.0.0,True,nakshatra-synthetic-v1,2026-09-30T19:06:56.805224,MOIL-BAL-01,blast_furnace,2023-11-15,2023-11-15,158.73,underground,daily,19.7
1.0.0,True,nakshatra-synthetic-v1,2026-09-30T19:06:56.805228,MOIL-BAL-01,dioxide,2023-11-15,2023-11-15,39.44,underground,daily,23.4
1.0.0,True,nakshatra-synthetic-v1,2026-09-30T19:06:56.805234,MOIL-BAL-01,ferro_manganese,2023-11-16,2023-11-16,296.54,underground,daily,20.2
1.0.0,True,nakshatra-synthetic-v1,2026-09-30T19:06:56.805240,MOIL-BAL-01,silico_manganese,2023-11-16,2023-11-16,453.09,underground,daily,19.0
1.0.0,True,nakshatra-synthetic-v1,2026-09-30T19:06:56.805244,MOIL-BAL-01,blast_furnace,2023-11-16,2023-11-16,199.67,underground,daily,20.0
1.0.0,True,nakshatra-synthetic-v1,2026-09-30T19:06:56.805248,MOIL-BAL-01,dioxide,2023-11-16,2023-11-16,49.33,underground,daily,19.1
1.0.0,True,nakshatra-synthetic-v1,2026-09-30T19:06:56.805255,MOIL-BAL-01,ferro_manganese,2023-11-17,2023-11-17,236.62,underground,daily,17.4
1.0.0,True,nakshatra-synthetic-v1,2026-09-30T19:06:56.805259,MOIL-BAL-01,silico_manganese,2023-11-17,2023-11-17,339.38,underground,daily,21.4
1.0.0,True,nakshatra-synthetic-v1,2026-09-30T19:06:56.805264,MOIL-BAL-01,blast_furnace,2023-11-17,2023-11-17,158.74,underground,daily,19.8
1.0.0,True,nakshatra-synthetic-v1,2026-09-30T19:06:56.805269,MOIL-BAL-01,dioxide,2023-11-17,2023-11-17,39.75,underground,daily,18.4
1.0.0,True,nakshatra-synthetic-v1,2026-09-30T19:06:56.805275,MOIL-BAL-01,ferro_manganese,2023-11-18,2023-11-18,271.5,underground,daily,19.7
1.0.0,True,nakshatra-synthetic-v1,2026-09-30T19:06:56.805279,MOIL-BAL-01,silico_manganese,2023-11-18,2023-11-18,389.72,underground,daily,17.5
1.0.0,True,nakshatra-synthetic-v1,2026-09-30T19:06:56.805283,MOIL-BAL-01,blast_furnace,2023-11-18,2023-11-18,170.83,underground,daily,19.6
1.0.0,True,nakshatra-synthetic-v1,2026-09-30T19:06:56.805288,MOIL-BAL-01,dioxide,2023-11-18,2023-11-18,42.36,underground,daily,22.5
1.0.0,True,nakshatra-synthetic-v1,2026-09-30T19:06:56.805294,MOIL-BAL-01,ferro_manganese,2023-11-19,2023-11-19,256.5,underground,daily,23.2
1.0.0,True,nakshatra-synthetic-v1,2026-09-30T19:06:56.805298,MOIL-BAL-01,silico_manganese,2023-11-19,2023-11-19,362.34,underground,daily,14.2
1.0.0,True,nakshatra-synthetic-v1,2026-09-30T19:06:56.805302,MOIL-BAL-01,blast_furnace,2023-11-19,2023-11-19,167.59,underground,daily,23.7
1.0.0,True,nakshatra-synthetic-v1,2026-09-30T19:06:56.805306,MOIL-BAL-01,dioxide,2023-11-19,2023-11-19,42.89,underground,daily,21.8
1.0.0,True,nakshatra-synthetic-v1,2026-09-30T19:06:56.805313,MOIL-BAL-01,ferro_manganese,2023-11-20,2023-11-20,178.42,underground,daily,18.7
1.0.0,True,nakshatra-synthetic-v1,2026-09-30T19:06:56.805317,MOIL-BAL-01,silico_manganese,2023-11-20,2023-11-20,282.63,underground,daily,17.0
1.0.0,True,nakshatra-synthetic-v1,2026-09-30T19:06:56.805321,MOIL-BAL-01,blast_furnace,2023-11-20,2023-11-20,130.7,underground,daily,24.0
1.0.0,True,nakshatra-synthetic-v1,2026-09-30T19:06:56.805325,MOIL-BAL-01,dioxide,2023-11-20,2023-11-20,32.72,underground,daily,17.5
1.0.0,True,nakshatra-synthetic-v1,2026-09-30T19:06:56.805332,MOIL-BAL-01,ferro_manganese,2023-11-21,2023-11-21,230.18,underground,daily,17.3
1.0.0,True,nakshatra-synthetic-v1,2026-09-30T19:06:56.805336,MOIL-BAL-01,silico_manganese,2023-11-21,2023-11-21,345.2,underground,daily,20.0
1.0.0,True,nakshatra-synthetic-v1,2026-09-30T19:06:56.805340,MOIL-BAL-01,blast_furnace,2023-11-21,2023-11-21,163.18,underground,daily,15.9
1.0.0,True,nakshatra-synthetic-v1,2026-09-30T19:06:56.805344,MOIL-BAL-01,dioxide,2023-11-21,2023-11-21,38.88,underground,daily,21.1
1.0.0,True,nakshatra-synthetic-v1,2026-09-30T19:06:56.805351,MOIL-BAL-01,ferro_manganese,2023-11-22,2023-11-22,263.31,underground,daily,17.2
1.0.0,True,nakshatra-synthetic-v1,2026-09-30T19:06:56.805356,MOIL-BAL-01,silico_manganese,2023-11-22,2023-11-22,364.98,underground,daily,21.9
1.0.0,True,nakshatra-synthetic-v1,2026-09-30T19:06:56.805361,MOIL-BAL-01,blast_furnace,2023-11-22,2023-11-22,167.47,underground,daily,22.0
1.0.0,True,nakshatra-synthetic-v1,2026-09-30T19:06:56.805365,MOIL-BAL-01,dioxide,2023-11-22,2023-11-22,40.45,underground,daily,22.7
1.0.0,True,nakshatra-synthetic-v1,2026-09-30T19:06:56.805371,MOIL-BAL-01,ferro_manganese,2023-11-23,2023-11-23,281.63,underground,daily,16.7
1.0.0,True,nakshatra-synthetic-v1,2026-09-30T19:06:56.805375,MOIL-BAL-01,silico_manganese,2023-11-23,2023-11-23,434.22,underground,daily,23.8
1.0.0,True,nakshatra-synthetic-v1,2026-09-30T19:06:56.805379,MOIL-BAL-01,blast_furnace,2023-11-23,2023-11-23,190.38,underground,daily,18.8
1.0.0,True,nakshatra-synthetic-v1,2026-09-30T19:06:56.805383,MOIL-BAL-01,dioxide,2023-11-23,2023-11-23,45.78,underground,daily,23.3
1.0.0,True,nakshatra-synthetic-v1,2026-09-30T19:06:56.805389,MOIL-BAL-01,ferro_manganese,2023-11-24,2023-11-24,202.28,underground,daily,22.7
1.0.0,True,nakshatra-synthetic-v1,2026-09-30T19:06:56.805393,MOIL-BAL-01,silico_manganese,2023-11-24,2023-11-24,295.78,underground,daily,21.1
1.0.0,True,nakshatra-synthetic-v1,2026-09-30T19:06:56.805407,MOIL-BAL-01,blast_furnace,2023-11-24,2023-11-24,127.68,underground,daily,19.8
1.0.0,True,nakshatra-synthetic-v1,2026-09-30T19:06:56.805411,MOIL-BAL-01,dioxide,2023-11-24,2023-11-24,33.1,underground,daily,24.0
1.0.0,True,nakshatra-synthetic-v1,2026-09-30T19:06:56.805418,MOIL-BAL-01,ferro_manganese,2023-11-25,2023-11-25,252.53,underground,daily,19.8
1.0.0,True,nakshatra-synthetic-v1,2026-09-30T19:06:56.805422,MOIL-BAL-01,silico_manganese,2023-11-25,2023-11-25,393.58,underground,daily,20.6
1.0.0,True,nakshatra-synthetic-v1,2026-09-30T19:06:56.805426,MOIL-BAL-01,blast_furnace,2023-11-25,2023-11-25,176.79,underground,daily,23.3
1.0.0,True,nakshatra-synthetic-v1,2026-09-30T19:06:56.805430,MOIL-BAL-01,dioxide,2023-11-25,2023-11-25,40.53,underground,daily,22.5
1.0.0,True,nakshatra-synthetic-v1,2026-09-30T19:06:56.805436,MOIL-BAL-01,ferro_manganese,2023-11-26,2023-11-26,262.51,underground,daily,22.4
1.0.0,True,nakshatra-synthetic-v1,2026-09-30T19:06:56.805442,MOIL-BAL-01,silico_manganese,2023-11-26,2023-11-26,376.01,underground,daily,24.0
1.0.0,True,nakshatra-synthetic-v1,2026-09-30T19:06:56.805446,MOIL-BAL-01,blast_furnace,2023-11-26,2023-11-26,164.39,underground,daily,21.1
1.0.0,True,nakshatra-synthetic-v1,2026-09-30T19:06:56.805450,MOIL-BAL-01,dioxide,2023-11-26,2023-11-26,40.7,underground,daily,21.4
1.0.0,True,nakshatra-synthetic-v1,2026-09-30T19:06:56.805456,MOIL-BAL-01,ferro_manganese,2023-11-27,2023-11-27,249.32,underground,daily,23.7
1.0.0,True,nakshatra-synthetic-v1,2026-09-30T19:06:56.805460,MOIL-BAL-01,silico_manganese,2023-11-27,2023-11-27,399.87,underground,daily,22.1
1.0.0,True,nakshatra-synthetic-v1,2026-09-30T19:06:56.805465,MOIL-BAL-01,blast_furnace,2023-11-27,2023-11-27,177.42,underground,daily,21.6
1.0.0,True,nakshatra-synthetic-v1,2026-09-30T19:06:56.805469,MOIL-BAL-01,dioxide,2023-11-27,2023-11-27,43.08,underground,daily,23.5
1.0.0,True,nakshatra-synthetic-v1,2026-09-30T19:06:56.805475,MOIL-BAL-01,ferro_manganese,2023-11-28,2023-11-28,296.0,underground,daily,19.7
1.0.0,True,nakshatra-synthetic-v1,2026-09-30T19:06:56.805479,MOIL-BAL-01,silico_manganese,2023-11-28,2023-11-28,487.95,underground,daily,22.3
1.0.0,True,nakshatra-synthetic-v1,2026-09-30T19:06:56.805483,MOIL-BAL-01,blast_furnace,2023-11-28,2023-11-28,211.11,underground,daily,17.9
1.0.0,True,nakshatra-synthetic-v1,2026-09-30T19:06:56.805487,MOIL-BAL-01,dioxide,2023-11-28,2023-11-28,53.6,underground,daily,20.8
1.0.0,True,nakshatra-synthetic-v1,2026-09-30T19:06:56.805493,MOIL-BAL-01,ferro_manganese,2023-11-29,2023-11-29,274.45,underground,daily,19.7
1.0.0,True,nakshatra-synthetic-v1,2026-09-30T19:06:56.805498,MOIL-BAL-01,silico_manganese,2023-11-29,2023-11-29,394.58,underground,daily,18.5
1.0.0,True,nakshatra-synthetic-v1,2026-09-30T19:06:56.805502,MOIL-BAL-01,blast_furnace,2023-11-29,2023-11-29,183.85,underground,daily,23.8
1.0.0,True,nakshatra-synthetic-v1,2026-09-30T19:06:56.805506,MOIL-BAL-01,dioxide,2023-11-29,2023-11-29,45.75,underground,daily,24.0
1.0.0,True,nakshatra-synthetic-v1,2026-09-30T19:06:56.805513,MOIL-BAL-01,ferro_manganese,2023-11-30,2023-11-30,278.49,underground,daily,21.5
1.0.0,True,nakshatra-synthetic-v1,2026-09-30T19:06:56.805517,MOIL-BAL-01,silico_manganese,2023-11-30,2023-11-30,416.26,underground,daily,20.0
1.0.0,True,nakshatra-synthetic-v1,2026-09-30T19:06:56.805522,MOIL-BAL-01,blast_furnace,2023-11-30,2023-11-30,183.6,underground,daily,18.2
1.0.0,True,nakshatra-synthetic-v1,2026-09-30T19:06:56.805526,MOIL-BAL-01,dioxide,2023-11-30,2023-11-30,46.5,underground,daily,22.1
1.0.0,True,nakshatra-synthetic-v1,2026-09-30T19:06:56.805532,MOIL-BAL-01,ferro_manganese,2023-12-01,2023-12-01,298.6,underground,daily,21.8
1.0.0,True,nakshatra-synthetic-v1,2026-09-30T19:06:56.805536,MOIL-BAL-01,silico_manganese,2023-12-01,2023-12-01,420.76,underground,daily,17.6
1.0.0,True,nakshatra-synthetic-v1,2026-09-30T19:06:56.805540,MOIL-BAL-01,blast_furnace,2023-12-01,2023-12-01,181.51,underground,daily,15.2
1.0.0,True,nakshatra-synthetic-v1,2026-09-30T19:06:56.805544,MOIL-BAL-01,dioxide,2023-12-01,2023-12-01,45.94,underground,daily,22.6
1.0.0,True,nakshatra-synthetic-v1,2026-09-30T19:06:56.805551,MOIL-BAL-01,ferro_manganese,2023-12-02,2023-12-02,224.96,underground,daily,19.4
1.0.0,True,nakshatra-synthetic-v1,2026-09-30T19:06:56.805555,MOIL-BAL-01,silico_manganese,2023-12-02,2023-12-02,334.45,underground,daily,17.8
1.0.0,True,nakshatra-synthetic-v1,2026-09-30T19:06:56.805559,MOIL-BAL-01,blast_furnace,2023-12-02,2023-12-02,148.82,underground,daily,18.0
1.0.0,True,nakshatra-synthetic-v1,2026-09-30T19:06:56.805565,MOIL-BAL-01,dioxide,2023-12-02,2023-12-02,38.18,underground,daily,21.2
1.0.0,True,nakshatra-synthetic-v1,2026-09-30T19:06:56.805571,MOIL-BAL-01,ferro_manganese,2023-12-03,2023-12-03,234.5,underground,daily,19.0
1.0.0,True,nakshatra-synthetic-v1,2026-09-30T19:06:56.805576,MOIL-BAL-01,silico_manganese,2023-12-03,2023-12-03,371.06,underground,daily,21.6
1.0.0,True,nakshatra-synthetic-v1,2026-09-30T19:06:56.805580,MOIL-BAL-01,blast_furnace,2023-12-03,2023-12-03,161.28,underground,daily,18.9
1.0.0,True,nakshatra-synthetic-v1,2026-09-30T19:06:56.805584,MOIL-BAL-01,dioxide,2023-12-03,2023-12-03,41.3,underground,daily,16.3
1.0.0,True,nakshatra-synthetic-v1,2026-09-30T19:06:56.805591,MOIL-BAL-01,ferro_manganese,2023-12-04,2023-12-04,247.49,underground,daily,19.0
1.0.0,True,nakshatra-synthetic-v1,2026-09-30T19:06:56.805595,MOIL-BAL-01,silico_manganese,2023-12-04,2023-12-04,358.07,underground,daily,21.7
1.0.0,True,nakshatra-synthetic-v1,2026-09-30T19:06:56.805599,MOIL-BAL-01,blast_furnace,2023-12-04,2023-12-04,169.04,underground,daily,18.7
1.0.0,True,nakshatra-synthetic-v1,2026-09-30T19:06:56.805603,MOIL-BAL-01,dioxide,2023-12-04,2023-12-04,40.59,underground,daily,19.4
1.0.0,True,nakshatra-synthetic-v1,2026-09-30T19:06:56.805609,MOIL-BAL-01,ferro_manganese,2023-12-05,2023-12-05,303.9,underground,daily,20.2
1.0.0,True,nakshatra-synthetic-v1,2026-09-30T19:06:56.805614,MOIL-BAL-01,silico_manganese,2023-12-05,2023-12-05,441.6,underground,daily,18.5
1.0.0,True,nakshatra-synthetic-v1,2026-09-30T19:06:56.805619,MOIL-BAL-01,blast_furnace,2023-12-05,2023-12-05,202.24,underground,daily,18.7
1.0.0,True,nakshatra-synthetic-v1,2026-09-30T19:06:56.805623,MOIL-BAL-01,dioxide,2023-12-05,2023-12-05,50.98,underground,daily,22.3
1.0.0,True,nakshatra-synthetic-v1,2026-09-30T19:06:56.805630,MOIL-BAL-01,ferro_manganese,2023-12-06,2023-12-06,270.46,underground,daily,21.5
1.0.0,True,nakshatra-synthetic-v1,2026-09-30T19:06:56.805635,MOIL-BAL-01,silico_manganese,2023-12-06,2023-12-06,403.53,underground,daily,17.4
1.0.0,True,nakshatra-synthetic-v1,2026-09-30T19:06:56.805639,MOIL-BAL-01,blast_furnace,2023-12-06,2023-12-06,172.5,underground,daily,19.8
1.0.0,True,nakshatra-synthetic-v1,2026-09-30T19:06:56.805643,MOIL-BAL-01,dioxide,2023-12-06,2023-12-06,41.54,underground,daily,21.6
1.0.0,True,nakshatra-synthetic-v1,2026-09-30T19:06:56.805649,MOIL-BAL-01,ferro_manganese,2023-12-07,2023-12-07,215.15,underground,daily,18.2
1.0.0,True,nakshatra-synthetic-v1,2026-09-30T19:06:56.805654,MOIL-BAL-01,silico_manganese,2023-12-07,2023-12-07,351.52,underground,daily,22.7
1.0.0,True,nakshatra-synthetic-v1,2026-09-30T19:06:56.805658,MOIL-BAL-01,blast_furnace,2023-12-07,2023-12-07,147.98,underground,daily,22.7
1.0.0,True,nakshatra-synthetic-v1,2026-09-30T19:06:56.805663,MOIL-BAL-01,dioxide,2023-12-07,2023-12-07,38.7,underground,daily,21.6
1.0.0,True,nakshatra-synthetic-v1,2026-09-30T19:06:56.805670,MOIL-BAL-01,ferro_manganese,2023-12-08,2023-12-08,256.4,underground,daily,18.8
1.0.0,True,nakshatra-synthetic-v1,2026-09-30T19:06:56.805674,MOIL-BAL-01,silico_manganese,2023-12-08,2023-12-08,354.28,underground,daily,22.0
1.0.0,True,nakshatra-synthetic-v1,2026-09-30T19:06:56.805678,MOIL-BAL-01,blast_furnace,2023-12-08,2023-12-08,153.54,underground,daily,17.6
1.0.0,True,nakshatra-synthetic-v1,2026-09-30T19:06:56.805682,MOIL-BAL-01,dioxide,2023-12-08,2023-12-08,42.37,underground,daily,17.7
1.0.0,True,nakshatra-synthetic-v1,2026-09-30T19:06:56.805689,MOIL-BAL-01,ferro_manganese,2023-12-09,2023-12-09,203.24,underground,daily,20.5
1.0.0,True,nakshatra-synthetic-v1,2026-09-30T19:06:56.805693,MOIL-BAL-01,silico_manganese,2023-12-09,2023-12-09,287.23,underground,daily,20.0
1.0.0,True,nakshatra-synthetic-v1,2026-09-30T19:06:56.805697,MOIL-BAL-01,blast_furnace,2023-12-09,2023-12-09,133.09,underground,daily,18.8
1.0.0,True,nakshatra-synthetic-v1,2026-09-30T19:06:56.805701,MOIL-BAL-01,dioxide,2023-12-09,2023-12-09,33.97,underground,daily,18.2
1.0.0,True,nakshatra-synthetic-v1,2026-09-30T19:06:56.805707,MOIL-BAL-01,ferro_manganese,2023-12-10,2023-12-10,270.73,underground,daily,19.0
1.0.0,True,nakshatra-synthetic-v1,2026-09-30T19:06:56.805711,MOIL-BAL-01,silico_manganese,2023-12-10,2023-12-10,410.37,underground,daily,23.0
1.0.0,True,nakshatra-synthetic-v1,2026-09-30T19:06:56.805715,MOIL-BAL-01,blast_furnace,2023-12-10,2023-12-10,178.79,underground,daily,18.9
1.0.0,True,nakshatra-synthetic-v1,2026-09-30T19:06:56.805720,MOIL-BAL-01,dioxide,2023-12-10,2023-12-10,49.1,underground,daily,20.3
1.0.0,True,nakshatra-synthetic-v1,2026-09-30T19:06:56.805726,MOIL-BAL-01,ferro_manganese,2023-12-11,2023-12-11,276.8,underground,daily,24.0
1.0.0,True,nakshatra-synthetic-v1,2026-09-30T19:06:56.805730,MOIL-BAL-01,silico_manganese,2023-12-11,2023-12-11,401.92,underground,daily,18.0
1.0.0,True,nakshatra-synthetic-v1,2026-09-30T19:06:56.805734,MOIL-BAL-01,blast_furnace,2023-12-11,2023-12-11,178.75,underground,daily,20.4
1.0.0,True,nakshatra-synthetic-v1,2026-09-30T19:06:56.805738,MOIL-BAL-01,dioxide,2023-12-11,2023-12-11,48.03,underground,daily,19.1
1.0.0,True,nakshatra-synthetic-v1,2026-09-30T19:06:56.805745,MOIL-BAL-01,ferro_manganese,2023-12-12,2023-12-12,245.69,underground,daily,19.3
1.0.0,True,nakshatra-synthetic-v1,2026-09-30T19:06:56.805749,MOIL-BAL-01,silico_manganese,2023-12-12,2023-12-12,403.04,underground,daily,19.0
1.0.0,True,nakshatra-synthetic-v1,2026-09-30T19:06:56.805753,MOIL-BAL-01,blast_furnace,2023-12-12,2023-12-12,156.14,underground,daily,18.4
1.0.0,True,nakshatra-synthetic-v1,2026-09-30T19:06:56.805757,MOIL-BAL-01,dioxide,2023-12-12,2023-12-12,40.16,underground,daily,19.5
1.0.0,True,nakshatra-synthetic-v1,2026-09-30T19:06:56.805763,MOIL-BAL-01,ferro_manganese,2023-12-13,2023-12-13,208.21,underground,daily,19.7
1.0.0,True,nakshatra-synthetic-v1,2026-09-30T19:06:56.805768,MOIL-BAL-01,silico_manganese,2023-12-13,2023-12-13,295.16,underground,daily,20.2
1.0.0,True,nakshatra-synthetic-v1,2026-09-30T19:06:56.805772,MOIL-BAL-01,blast_furnace,2023-12-13,2023-12-13,141.92,underground,daily,19.0
1.0.0,True,nakshatra-synthetic-v1,2026-09-30T19:06:56.805776,MOIL-BAL-01,dioxide,2023-12-13,2023-12-13,36.16,underground,daily,18.0
1.0.0,True,nakshatra-synthetic-v1,2026-09-30T19:06:56.805782,MOIL-BAL-01,ferro_manganese,2023-12-14,2023-12-14,246.97,underground,daily,19.3
1.0.0,True,nakshatra-synthetic-v1,2026-09-30T19:06:56.805788,MOIL-BAL-01,silico_manganese,2023-12-14,2023-12-14,397.72,underground,daily,20.3
1.0.0,True,nakshatra-synthetic-v1,2026-09-30T19:06:56.805792,MOIL-BAL-01,blast_furnace,2023-12-14,2023-12-14,160.5,underground,daily,19.2
1.0.0,True,nakshatra-synthetic-v1,2026-09-30T19:06:56.805796,MOIL-BAL-01,dioxide,2023-12-14,2023-12-14,42.86,underground,daily,20.2
1.0.0,True,nakshatra-synthetic-v1,2026-09-30T19:06:56.805802,MOIL-BAL-01,ferro_manganese,2023-12-15,2023-12-15,265.66,underground,daily,20.6
1.0.0,True,nakshatra-synthetic-v1,2026-09-30T19:06:56.805806,MOIL-BAL-01,silico_manganese,2023-12-15,2023-12-15,433.47,underground,daily,19.6
1.0.0,True,nakshatra-synthetic-v1,2026-09-30T19:06:56.805812,MOIL-BAL-01,blast_furnace,2023-12-15,2023-12-15,183.31,underground,daily,17.0
1.0.0,True,nakshatra-synthetic-v1,2026-09-30T19:06:56.805816,MOIL-BAL-01,dioxide,2023-12-15,2023-12-15,46.59,underground,daily,19.0
1.0.0,True,nakshatra-synthetic-v1,2026-09-30T19:06:56.805822,MOIL-BAL-01,ferro_manganese,2023-12-16,2023-12-16,258.92,underground,daily,19.8
1.0.0,True,nakshatra-synthetic-v1,2026-09-30T19:06:56.805828,MOIL-BAL-01,silico_manganese,2023-12-16,2023-12-16,381.3,underground,daily,22.9
1.0.0,True,nakshatra-synthetic-v1,2026-09-30T19:06:56.805832,MOIL-BAL-01,blast_furnace,2023-12-16,2023-12-16,178.03,underground,daily,21.9
1.0.0,True,nakshatra-synthetic-v1,2026-09-30T19:06:56.805836,MOIL-BAL-01,dioxide,2023-12-16,2023-12-16,45.75,underground,daily,16.6
1.0.0,True,nakshatra-synthetic-v1,2026-09-30T19:06:56.805842,MOIL-BAL-01,ferro_manganese,2023-12-17,2023-12-17,240.34,underground,daily,18.7
1.0.0,True,nakshatra-synthetic-v1,2026-09-30T19:06:56.805846,MOIL-BAL-01,silico_manganese,2023-12-17,2023-12-17,362.24,underground,daily,17.9
1.0.0,True,nakshatra-synthetic-v1,2026-09-30T19:06:56.805851,MOIL-BAL-01,blast_furnace,2023-12-17,2023-12-17,160.94,underground,daily,20.8
1.0.0,True,nakshatra-synthetic-v1,2026-09-30T19:06:56.805855,MOIL-BAL-01,dioxide,2023-12-17,2023-12-17,38.49,underground,daily,19.4
1.0.0,True,nakshatra-synthetic-v1,2026-09-30T19:06:56.805861,MOIL-BAL-01,ferro_manganese,2023-12-18,2023-12-18,242.32,underground,daily,18.2
1.0.0,True,nakshatra-synthetic-v1,2026-09-30T19:06:56.805866,MOIL-BAL-01,silico_manganese,2023-12-18,2023-12-18,376.6,underground,daily,16.8
1.0.0,True,nakshatra-synthetic-v1,2026-09-30T19:06:56.805870,MOIL-BAL-01,blast_furnace,2023-12-18,2023-12-18,175.04,underground,daily,20.4
1.0.0,True,nakshatra-synthetic-v1,2026-09-30T19:06:56.805874,MOIL-BAL-01,dioxide,2023-12-18,2023-12-18,40.68,underground,daily,21.1
1.0.0,True,nakshatra-synthetic-v1,2026-09-30T19:06:56.805880,MOIL-BAL-01,ferro_manganese,2023-12-19,2023-12-19,222.69,underground,daily,18.4
1.0.0,True,nakshatra-synthetic-v1,2026-09-30T19:06:56.805884,MOIL-BAL-01,silico_manganese,2023-12-19,2023-12-19,336.62,underground,daily,19.4
1.0.0,True,nakshatra-synthetic-v1,2026-09-30T19:06:56.805888,MOIL-BAL-01,blast_furnace,2023-12-19,2023-12-19,151.1,underground,daily,19.5
1.0.0,True,nakshatra-synthetic-v1,2026-09-30T19:06:56.805893,MOIL-BAL-01,dioxide,2023-12-19,2023-12-19,38.68,underground,daily,17.3
1.0.0,True,nakshatra-synthetic-v1,2026-09-30T19:06:56.805899,MOIL-BAL-01,ferro_manganese,2023-12-20,2023-12-20,290.04,underground,daily,23.4
1.0.0,True,nakshatra-synthetic-v1,2026-09-30T19:06:56.805903,MOIL-BAL-01,silico_manganese,2023-12-20,2023-12-20,420.44,underground,daily,18.9
1.0.0,True,nakshatra-synthetic-v1,2026-09-30T19:06:56.805907,MOIL-BAL-01,blast_furnace,2023-12-20,2023-12-20,190.1,underground,daily,21.7
1.0.0,True,nakshatra-synthetic-v1,2026-09-30T19:06:56.805911,MOIL-BAL-01,dioxide,2023-12-20,2023-12-20,47.31,underground,daily,19.5
1.0.0,True,nakshatra-synthetic-v1,2026-09-30T19:06:56.805918,MOIL-BAL-01,ferro_manganese,2023-12-21,2023-12-21,216.66,underground,daily,21.6
1.0.0,True,nakshatra-synthetic-v1,2026-09-30T19:06:56.805922,MOIL-BAL-01,silico_manganese,2023-12-21,2023-12-21,347.36,underground,daily,19.6
1.0.0,True,nakshatra-synthetic-v1,2026-09-30T19:06:56.805926,MOIL-BAL-01,blast_furnace,2023-12-21,2023-12-21,148.46,underground,daily,21.0
1.0.0,True,nakshatra-synthetic-v1,2026-09-30T19:06:56.805930,MOIL-BAL-01,dioxide,2023-12-21,2023-12-21,38.02,underground,daily,17.8
1.0.0,True,nakshatra-synthetic-v1,2026-09-30T19:06:56.805937,MOIL-BAL-01,ferro_manganese,2023-12-22,2023-12-22,256.17,underground,daily,20.5
1.0.0,True,nakshatra-synthetic-v1,2026-09-30T19:06:56.805941,MOIL-BAL-01,silico_manganese,2023-12-22,2023-12-22,380.74,underground,daily,23.5
1.0.0,True,nakshatra-synthetic-v1,2026-09-30T19:06:56.805945,MOIL-BAL-01,blast_furnace,2023-12-22,2023-12-22,176.11,underground,daily,17.7
1.0.0,True,nakshatra-synthetic-v1,2026-09-30T19:06:56.805949,MOIL-BAL-01,dioxide,2023-12-22,2023-12-22,41.11,underground,daily,18.7
1.0.0,True,nakshatra-synthetic-v1,2026-09-30T19:06:56.805955,MOIL-BAL-01,ferro_manganese,2023-12-23,2023-12-23,257.48,underground,daily,21.8
1.0.0,True,nakshatra-synthetic-v1,2026-09-30T19:06:56.805961,MOIL-BAL-01,silico_manganese,2023-12-23,2023-12-23,391.56,underground,daily,22.3
1.0.0,True,nakshatra-synthetic-v1,2026-09-30T19:06:56.805966,MOIL-BAL-01,blast_furnace,2023-12-23,2023-12-23,174.3,underground,daily,21.7
1.0.0,True,nakshatra-synthetic-v1,2026-09-30T19:06:56.805970,MOIL-BAL-01,dioxide,2023-12-23,2023-12-23,46.83,underground,daily,20.8
1.0.0,True,nakshatra-synthetic-v1,2026-09-30T19:06:56.805976,MOIL-BAL-01,ferro_manganese,2023-12-24,2023-12-24,223.24,underground,daily,20.1
1.0.0,True,nakshatra-synthetic-v1,2026-09-30T19:06:56.805980,MOIL-BAL-01,silico_manganese,2023-12-24,2023-12-24,330.28,underground,daily,20.8
1.0.0,True,nakshatra-synthetic-v1,2026-09-30T19:06:56.805984,MOIL-BAL-01,blast_furnace,2023-12-24,2023-12-24,145.8,underground,daily,20.6
1.0.0,True,nakshatra-synthetic-v1,2026-09-30T19:06:56.805988,MOIL-BAL-01,dioxide,2023-12-24,2023-12-24,38.17,underground,daily,18.5
1.0.0,True,nakshatra-synthetic-v1,2026-09-30T19:06:56.805995,MOIL-BAL-01,ferro_manganese,2023-12-25,2023-12-25,254.84,underground,daily,17.7
1.0.0,True,nakshatra-synthetic-v1,2026-09-30T19:06:56.805999,MOIL-BAL-01,silico_manganese,2023-12-25,2023-12-25,374.41,underground,daily,20.0
1.0.0,True,nakshatra-synthetic-v1,2026-09-30T19:06:56.806003,MOIL-BAL-01,blast_furnace,2023-12-25,2023-12-25,156.96,underground,daily,17.9
1.0.0,True,nakshatra-synthetic-v1,2026-09-30T19:06:56.806007,MOIL-BAL-01,dioxide,2023-12-25,2023-12-25,42.72,underground,daily,19.2
1.0.0,True,nakshatra-synthetic-v1,2026-09-30T19:06:56.806013,MOIL-BAL-01,ferro_manganese,2023-12-26,2023-12-26,261.96,underground,daily,18.9
1.0.0,True,nakshatra-synthetic-v1,2026-09-30T19:06:56.806019,MOIL-BAL-01,silico_manganese,2023-12-26,2023-12-26,400.14,underground,daily,20.4
1.0.0,True,nakshatra-synthetic-v1,2026-09-30T19:06:56.806023,MOIL-BAL-01,blast_furnace,2023-12-26,2023-12-26,177.6,underground,daily,20.0
1.0.0,True,nakshatra-synthetic-v1,2026-09-30T19:06:56.806027,MOIL-BAL-01,dioxide,2023-12-26,2023-12-26,45.02,underground,daily,23.4
1.0.0,True,nakshatra-synthetic-v1,2026-09-30T19:06:56.806033,MOIL-BAL-01,ferro_manganese,2023-12-27,2023-12-27,251.03,underground,daily,20.4
1.0.0,True,nakshatra-synthetic-v1,2026-09-30T19:06:56.806038,MOIL-BAL-01,silico_manganese,2023-12-27,2023-12-27,364.99,underground,daily,19.9
1.0.0,True,nakshatra-synthetic-v1,2026-09-30T19:06:56.806042,MOIL-BAL-01,blast_furnace,2023-12-27,2023-12-27,161.35,underground,daily,21.2
1.0.0,True,nakshatra-synthetic-v1,2026-09-30T19:06:56.806046,MOIL-BAL-01,dioxide,2023-12-27,2023-12-27,41.19,underground,daily,21.4
1.0.0,True,nakshatra-synthetic-v1,2026-09-30T19:06:56.806052,MOIL-BAL-01,ferro_manganese,2023-12-28,2023-12-28,231.17,underground,daily,22.6
1.0.0,True,nakshatra-synthetic-v1,2026-09-30T19:06:56.806056,MOIL-BAL-01,silico_manganese,2023-12-28,2023-12-28,343.68,underground,daily,20.0
1.0.0,True,nakshatra-synthetic-v1,2026-09-30T19:06:56.806060,MOIL-BAL-01,blast_furnace,2023-12-28,2023-12-28,142.93,underground,daily,22.9
1.0.0,True,nakshatra-synthetic-v1,2026-09-30T19:06:56.806064,MOIL-BAL-01,dioxide,2023-12-28,2023-12-28,37.5,underground,daily,20.7
1.0.0,True,nakshatra-synthetic-v1,2026-09-30T19:06:56.806070,MOIL-BAL-01,ferro_manganese,2023-12-29,2023-12-29,268.24,underground,daily,18.0
1.0.0,True,nakshatra-synthetic-v1,2026-09-30T19:06:56.806075,MOIL-BAL-01,silico_manganese,2023-12-29,2023-12-29,389.13,underground,daily,18.9
1.0.0,True,nakshatra-synthetic-v1,2026-09-30T19:06:56.806079,MOIL-BAL-01,blast_furnace,2023-12-29,2023-12-29,169.5,underground,daily,21.0
1.0.0,True,nakshatra-synthetic-v1,2026-09-30T19:06:56.806083,MOIL-BAL-01,dioxide,2023-12-29,2023-12-29,42.91,underground,daily,20.0
1.0.0,True,nakshatra-synthetic-v1,2026-09-30T19:06:56.806089,MOIL-BAL-01,ferro_manganese,2023-12-30,2023-12-30,277.84,underground,daily,22.0
1.0.0,True,nakshatra-synthetic-v1,2026-09-30T19:06:56.806094,MOIL-BAL-01,silico_manganese,2023-12-30,2023-12-30,421.68,underground,daily,20.3
1.0.0,True,nakshatra-synthetic-v1,2026-09-30T19:06:56.806098,MOIL-BAL-01,blast_furnace,2023-12-30,2023-12-30,186.87,underground,daily,20.4
1.0.0,True,nakshatra-synthetic-v1,2026-09-30T19:06:56.806102,MOIL-BAL-01,dioxide,2023-12-30,2023-12-30,46.01,underground,daily,21.7
1.0.0,True,nakshatra-synthetic-v1,2026-09-30T19:06:56.806110,MOIL-BAL-01,ferro_manganese,2023-12-31,2023-12-31,239.08,underground,daily,23.3
1.0.0,True,nakshatra-synthetic-v1,2026-09-30T19:06:56.806114,MOIL-BAL-01,silico_manganese,2023-12-31,2023-12-31,361.08,underground,daily,18.0
1.0.0,True,nakshatra-synthetic-v1,2026-09-30T19:06:56.806118,MOIL-BAL-01,blast_furnace,2023-12-31,2023-12-31,163.38,underground,daily,19.3
1.0.0,True,nakshatra-synthetic-v1,2026-09-30T19:06:56.806122,MOIL-BAL-01,dioxide,2023-12-31,2023-12-31,38.43,underground,daily,19.4
1.0.0,True,nakshatra-synthetic-v1,2026-09-30T19:06:56.806130,MOIL-BAL-01,ferro_manganese,2024-01-01,2024-01-01,339.15,underground,daily,21.6
1.0.0,True,nakshatra-synthetic-v1,2026-09-30T19:06:56.806134,MOIL-BAL-01,silico_manganese,2024-01-01,2024-01-01,495.56,underground,daily,19.8
1.0.0,True,nakshatra-synthetic-v1,2026-09-30T19:06:56.806138,MOIL-BAL-01,blast_furnace,2024-01-01,2024-01-01,242.24,underground,daily,18.3
1.0.0,True,nakshatra-synthetic-v1,2026-09-30T19:06:56.806142,MOIL-BAL-01,dioxide,2024-01-01,2024-01-01,56.74,underground,daily,19.1
1.0.0,True,nakshatra-synthetic-v1,2026-09-30T19:06:56.806149,MOIL-BAL-01,ferro_manganese,2024-01-02,2024-01-02,226.7,underground,daily,21.2
1.0.0,True,nakshatra-synthetic-v1,2026-09-30T19:06:56.806153,MOIL-BAL-01,silico_manganese,2024-01-02,2024-01-02,321.83,underground,daily,19.4
1.0.0,True,nakshatra-synthetic-v1,2026-09-30T19:06:56.806157,MOIL-BAL-01,blast_furnace,2024-01-02,2024-01-02,145.91,underground,daily,21.7
1.0.0,True,nakshatra-synthetic-v1,2026-09-30T19:06:56.806161,MOIL-BAL-01,dioxide,2024-01-02,2024-01-02,38.18,underground,daily,21.5
1.0.0,True,nakshatra-synthetic-v1,2026-09-30T19:06:56.806168,MOIL-BAL-01,ferro_manganese,2024-01-03,2024-01-03,277.49,underground,daily,20.8
1.0.0,True,nakshatra-synthetic-v1,2026-09-30T19:06:56.806172,MOIL-BAL-01,silico_manganese,2024-01-03,2024-01-03,403.44,underground,daily,20.4
1.0.0,True,nakshatra-synthetic-v1,2026-09-30T19:06:56.806176,MOIL-BAL-01,blast_furnace,2024-01-03,2024-01-03,183.02,underground,daily,16.6
1.0.0,True,nakshatra-synthetic-v1,2026-09-30T19:06:56.806180,MOIL-BAL-01,dioxide,2024-01-03,2024-01-03,47.48,underground,daily,17.6
1.0.0,True,nakshatra-synthetic-v1,2026-09-30T19:06:56.806188,MOIL-BAL-01,ferro_manganese,2024-01-04,2024-01-04,239.51,underground,daily,19.2
1.0.0,True,nakshatra-synthetic-v1,2026-09-30T19:06:56.806192,MOIL-BAL-01,silico_manganese,2024-01-04,2024-01-04,352.0,underground,daily,18.1
1.0.0,True,nakshatra-synthetic-v1,2026-09-30T19:06:56.806196,MOIL-BAL-01,blast_furnace,2024-01-04,2024-01-04,152.49,underground,daily,19.6
1.0.0,True,nakshatra-synthetic-v1,2026-09-30T19:06:56.806200,MOIL-BAL-01,dioxide,2024-01-04,2024-01-04,38.2,underground,daily,17.6
1.0.0,True,nakshatra-synthetic-v1,2026-09-30T19:06:56.806207,MOIL-BAL-01,ferro_manganese,2024-01-05,2024-01-05,276.34,underground,daily,18.0
1.0.0,True,nakshatra-synthetic-v1,2026-09-30T19:06:56.806212,MOIL-BAL-01,silico_manganese,2024-01-05,2024-01-05,429.09,underground,daily,17.8
1.0.0,True,nakshatra-synthetic-v1,2026-09-30T19:06:56.806216,MOIL-BAL-01,blast_furnace,2024-01-05,2024-01-05,185.93,underground,daily,16.2
1.0.0,True,nakshatra-synthetic-v1,2026-09-30T19:06:56.806220,MOIL-BAL-01,dioxide,2024-01-05,2024-01-05,45.04,underground,daily,19.5
1.0.0,True,nakshatra-synthetic-v1,2026-09-30T19:06:56.806226,MOIL-BAL-01,ferro_manganese,2024-01-06,2024-01-06,258.78,underground,daily,17.3
1.0.0,True,nakshatra-synthetic-v1,2026-09-30T19:06:56.806231,MOIL-BAL-01,silico_manganese,2024-01-06,2024-01-06,367.88,underground,daily,22.0
1.0.0,True,nakshatra-synthetic-v1,2026-09-30T19:06:56.806235,MOIL-BAL-01,blast_furnace,2024-01-06,2024-01-06,175.42,underground,daily,21.1
1.0.0,True,nakshatra-synthetic-v1,2026-09-30T19:06:56.806239,MOIL-BAL-01,dioxide,2024-01-06,2024-01-06,42.5,underground,daily,21.4
1.0.0,True,nakshatra-synthetic-v1,2026-09-30T19:06:56.806245,MOIL-BAL-01,ferro_manganese,2024-01-07,2024-01-07,351.32,underground,daily,19.3
1.0.0,True,nakshatra-synthetic-v1,2026-09-30T19:06:56.806249,MOIL-BAL-01,silico_manganese,2024-01-07,2024-01-07,508.51,underground,daily,23.7
1.0.0,True,nakshatra-synthetic-v1,2026-09-30T19:06:56.806254,MOIL-BAL-01,blast_furnace,2024-01-07,2024-01-07,229.58,underground,daily,20.4
1.0.0,True,nakshatra-synthetic-v1,2026-09-30T19:06:56.806259,MOIL-BAL-01,dioxide,2024-01-07,2024-01-07,54.83,underground,daily,22.1
1.0.0,True,nakshatra-synthetic-v1,2026-09-30T19:06:56.806265,MOIL-BAL-01,ferro_manganese,2024-01-08,2024-01-08,262.11,underground,daily,21.7
1.0.0,True,nakshatra-synthetic-v1,2026-09-30T19:06:56.806269,MOIL-BAL-01,silico_manganese,2024-01-08,2024-01-08,364.69,underground,daily,22.6
1.0.0,True,nakshatra-synthetic-v1,2026-09-30T19:06:56.806273,MOIL-BAL-01,blast_furnace,2024-01-08,2024-01-08,164.28,underground,daily,19.4
1.0.0,True,nakshatra-synthetic-v1,2026-09-30T19:06:56.806278,MOIL-BAL-01,dioxide,2024-01-08,2024-01-08,42.93,underground,daily,17.7
1.0.0,True,nakshatra-synthetic-v1,2026-09-30T19:06:56.806284,MOIL-BAL-01,ferro_manganese,2024-01-09,2024-01-09,221.16,underground,daily,19.0
1.0.0,True,nakshatra-synthetic-v1,2026-09-30T19:06:56.806288,MOIL-BAL-01,silico_manganese,2024-01-09,2024-01-09,355.59,underground,daily,22.0
1.0.0,True,nakshatra-synthetic-v1,2026-09-30T19:06:56.806292,MOIL-BAL-01,blast_furnace,2024-01-09,2024-01-09,162.73,underground,daily,22.3
1.0.0,True,nakshatra-synthetic-v1,2026-09-30T19:06:56.806296,MOIL-BAL-01,dioxide,2024-01-09,2024-01-09,40.93,underground,daily,20.5
1.0.0,True,nakshatra-synthetic-v1,2026-09-30T19:06:56.806302,MOIL-BAL-01,ferro_manganese,2024-01-10,2024-01-10,282.11,underground,daily,20.1
1.0.0,True,nakshatra-synthetic-v1,2026-09-30T19:06:56.806306,MOIL-BAL-01,silico_manganese,2024-01-10,2024-01-10,435.08,underground,daily,23.4
1.0.0,True,nakshatra-synthetic-v1,2026-09-30T19:06:56.806311,MOIL-BAL-01,blast_furnace,2024-01-10,2024-01-10,186.08,underground,daily,21.5
1.0.0,True,nakshatra-synthetic-v1,2026-09-30T19:06:56.806316,MOIL-BAL-01,dioxide,2024-01-10,2024-01-10,48.4,underground,daily,19.2
1.0.0,True,nakshatra-synthetic-v1,2026-09-30T19:06:56.806322,MOIL-BAL-01,ferro_manganese,2024-01-11,2024-01-11,233.27,underground,daily,18.0
1.0.0,True,nakshatra-synthetic-v1,2026-09-30T19:06:56.806326,MOIL-BAL-01,silico_manganese,2024-01-11,2024-01-11,373.54,underground,daily,20.1
1.0.0,True,nakshatra-synthetic-v1,2026-09-30T19:06:56.806330,MOIL-BAL-01,blast_furnace,2024-01-11,2024-01-11,161.89,underground,daily,19.3
1.0.0,True,nakshatra-synthetic-v1,2026-09-30T19:06:56.806334,MOIL-BAL-01,dioxide,2024-01-11,2024-01-11,41.12,underground,daily,21.2
1.0.0,True,nakshatra-synthetic-v1,2026-09-30T19:06:56.806341,MOIL-BAL-01,ferro_manganese,2024-01-12,2024-01-12,207.19,underground,daily,18.7
1.0.0,True,nakshatra-synthetic-v1,2026-09-30T19:06:56.806345,MOIL-BAL-01,silico_manganese,2024-01-12,2024-01-12,302.21,underground,daily,17.9
1.0.0,True,nakshatra-synthetic-v1,2026-09-30T19:06:56.806349,MOIL-BAL-01,blast_furnace,2024-01-12,2024-01-12,135.21,underground,daily,21.4
1.0.0,True,nakshatra-synthetic-v1,2026-09-30T19:06:56.806353,MOIL-BAL-01,dioxide,2024-01-12,2024-01-12,34.31,underground,daily,20.1
1.0.0,True,nakshatra-synthetic-v1,2026-09-30T19:06:56.806359,MOIL-BAL-01,ferro_manganese,2024-01-13,2024-01-13,243.43,underground,daily,20.2
1.0.0,True,nakshatra-synthetic-v1,2026-09-30T19:06:56.806364,MOIL-BAL-01,silico_manganese,2024-01-13,2024-01-13,365.76,underground,daily,21.5
1.0.0,True,nakshatra-synthetic-v1,2026-09-30T19:06:56.806368,MOIL-BAL-01,blast_furnace,2024-01-13,2024-01-13,164.17,underground,daily,24.0
1.0.0,True,nakshatra-synthetic-v1,2026-09-30T19:06:56.806372,MOIL-BAL-01,dioxide,2024-01-13,2024-01-13,41.49,underground,daily,22.5
1.0.0,True,nakshatra-synthetic-v1,2026-09-30T19:06:56.806379,MOIL-BAL-01,ferro_manganese,2024-01-14,2024-01-14,224.0,underground,daily,19.7
1.0.0,True,nakshatra-synthetic-v1,2026-09-30T19:06:56.806383,MOIL-BAL-01,silico_manganese,2024-01-14,2024-01-14,329.74,underground,daily,16.0
1.0.0,True,nakshatra-synthetic-v1,2026-09-30T19:06:56.806387,MOIL-BAL-01,blast_furnace,2024-01-14,2024-01-14,140.23,underground,daily,22.7
1.0.0,True,nakshatra-synthetic-v1,2026-09-30T19:06:56.806391,MOIL-BAL-01,dioxide,2024-01-14,2024-01-14,36.59,underground,daily,18.1
1.0.0,True,nakshatra-synthetic-v1,2026-09-30T19:06:56.806397,MOIL-BAL-01,ferro_manganese,2024-01-15,2024-01-15,247.98,underground,daily,22.5
1.0.0,True,nakshatra-synthetic-v1,2026-09-30T19:06:56.806402,MOIL-BAL-01,silico_manganese,2024-01-15,2024-01-15,377.57,underground,daily,19.8
1.0.0,True,nakshatra-synthetic-v1,2026-09-30T19:06:56.806407,MOIL-BAL-01,blast_furnace,2024-01-15,2024-01-15,170.25,underground,daily,21.6
1.0.0,True,nakshatra-synthetic-v1,2026-09-30T19:06:56.806412,MOIL-BAL-01,dioxide,2024-01-15,2024-01-15,42.9,underground,daily,20.8
1.0.0,True,nakshatra-synthetic-v1,2026-09-30T19:06:56.806418,MOIL-BAL-01,ferro_manganese,2024-01-16,2024-01-16,254.1,underground,daily,24.0
1.0.0,True,nakshatra-synthetic-v1,2026-09-30T19:06:56.806422,MOIL-BAL-01,silico_manganese,2024-01-16,2024-01-16,401.36,underground,daily,21.1
1.0.0,True,nakshatra-synthetic-v1,2026-09-30T19:06:56.806426,MOIL-BAL-01,blast_furnace,2024-01-16,2024-01-16,163.43,underground,daily,21.0
1.0.0,True,nakshatra-synthetic-v1,2026-09-30T19:06:56.806430,MOIL-BAL-01,dioxide,2024-01-16,2024-01-16,42.9,underground,daily,17.5
1.0.0,True,nakshatra-synthetic-v1,2026-09-30T19:06:56.806436,MOIL-BAL-01,ferro_manganese,2024-01-17,2024-01-17,257.07,underground,daily,16.7
1.0.0,True,nakshatra-synthetic-v1,2026-09-30T19:06:56.806440,MOIL-BAL-01,silico_manganese,2024-01-17,2024-01-17,391.21,underground,daily,22.1
1.0.0,True,nakshatra-synthetic-v1,2026-09-30T19:06:56.806445,MOIL-BAL-01,blast_furnace,2024-01-17,2024-01-17,184.55,underground,daily,21.1
1.0.0,True,nakshatra-synthetic-v1,2026-09-30T19:06:56.806449,MOIL-BAL-01,dioxide,2024-01-17,2024-01-17,44.45,underground,daily,21.8
1.0.0,True,nakshatra-synthetic-v1,2026-09-30T19:06:56.806455,MOIL-BAL-01,ferro_manganese,2024-01-18,2024-01-18,250.1,underground,daily,18.8
1.0.0,True,nakshatra-synthetic-v1,2026-09-30T19:06:56.806459,MOIL-BAL-01,silico_manganese,2024-01-18,2024-01-18,360.78,underground,daily,19.2
1.0.0,True,nakshatra-synthetic-v1,2026-09-30T19:06:56.806463,MOIL-BAL-01,blast_furnace,2024-01-18,2024-01-18,169.4,underground,daily,16.0
1.0.0,True,nakshatra-synthetic-v1,2026-09-30T19:06:56.806467,MOIL-BAL-01,dioxide,2024-01-18,2024-01-18,39.89,underground,daily,20.4
1.0.0,True,nakshatra-synthetic-v1,2026-09-30T19:06:56.806473,MOIL-BAL-01,ferro_manganese,2024-01-19,2024-01-19,261.43,underground,daily,24.0
1.0.0,True,nakshatra-synthetic-v1,2026-09-30T19:06:56.806477,MOIL-BAL-01,silico_manganese,2024-01-19,2024-01-19,378.05,underground,daily,20.9
1.0.0,True,nakshatra-synthetic-v1,2026-09-30T19:06:56.806482,MOIL-BAL-01,blast_furnace,2024-01-19,2024-01-19,162.6,underground,daily,16.5
1.0.0,True,nakshatra-synthetic-v1,2026-09-30T19:06:56.806486,MOIL-BAL-01,dioxide,2024-01-19,2024-01-19,40.37,underground,daily,18.1
1.0.0,True,nakshatra-synthetic-v1,2026-09-30T19:06:56.806492,MOIL-BAL-01,ferro_manganese,2024-01-20,2024-01-20,252.54,underground,daily,17.4
1.0.0,True,nakshatra-synthetic-v1,2026-09-30T19:06:56.806496,MOIL-BAL-01,silico_manganese,2024-01-20,2024-01-20,392.63,underground,daily,19.3
1.0.0,True,nakshatra-synthetic-v1,2026-09-30T19:06:56.806500,MOIL-BAL-01,blast_furnace,2024-01-20,2024-01-20,177.69,underground,daily,19.9
1.0.0,True,nakshatra-synthetic-v1,2026-09-30T19:06:56.806504,MOIL-BAL-01,dioxide,2024-01-20,2024-01-20,42.74,underground,daily,21.1
1.0.0,True,nakshatra-synthetic-v1,2026-09-30T19:06:56.806510,MOIL-BAL-01,ferro_manganese,2024-01-21,2024-01-21,280.93,underground,daily,20.1
1.0.0,True,nakshatra-synthetic-v1,2026-09-30T19:06:56.806515,MOIL-BAL-01,silico_manganese,2024-01-21,2024-01-21,446.41,underground,daily,21.8
1.0.0,True,nakshatra-synthetic-v1,2026-09-30T19:06:56.806519,MOIL-BAL-01,blast_furnace,2024-01-21,2024-01-21,195.57,underground,daily,20.0
1.0.0,True,nakshatra-synthetic-v1,2026-09-30T19:06:56.806523,MOIL-BAL-01,dioxide,2024-01-21,2024-01-21,50.37,underground,daily,18.5
1.0.0,True,nakshatra-synthetic-v1,2026-09-30T19:06:56.806529,MOIL-BAL-01,ferro_manganese,2024-01-22,2024-01-22,263.88,underground,daily,20.0
1.0.0,True,nakshatra-synthetic-v1,2026-09-30T19:06:56.806533,MOIL-BAL-01,silico_manganese,2024-01-22,2024-01-22,384.37,underground,daily,20.2
1.0.0,True,nakshatra-synthetic-v1,2026-09-30T19:06:56.806537,MOIL-BAL-01,blast_furnace,2024-01-22,2024-01-22,174.02,underground,daily,20.8
1.0.0,True,nakshatra-synthetic-v1,2026-09-30T19:06:56.806542,MOIL-BAL-01,dioxide,2024-01-22,2024-01-22,43.98,underground,daily,23.2
1.0.0,True,nakshatra-synthetic-v1,2026-09-30T19:06:56.806548,MOIL-BAL-01,ferro_manganese,2024-01-23,2024-01-23,280.49,underground,daily,24.0
1.0.0,True,nakshatra-synthetic-v1,2026-09-30T19:06:56.806553,MOIL-BAL-01,silico_manganese,2024-01-23,2024-01-23,412.42,underground,daily,21.3
1.0.0,True,nakshatra-synthetic-v1,2026-09-30T19:06:56.806557,MOIL-BAL-01,blast_furnace,2024-01-23,2024-01-23,189.6,underground,daily,23.0
1.0.0,True,nakshatra-synthetic-v1,2026-09-30T19:06:56.806561,MOIL-BAL-01,dioxide,2024-01-23,2024-01-23,46.1,underground,daily,23.8
