name,lat,lng,label,iron_oxide_ratio,ferrous_ratio,clay_alteration_ratio,ndvi,elevation_m,slope_deg,swir_ratio_norm,scene_id,scene_datetime,cloud_cover_pct,source,is_synthetic
Balaghat,21.83,80.19,1,1.495,1.2316,1.1966,0.126,306.0,1.287,0.0895,S2C_MSIL2A_20260616T050651_R019_T44QMK_20260616T100816,2026-06-16T05:06:51.025000Z,0.88,Sentinel-2 L2A via Microsoft Planetary Computer; SRTM 30m via OpenTopoData,False
Bharweli,21.86,80.26,1,1.4426,1.2028,1.2121,0.1562,308.0,1.461,0.0959,S2C_MSIL2A_20260616T050651_R019_T44QMK_20260616T100816,2026-06-16T05:06:51.025000Z,0.88,Sentinel-2 L2A via Microsoft Planetary Computer; SRTM 30m via OpenTopoData,False
Ukwa,21.93,80.52,1,1.14,0.7498,1.4302,0.4592,624.0,2.08,0.177,S2C_MSIL2A_20260616T050651_R019_T44QMK_20260616T100816,2026-06-16T05:06:51.025000Z,0.88,Sentinel-2 L2A via Microsoft Planetary Computer; SRTM 30m via OpenTopoData,False
Tirodi,22.16,79.68,1,1.1149,0.8652,1.3529,0.3888,539.0,1.893,0.15,S2C_MSIL2A_20260407T050651_R019_T44QLK_20260407T103956,2026-04-07T05:06:51.025000Z,0.08,Sentinel-2 L2A via Microsoft Planetary Computer; SRTM 30m via OpenTopoData,False
Dongri Buzurg,20.99,79.34,1,1.3884,1.3345,1.1769,0.169,280.0,2.164,0.0813,S2C_MSIL2A_20260407T050651_R019_T44QLJ_20260407T103956,2026-04-07T05:06:51.025000Z,0.0,Sentinel-2 L2A via Microsoft Planetary Computer; SRTM 30m via OpenTopoData,False
Chikla,21.3,79.66,1,1.3063,1.2715,1.2131,0.1562,261.0,1.381,0.0963,S2C_MSIL2A_20260407T050651_R019_T44QLJ_20260407T103956,2026-04-07T05:06:51.025000Z,0.0,Sentinel-2 L2A via Microsoft Planetary Computer; SRTM 30m via OpenTopoData,False
Mansar,21.44,79.25,1,1.3374,1.457,1.1702,0.1614,331.0,0.643,0.0784,S2C_MSIL2A_20260407T050651_R019_T44QLJ_20260407T103956,2026-04-07T05:06:51.025000Z,0.0,Sentinel-2 L2A via Microsoft Planetary Computer; SRTM 30m via OpenTopoData,False
Kandri,21.38,79.32,1,1.4194,1.2057,1.2502,0.1532,309.0,1.524,0.1112,S2C_MSIL2A_20260407T050651_R019_T44QLJ_20260407T103956,2026-04-07T05:06:51.025000Z,0.0,Sentinel-2 L2A via Microsoft Planetary Computer; SRTM 30m via OpenTopoData,False
Gumgaon,21.33,79.03,1,1.3514,1.0597,1.1179,0.0901,299.0,2.372,0.0557,S2C_MSIL2A_20260619T051651_R062_T44QKJ_20260619T101809,2026-06-19T05:16:51.025000Z,1.0,Sentinel-2 L2A via Microsoft Planetary Computer; SRTM 30m via OpenTopoData,False
Beldongri,21.16,79.18,1,1.1812,1.071,1.1946,0.1491,284.0,0.943,0.0887,S2C_MSIL2A_20260407T050651_R019_T44QLJ_20260407T103956,2026-04-07T05:06:51.025000Z,0.0,Sentinel-2 L2A via Microsoft Planetary Computer; SRTM 30m via OpenTopoData,False
neg-001,22.05802,79.0841,0,1.2488,1.202,1.2347,0.1447,636.0,1.462,0.105,S2C_MSIL2A_20260510T051651_R062_T44QLK_20260510T101919,2026-05-10T05:16:51.025000Z,0.21,Sentinel-2 L2A via Microsoft Planetary Computer; SRTM 30m via OpenTopoData,False
neg-002,21.64328,80.77492,0,1.4816,1.4153,1.2298,0.1298,658.0,0.643,0.1031,S2C_MSIL2A_20260616T050651_R019_T44QMK_20260616T100816,2026-06-16T05:06:51.025000Z,0.88,Sentinel-2 L2A via Microsoft Planetary Computer; SRTM 30m via OpenTopoData,False
neg-003,22.3501,79.54776,0,1.2864,1.1701,1.2661,0.1597,525.0,2.378,0.1174,S2C_MSIL2A_20260407T050651_R019_T44QLK_20260407T103956,2026-04-07T05:06:51.025000Z,0.08,Sentinel-2 L2A via Microsoft Planetary Computer; SRTM 30m via OpenTopoData,False
neg-004,21.55708,78.97683,0,1.414,1.3276,1.1568,0.1334,350.0,8.698,0.0727,S2C_MSIL2A_20260619T051651_R062_T44QKJ_20260619T101809,2026-06-19T05:16:51.025000Z,1.0,Sentinel-2 L2A via Microsoft Planetary Computer; SRTM 30m via OpenTopoData,False
neg-005,21.23716,80.03824,0,1.3884,1.2023,1.3457,0.2929,347.0,1.523,0.1474,S2C_MSIL2A_20260507T050651_R019_T44QMJ_20260508T103604,2026-05-07T05:06:51.025000Z,0.85,Sentinel-2 L2A via Microsoft Planetary Computer; SRTM 30m via OpenTopoData,False
neg-006,21.2398,78.83472,0,1.3378,1.2113,1.1381,0.1084,360.0,1.46,0.0646,S2C_MSIL2A_20260619T051651_R062_T44QKJ_20260619T101809,2026-06-19T05:16:51.025000Z,1.0,Sentinel-2 L2A via Microsoft Planetary Computer; SRTM 30m via OpenTopoData,False
neg-007,21.76045,79.07566,0,1.3568,1.2896,1.2063,0.0837,593.0,0.693,0.0935,S2C_MSIL2A_20260510T051651_R062_T44QLK_20260510T101919,2026-05-10T05:16:51.025000Z,0.21,Sentinel-2 L2A via Microsoft Planetary Computer; SRTM 30m via OpenTopoData,False
neg-008,21.38369,80.55157,0,1.4753,1.214,1.286,0.2117,320.0,2.438,0.1251,S2C_MSIL2A_20260507T050651_R019_T44QMJ_20260508T103604,2026-05-07T05:06:51.025000Z,0.85,Sentinel-2 L2A via Microsoft Planetary Computer; SRTM 30m via OpenTopoData,False
neg-009,21.61784,80.55593,0,1.0612,0.585,1.5597,0.552,677.0,3.956,0.2186,S2C_MSIL2A_20260616T050651_R019_T44QMK_20260616T100816,2026-06-16T05:06:51.025000Z,0.88,Sentinel-2 L2A via Microsoft Planetary Computer; SRTM 30m via OpenTopoData,False
neg-010,22.18323,79.36704,0,1.2587,1.1078,1.2861,0.2609,621.0,0.947,0.1251,S2C_MSIL2A_20260407T050651_R019_T44QLK_20260407T103956,2026-04-07T05:06:51.025000Z,0.08,Sentinel-2 L2A via Microsoft Planetary Computer; SRTM 30m via OpenTopoData,False
neg-011,22.44518,80.2155,0,1.2087,0.9888,1.3336,0.3024,642.0,20.983,0.143,S2C_MSIL2A_20260616T050651_R019_T44QMK_20260616T100816,2026-06-16T05:06:51.025000Z,0.88,Sentinel-2 L2A via Microsoft Planetary Computer; SRTM 30m via OpenTopoData,False
neg-012,20.8638,79.53866,0,0.9448,0.9899,1.0438,-0.047,241.0,1.459,0.0214,S2C_MSIL2A_20260407T050651_R019_T44QLJ_20260407T103956,2026-04-07T05:06:51.025000Z,0.0,Sentinel-2 L2A via Microsoft Planetary Computer; SRTM 30m via OpenTopoData,False
neg-013,21.39363,78.73001,0,1.3371,1.0172,1.2213,0.2564,389.0,2.663,0.0996,S2C_MSIL2A_20260619T051651_R062_T44QKJ_20260619T101809,2026-06-19T05:16:51.025000Z,1.0,Sentinel-2 L2A via Microsoft Planetary Computer; SRTM 30m via OpenTopoData,False
neg-014,20.5115,80.52324,0,1.3203,1.1007,1.286,0.2631,378.0,0.687,0.1251,S2C_MSIL2A_20260507T050651_R019_T44QMH_20260508T103604,2026-05-07T05:06:51.025000Z,0.61,Sentinel-2 L2A via Microsoft Planetary Computer; SRTM 30m via OpenTopoData,False
neg-015,21.48016,80.252,0,1.3506,1.0112,1.3024,0.3013,310.0,1.287,0.1313,S2C_MSIL2A_20260507T050651_R019_T44QMJ_20260508T103604,2026-05-07T05:06:51.025000Z,0.85,Sentinel-2 L2A via Microsoft Planetary Computer; SRTM 30m via OpenTopoData,False
neg-016,22.24157,78.95893,0,1.4094,1.109,1.1568,0.1796,715.0,3.287,0.0727,S2C_MSIL2A_20260510T051651_R062_T44QKK_20260510T101919,2026-05-10T05:16:51.025000Z,0.11,Sentinel-2 L2A via Microsoft Planetary Computer; SRTM 30m via OpenTopoData,False
neg-017,21.37312,78.60338,0,1.247,0.9703,1.228,0.2714,411.0,2.049,0.1023,S2C_MSIL2A_20260619T051651_R062_T44QKJ_20260619T101809,2026-06-19T05:16:51.025000Z,1.0,Sentinel-2 L2A via Microsoft Planetary Computer; SRTM 30m via OpenTopoData,False
neg-018,21.58726,80.23166,0,1.5109,1.2366,1.2437,0.1701,305.0,1.384,0.1086,S2C_MSIL2A_20260507T050651_R019_T44QMJ_20260508T103604,2026-05-07T05:06:51.025000Z,0.85,Sentinel-2 L2A via Microsoft Planetary Computer; SRTM 30m via OpenTopoData,False
neg-019,20.96108,80.60672,0,1.4886,1.3345,1.2682,0.1523,373.0,1.885,0.1183,S2C_MSIL2A_20260507T050651_R019_T44QMJ_20260508T103604,2026-05-07T05:06:51.025000Z,0.85,Sentinel-2 L2A via Microsoft Planetary Computer; SRTM 30m via OpenTopoData,False
neg-020,21.74677,79.41473,0,1.3555,1.5113,1.2368,0.1778,407.0,2.572,0.1059,S2C_MSIL2A_20260407T050651_R019_T44QLK_20260407T103956,2026-04-07T05:06:51.025000Z,0.08,Sentinel-2 L2A via Microsoft Planetary Computer; SRTM 30m via OpenTopoData,False
neg-021,20.95393,80.50238,0,1.4797,1.3278,1.3805,0.2348,397.0,4.37,0.1598,S2C_MSIL2A_20260507T050651_R019_T44QMJ_20260508T103604,2026-05-07T05:06:51.025000Z,0.85,Sentinel-2 L2A via Microsoft Planetary Computer; SRTM 30m via OpenTopoData,False
neg-022,20.62933,79.71385,0,1.3676,1.3601,1.2573,0.1951,250.0,0.643,0.114,S2C_MSIL2A_20260407T050651_R019_T44QLH_20260407T103956,2026-04-07T05:06:51.025000Z,0.0,Sentinel-2 L2A via Microsoft Planetary Computer; SRTM 30m via OpenTopoData,False
neg-023,20.51786,79.08813,0,1.4285,1.1854,1.1971,0.1043,233.0,0.687,0.0897,S2C_MSIL2A_20260407T050651_R019_T44QLH_20260407T103956,2026-04-07T05:06:51.025000Z,0.0,Sentinel-2 L2A via Microsoft Planetary Computer; SRTM 30m via OpenTopoData,False
neg-024,21.26539,79.92259,0,1.4353,1.2047,1.3366,0.2345,405.0,17.346,0.1441,S2C_MSIL2A_20260407T050651_R019_T44QLJ_20260407T103956,2026-04-07T05:06:51.025000Z,0.0,Sentinel-2 L2A via Microsoft Planetary Computer; SRTM 30m via OpenTopoData,False
neg-025,21.94287,78.93232,0,1.497,1.1055,1.2962,0.2071,629.0,1.891,0.129,S2C_MSIL2A_20260510T051651_R062_T44QKK_20260510T101919,2026-05-10T05:16:51.025000Z,0.11,Sentinel-2 L2A via Microsoft Planetary Computer; SRTM 30m via OpenTopoData,False
neg-026,20.59976,80.46493,0,1.3061,1.1594,1.2814,0.2389,335.0,8.854,0.1233,S2C_MSIL2A_20260507T050651_R019_T44QMH_20260508T103604,2026-05-07T05:06:51.025000Z,0.61,Sentinel-2 L2A via Microsoft Planetary Computer; SRTM 30m via OpenTopoData,False
neg-027,20.94646,79.90256,0,1.307,1.2157,1.2782,0.1864,245.0,2.066,0.1221,S2C_MSIL2A_20260407T050651_R019_T44QLJ_20260407T103956,2026-04-07T05:06:51.025000Z,0.0,Sentinel-2 L2A via Microsoft Planetary Computer; SRTM 30m via OpenTopoData,False
neg-028,22.42547,79.96364,0,1.5651,1.171,1.3115,0.1177,475.0,2.051,0.1348,S2C_MSIL2A_20260407T050651_R019_T44QLK_20260407T103956,2026-04-07T05:06:51.025000Z,0.08,Sentinel-2 L2A via Microsoft Planetary Computer; SRTM 30m via OpenTopoData,False
neg-029,22.43017,79.08314,0,1.5258,1.2097,1.2145,0.1024,704.0,5.28,0.0969,S2C_MSIL2A_20260510T051651_R062_T44QLK_20260510T101919,2026-05-10T05:16:51.025000Z,0.21,Sentinel-2 L2A via Microsoft Planetary Computer; SRTM 30m via OpenTopoData,False
neg-030,20.9753,78.84249,0,1.269,1.1346,1.1551,0.1234,336.0,1.929,0.072,S2C_MSIL2A_20260619T051651_R062_T44QKJ_20260619T101809,2026-06-19T05:16:51.025000Z,1.0,Sentinel-2 L2A via Microsoft Planetary Computer; SRTM 30m via OpenTopoData,False
neg-031,20.94044,80.19401,0,1.4371,1.2676,1.337,0.2124,386.0,12.913,0.1442,S2C_MSIL2A_20260507T050651_R019_T44QMJ_20260508T103604,2026-05-07T05:06:51.025000Z,0.85,Sentinel-2 L2A via Microsoft Planetary Computer; SRTM 30m via OpenTopoData,False
neg-032,21.37122,80.13044,0,1.3227,1.0314,1.3388,0.3437,338.0,0.691,0.1449,S2C_MSIL2A_20260507T050651_R019_T44QMJ_20260508T103604,2026-05-07T05:06:51.025000Z,0.85,Sentinel-2 L2A via Microsoft Planetary Computer; SRTM 30m via OpenTopoData,False
neg-033,22.42736,78.81394,0,1.2279,0.9011,1.3793,0.4054,791.0,3.916,0.1594,S2C_MSIL2A_20260510T051651_R062_T44QKK_20260510T101919,2026-05-10T05:16:51.025000Z,0.11,Sentinel-2 L2A via Microsoft Planetary Computer; SRTM 30m via OpenTopoData,False
neg-034,22.15788,78.98015,0,1.4551,1.0624,1.2157,0.1558,688.0,2.05,0.0973,S2C_MSIL2A_20260510T051651_R062_T44QKK_20260510T101919,2026-05-10T05:16:51.025000Z,0.11,Sentinel-2 L2A via Microsoft Planetary Computer; SRTM 30m via OpenTopoData,False
neg-035,20.56187,80.18794,0,1.2243,1.0322,1.4021,0.3267,247.0,2.662,0.1674,S2C_MSIL2A_20260507T050651_R019_T44QMH_20260508T103604,2026-05-07T05:06:51.025000Z,0.61,Sentinel-2 L2A via Microsoft Planetary Computer; SRTM 30m via OpenTopoData,False
neg-036,21.1372,79.92627,0,1.4209,1.1371,1.2545,0.1655,261.0,0.943,0.1129,S2C_MSIL2A_20260407T050651_R019_T44QLJ_20260407T103956,2026-04-07T05:06:51.025000Z,0.0,Sentinel-2 L2A via Microsoft Planetary Computer; SRTM 30m via OpenTopoData,False
neg-037,21.49036,78.54013,0,1.2606,1.013,1.1523,0.1544,418.0,2.919,0.0707,S2C_MSIL2A_20260619T051651_R062_T44QKJ_20260619T101809,2026-06-19T05:16:51.025000Z,1.0,Sentinel-2 L2A via Microsoft Planetary Computer; SRTM 30m via OpenTopoData,False
neg-038,21.0182,78.75139,0,1.2947,1.1525,1.1766,0.1272,338.0,1.885,0.0811,S2C_MSIL2A_20260619T051651_R062_T44QKJ_20260619T101809,2026-06-19T05:16:51.025000Z,1.0,Sentinel-2 L2A via Microsoft Planetary Computer; SRTM 30m via OpenTopoData,False
neg-039,21.63261,80.48778,0,1.1938,0.9277,1.4199,0.342,436.0,10.716,0.1735,S2C_MSIL2A_20260616T050651_R019_T44QMK_20260616T100816,2026-06-16T05:06:51.025000Z,0.88,Sentinel-2 L2A via Microsoft Planetary Computer; SRTM 30m via OpenTopoData,False
neg-040,20.78183,80.63901,0,1.4636,1.2967,1.1938,0.1438,347.0,1.519,0.0883,S2C_MSIL2A_20260507T050651_R019_T44QMJ_20260508T103604,2026-05-07T05:06:51.025000Z,0.85,Sentinel-2 L2A via Microsoft Planetary Computer; SRTM 30m via OpenTopoData,False
